{
    "question": "Danielle is looking at the price of new cell phones online. Her favorite company, OrangeTech, has a special this weekend. Danielle can add an upgrade to a phone for an additional cost, or she can buy a used phone to get a discount. The change in price for each option is shown in the table. Which option results in a greater change in price?",
    "choices": [
        "adding an upgrade",
        "buying a used phone"
    ],
    "answer": "buying a used phone",
    "unit": null,
    "table_title": null,
    "table": "Option | Change in phone price\nAdd an upgrade | $60\nBuy a used phone | -$75",
    "table_for_pd": {
        "Option": [
            "Add an upgrade",
            "Buy a used phone"
        ],
        "Change in phone price": [
            "$60",
            "-$75"
        ]
    },
    "row_num": 3,
    "column_num": 2,
    "solution": "To find the option that results in a greater change in price, use absolute value. Absolute value tells you how much the price changes.\nAdd an upgrade: |$60| = $60\nBuy a used phone: |-$75| = $75\nBuying a used phone results in a greater change in price. It reduces the price by $75.",
    "ques_type": "multi_choice",
    "ans_type": "other_text",
    "grade": 6,
    "split": "test"
}