{
    "id": 5458,
    "subject": "如图,BP平分∠ABC交CD于点F,DP平分∠ADC交AB于点E,若∠A=40°,∠P=38°,则∠C的度数为()",
    "eng_subject": "As shown in the figure, BP bisects ∠ABC and it intersects CD at point F, DP bisects ∠ADC and it intersects AB at point E, if ∠A = 40.0, ∠P = 38.0, then the degree of ∠C is ()",
    "unanswerable_subject": "如图,BP平分∠ABC交CD于点F,DP平分∠ADC交AB于点E,若∠A=40°,则∠C的度数为()",
    "unanswerable_eng_subject": "As shown in the figure, BP bisects ∠ABC and it intersects CD at point F, DP bisects ∠ADC and it intersects AB at point E, if ∠A = 40.0, then the degree of ∠C is ()",
    "choices": [
        "36°",
        "39°",
        "38°",
        "40°"
    ],
    "label": 0,
    "formal_point": [
        "角平分线",
        "三角形内角和"
    ],
    "answer": "【解答】解:∵BP平分∠ABC,DP平分∠ADC,∴∠ADP=∠PDF,∠CBP=∠PBA,∵∠A+∠ADP=∠P+∠ABP,∠C+∠CBP=∠P+∠PDF,∴∠A+∠C=2∠P,∵∠A=40°,∠P=38°,∴∠C=2×38°-40°=36°,",
    "numbers": [
        40.0,
        38.0
    ]
}