{
    "id": 2738,
    "subject": "如图:在Rt△ABC中,∠C=90°,AC=8,AB=10,则sinB的值等于()",
    "eng_subject": "As shown in the figure: In Rt△ABC, ∠C = 90.0, AC = 8.0, AB = 10.0, then the value of sinB is equal to ()",
    "unanswerable_subject": "如图:在Rt△ABC中,∠C=90°,AC=8,则sinB的值等于()",
    "unanswerable_eng_subject": "As shown in the figure: In Rt△ABC, ∠C = 90.0, AC = 8.0, then the value of sinB is equal to ()",
    "choices": [
        "\\frac{3}{5}",
        "\\frac{4}{5}",
        "\\frac{3}{4}",
        "\\frac{4}{3}"
    ],
    "label": 1,
    "formal_point": [
        "三角函数"
    ],
    "answer": "解:sinB=\\frac{AC}{AB}=\\frac{4}{5}．\n故选:B．",
    "numbers": [
        90.0,
        8.0,
        10.0
    ]
}