{
    "question": "Colin has $1.50. Does he have enough to buy a rubber duck and a tiny doll?",
    "choices": [
        "yes",
        "no"
    ],
    "answer": "yes",
    "unit": null,
    "table_title": null,
    "table": "plastic horse | $0.98\ngreen bouncy ball | $0.21\nrubber duck | $0.76\nsmall teddy bear | $0.56\ntiny doll | $0.51",
    "table_for_pd": {
        "Column 1": [
            "plastic horse",
            "green bouncy ball",
            "rubber duck",
            "small teddy bear",
            "tiny doll"
        ],
        "Column 2": [
            "$0.98",
            "$0.21",
            "$0.76",
            "$0.56",
            "$0.51"
        ]
    },
    "row_num": 5,
    "column_num": 2,
    "solution": "Add the price of a rubber duck and the price of a tiny doll:\n\n$0.76 + $0.51 = $1.27\n\n$1.27 is less than $1.50. Colin does have enough money.",
    "ques_type": "multi_choice",
    "ans_type": "boolean_text",
    "grade": 8,
    "split": "test"
}