{
    "question": "Kyle has $41.00. Does he have enough to buy a chocolate cake and a key lime pie?",
    "choices": [
        "yes",
        "no"
    ],
    "answer": "yes",
    "unit": null,
    "table_title": null,
    "table": "chocolate cheesecake | $17.00\napple pie | $10.00\napple tart | $18.00\nkey lime pie | $11.00\nchocolate cake | $30.00\nbirthday cake | $19.00",
    "table_for_pd": {
        "Column 1": [
            "chocolate cheesecake",
            "apple pie",
            "apple tart",
            "key lime pie",
            "chocolate cake",
            "birthday cake"
        ],
        "Column 2": [
            "$17.00",
            "$10.00",
            "$18.00",
            "$11.00",
            "$30.00",
            "$19.00"
        ]
    },
    "row_num": 6,
    "column_num": 2,
    "solution": "Add the price of a chocolate cake and the price of a key lime pie:\n\n$30.00 + $11.00 = $41.00\n\nSince Kyle has $41.00, he has just enough money.",
    "ques_type": "multi_choice",
    "ans_type": "boolean_text",
    "grade": 3,
    "split": "test"
}