{
    "id": 9415,
    "subject": "如图,▱ABCD的周长为10cm,AC、BD相交于点O,OE⊥AC交AD于E,则△DCE的周长为()",
    "eng_subject": "As shown in the figure, the perimeter of ▱ABCD is 10.0, AC and BD intersect at point O, and OE ⊥ AC and it intersects AD at E, then the perimeter of △DCE is ()",
    "unanswerable_subject": "如图,ABCD的周长为10cm,AC、BD相交于点O,OE⊥AC交AD于E,则△DCE的周长为()",
    "unanswerable_eng_subject": "As shown in the figure, the perimeter of ABCD is 10.0, AC and BD intersect at point O, and OE ⊥ AC and it intersects AD at E, then the perimeter of △DCE is ()",
    "choices": [
        "4cm",
        "6cm",
        "8cm",
        "5cm"
    ],
    "label": 3,
    "formal_point": [
        "平行四边形",
        "垂直平分线"
    ],
    "answer": "解:∵▱ABCD的周长为10cm,∴AD+DC=5cm,∵四边形ABCD是平行四边形,∴AO=CO,∵OE⊥AC交AD于E,∴AE=EC,∴EC+ED+CD=5cm,故选:D．",
    "numbers": [
        10.0
    ]
}