{
    "id": 3171,
    "subject": "如图,A、B、C三点都在⊙O上,∠ABO=50°,则∠ACB=()",
    "eng_subject": "As shown in the figure, the three points A, B, and C are on ⊙O, ∠ABO = 50.0, then ∠ACB = ()",
    "unanswerable_subject": "如图,A、B两点都在⊙O上,∠ABO=50°,则∠ACB=()",
    "unanswerable_eng_subject": "As shown in the figure, the two points A and B are on ⊙O, ∠ABO = 50.0, then ∠ACB = ()",
    "choices": [
        "50°",
        "40°",
        "30°",
        "25°"
    ],
    "label": 1,
    "formal_point": [
        "圆周角",
        "等腰三角形"
    ],
    "answer": "解:∵OA=OB∴∠OAB=∠OBA=50°∴∠AOB=80°∴∠ACB=40°．\n故选:B．",
    "numbers": [
        50.0
    ]
}