{
    "question": "Brett has $110.00. Does he have enough to buy a crystal sculpture and a rug?",
    "choices": [
        "yes",
        "no"
    ],
    "answer": "no",
    "unit": null,
    "table_title": null,
    "table": "rug | $30.93\ncrystal vase | $82.99\nsilver coat rack | $53.99\nchandelier | $84.09\ncrystal sculpture | $84.29",
    "table_for_pd": {
        "Column 1": [
            "rug",
            "crystal vase",
            "silver coat rack",
            "chandelier",
            "crystal sculpture"
        ],
        "Column 2": [
            "$30.93",
            "$82.99",
            "$53.99",
            "$84.09",
            "$84.29"
        ]
    },
    "row_num": 5,
    "column_num": 2,
    "solution": "Add the price of a crystal sculpture and the price of a rug:\n\n$84.29 + $30.93 = $115.22\n\n$115.22 is more than $110.00. Brett does not have enough money.",
    "ques_type": "multi_choice",
    "ans_type": "boolean_text",
    "grade": 8,
    "split": "test"
}