{
    "id": 5827,
    "subject": "如图,在等边△ABC中,BD平分∠ABC交AC于点D,过点D作DE⊥BC于点E,且CE=1.5,则AB的长为()",
    "eng_subject": "As shown in the figure, in the equilateral △ABC, BD bisects ∠ABC and it intersects AC at point D, and cross D to draw DE ⊥ BC at point E, and CE = 1.5, then the length of AB is ()",
    "unanswerable_subject": "如图,在△ABC中,BD平分∠ABC交AC于点D,过点D作DE⊥BC于点E,且CE=1.5,则AB的长为()",
    "unanswerable_eng_subject": "As shown in the figure, in △ABC, BD bisects ∠ABC and it intersects AC at point D, and cross D to draw DE ⊥ BC at point E, and CE = 1.5, then the length of AB is ()",
    "choices": [
        "3",
        "4.5",
        "6",
        "7.5"
    ],
    "label": 2,
    "formal_point": [
        "角平分线",
        "等边三角形",
        "直角三角形"
    ],
    "answer": "解:∵△ABC是等边三角形,∴∠ABC=∠C=60°,AB=BC=AC,∵DE⊥BC,∴∠CDE=30°,∵EC=1.5,∴CD=2EC=3,∵BD平分∠ABC交AC于点D,∴AD=CD=3,∴AB=AC=AD+CD=6．故选:C．",
    "numbers": [
        1.5
    ]
}