{
    "id": 9620,
    "subject": "如图,BD是⊙O的直径,点A、C在⊙O上,且BD⊥AC,若⁀{AB}的度数为60°,则∠BDC的度数是()",
    "eng_subject": "As shown in the figure, BD is the diameter of ⊙O, points A and C are on ⊙O, and BD ⊥ AC, if the degree of ⁀AB is 60.0, then the degree of ∠BDC is ()",
    "unanswerable_subject": "如图,BD是⊙O的直径,点A在⊙O上,且BD⊥AC,若⁀{AB}的度数为60°,则∠BDC的度数是()",
    "unanswerable_eng_subject": "As shown in the figure, BD is the diameter of ⊙O, point A is on ⊙O, and BD ⊥ AC, if the degree of ⁀AB is 60.0, then the degree of ∠BDC is ()",
    "choices": [
        "60°",
        "30°",
        "35°",
        "45°"
    ],
    "label": 1,
    "formal_point": [
        "圆周角",
        "垂径定理",
        "圆心角"
    ],
    "answer": "解:连接OC,∵BD是⊙O的直径,BD⊥AC,∴⁀{AB}=⁀{BC},∴∠BOC=∠AOB=60°,∴∠BDC=\\frac{1}{2}∠BOC=30°,故选:B．",
    "numbers": [
        60.0
    ]
}