{
    "id": 1657,
    "subject": "如图,圆O是△ABC的外接圆,∠BAC与∠ABC的平分线相交于点I,延长AI交圆O于点D,连结BD、DC．若圆O的半径为8,∠BAC=120°,则DI的长度为()",
    "eng_subject": "As shown in the figure, the circle O is the circumscribed circle of △ABC, and the bisector of ∠BAC and ∠ABC intersects at point I. Extend AI and it intersects circle O at point D. Connect BD and DC. If the radius of circle O is 8.0, ∠BAC = 120.0, then the length of DI is ()",
    "unanswerable_subject": "如图,圆O是△ABC的外接圆,∠BAC与∠ABC的平分线相交于点I,延长AI交圆O于点D,连结BD、DC．若圆O的半径为8,则DI的长度为()",
    "unanswerable_eng_subject": "As shown in the figure, the circle O is the circumscribed circle of △ABC, and the bisector of ∠BAC and ∠ABC intersects at point I. Extend AI and it intersects circle O at point D. Connect BD and DC. If the radius of circle O is 8.0, then the length of DI is ()",
    "choices": [
        "4√{3}+2",
        "4√{3}+3",
        "8√{3}+1",
        "8√{3}"
    ],
    "label": 3,
    "formal_point": [
        "角平分线",
        "外接圆",
        "三角形的外接圆与外心",
        "圆周角"
    ],
    "answer": "解:∵AI平分∠BAC,∴∠BAD=∠DAC,∴⁀{BD}=⁀{CD},∴BD=DC．∵BI平分∠ABC,∴∠ABI=∠CBI．∵∠BAD=∠DAC,∠DBC=∠DAC,∴∠BAD=∠DBC．\n又∵∠DBI=∠DBC+∠CBI,∠DIB=∠ABI+∠BAD,∴∠DBI=∠DIB,∴△BDI为等腰三角形,∴BD=ID,∴BD=DC=DI．∵∠BAC=120°,△ABC为钝角三角形,∴圆心O在△ABC外．\n连接OB、OD、OC．∵BD=CD,∴⁀{BD}=⁀{CD},∴∠DOC=∠BOD=2∠BAD=120°,∴∠DBC=∠DCB=60°,∴△BDC为正三角形．\n延长CO交BD于点E,则OE⊥BD,∴BE=\\frac{1}{2}BD,\n又∵OB=18,∴BD=2OB\\cos30°=2×8×\\frac{√{3}}{2}=√{3}8,∴DI=BD=8√{3},\n故选:D．",
    "numbers": [
        8.0,
        120.0
    ]
}