{
    "id": 3385,
    "subject": "如图,在⊙O中,CD是直径,点A,点B在⊙O上,连接OA、OB、AC、AB,若∠AOB=40°,CD∥AB,则∠BAC的大小为()",
    "eng_subject": "As shown in the figure, in ⊙O, CD is the diameter, point A, point B on ⊙O, connect OA, OB, AC, AB, if ∠AOB = 40.0, CD ∥ AB, then the size of ∠BAC is ()",
    "unanswerable_subject": "如图,在⊙O中,CD是直径,点A,点B在⊙O上,连接OA、OB、AC、AB,若∠AOB=40°,则∠BAC的大小为()",
    "unanswerable_eng_subject": "As shown in the figure, in ⊙O, CD is the diameter, point A, point B on ⊙O, connect OA, OB, AC, AB, if ∠AOB = 40.0, then the size of ∠BAC is ()",
    "choices": [
        "30°",
        "35°",
        "40°",
        "70°"
    ],
    "label": 1,
    "formal_point": [
        "圆周角",
        "等腰三角形"
    ],
    "answer": "解:∵OA=OB,∴∠OAB=∠OBA=\\frac{180^{°}-∠AOB}{2}=\\frac{180^{°}-40^{°}}{2}=70°,\n又∵CD∥AB,∴∠COB=∠OBA=70°,∴∠BAC=\\frac{1}{2}∠COB=35°．\n故选:B．",
    "numbers": [
        40.0
    ]
}