{
    "question": "Shane has $16.00. Does he have enough to buy a navy blue bath mat and a pillow?",
    "choices": [
        "yes",
        "no"
    ],
    "answer": "no",
    "unit": null,
    "table_title": null,
    "table": "pillow | $6.89\ngreen kitchen towel | $2.44\nbeach towel | $9.18\nnavy blue bath mat | $9.59\nred pillowcase | $2.08\nwhite washcloth | $1.11",
    "table_for_pd": {
        "Column 1": [
            "pillow",
            "green kitchen towel",
            "beach towel",
            "navy blue bath mat",
            "red pillowcase",
            "white washcloth"
        ],
        "Column 2": [
            "$6.89",
            "$2.44",
            "$9.18",
            "$9.59",
            "$2.08",
            "$1.11"
        ]
    },
    "row_num": 6,
    "column_num": 2,
    "solution": "Add the price of a navy blue bath mat and the price of a pillow:\n\n$9.59 + $6.89 = $16.48\n\n$16.48 is more than $16.00. Shane does not have enough money.",
    "ques_type": "multi_choice",
    "ans_type": "boolean_text",
    "grade": 7,
    "split": "test"
}