{
    "id": 3746,
    "subject": "如图,△ABC是⊙O的内接三角形,∠C=30°,⊙O的半径为5,若点P是⊙O上的一点,在△ABP中,PB=AB,则PA的长为()",
    "eng_subject": "As shown in the figure, △ABC is the inscribed triangle of ⊙O, ∠C = 30.0, the radius of ⊙O is 5.0, if point P is a point on ⊙O, in △ABP, PB = AB, then the length of PA is ( )",
    "unanswerable_subject": "如图,△ABC是⊙O的内接三角形,∠C=30°,⊙O的半径为5,若点P是⊙O上的一点,在△ABP中,则PA的长为()",
    "unanswerable_eng_subject": "As shown in the figure, △ABC is the inscribed triangle of ⊙O, ∠C = 30.0, the radius of ⊙O is 5.0, if point P is a point on ⊙O, in △ABP, then the length of PA is ( )",
    "choices": [
        "5",
        "\\frac{5√{3}}{2}",
        "5√{2}",
        "5√{3}"
    ],
    "label": 3,
    "formal_point": [
        "圆周角",
        "直角三角形",
        "外接圆",
        "三角形的外接圆与外心",
        "垂径定理",
        "等边三角形",
        "等腰三角形"
    ],
    "answer": "解:连接OA、OB、OP,∵∠C=30°,∴∠APB=∠C=30°,∵PB=AB,∴∠PAB=∠APB=30°∴∠ABP=120°,∵PB=AB,∴OB⊥AP,AD=PD,∴∠OBP=∠OBA=60°,∵OB=OA,∴△AOB是等边三角形,∴AB=OA=5,\n则Rt△PBD中,PD=\\cos30°•PB=\\frac{√{3}}{2}×5=\\frac{5√{3}}{2},∴AP=2PD=5√{3},\n故选:D．",
    "numbers": [
        30.0,
        5.0
    ]
}