{
    "id": 7807,
    "subject": "如图,在△ABC中,若DE∥BC,\\frac{AD}{AB}=\\frac{1}{3},DE=4cm,则BC的长为()",
    "eng_subject": "As shown in the figure, in △ABC, if DE ∥ BC, \\frac{AD}{AB}=\\frac{1.0}{3.0}, DE = 4.0, then the length of BC is ()",
    "unanswerable_subject": "如图,在△ABC中,若\\frac{AD}{AB}=\\frac{1}{3},DE=4cm,则BC的长为()",
    "unanswerable_eng_subject": "As shown in the figure, in △ABC, if \\frac{AD}{AB}=\\frac{1.0}{3.0}, DE = 4.0, then the length of BC is ()",
    "choices": [
        "8cm",
        "10cm",
        "12cm",
        "11cm"
    ],
    "label": 2,
    "formal_point": [
        "相似三角形",
        "平行线",
        "平行线分线段成比例"
    ],
    "answer": "解:∵DE∥BC,∴△ADE∽△ABC,∴\\frac{AD}{AB}=\\frac{DE}{BC},∴\\frac{4}{BC}=\\frac{1}{3},∴BC=12．故选:C．",
    "numbers": [
        1.0,
        3.0,
        4.0
    ]
}