{
    "id": 472,
    "subject": "如图,点B,E,C,F在同一条直线上,△ABC≌△DEF,∠B=45°,∠F=65°,则∠COE的度数为()",
    "eng_subject": "As shown in the figure, the points B, E, C, and F are on the same straight line, △ABC ≌ △DEF, ∠B = 45.0, ∠F = 65.0, then the degree of ∠COE is ()",
    "unanswerable_subject": "如图,点B,E,C,F在同一条直线上,△ABC≌△DEF,∠B=45°,则∠COE的度数为()",
    "unanswerable_eng_subject": "As shown in the figure, the points B, E, C, and F are on the same straight line, △ABC ≌ △DEF, ∠B = 45.0, then the degree of ∠COE is ()",
    "choices": [
        "40°",
        "60°",
        "70°",
        "100°"
    ],
    "label": 2,
    "formal_point": [],
    "answer": "∵△ABC≌△DEF,∠B=45°∠F=65°∴∠DEF=∠B=45°,∠ACB=∠F=65°在△OEC中,∠COE=180°-∠DEF-∠ACB=180^{°}-45^{°}-65^{°}=70°故选C.",
    "numbers": [
        45.0,
        65.0
    ]
}