{
    "id": 4990,
    "subject": "如图,已知直线a∥b∥c,直线d与它们分别垂直且相交于A,B,C三点,若AB=3,AC=8,则平行线b,c之间的距离是()",
    "eng_subject": "As shown in the figure, it is known that the straight line a ∥ b ∥ c and the straight line d are perpendicular to them and intersect at the three points A, B and C. If AB = 3.0 and AC = 8.0, the distance between the parallel lines b and c is ( )",
    "unanswerable_subject": "如图,已知直线a∥b∥c,直线d与它们分别垂直且相交于A,B,C三点,若AB=3,则平行线b,c之间的距离是()",
    "unanswerable_eng_subject": "As shown in the figure, it is known that the straight line a ∥ b ∥ c and the straight line d are perpendicular to them and intersect at the three points A, B and C. If AB = 3.0, the distance between the parallel lines b and c is ( )",
    "choices": [
        "3",
        "5",
        "8",
        "11"
    ],
    "label": 1,
    "formal_point": [
        "垂线",
        "平行线",
        "距离"
    ],
    "answer": "【解答】解:∵直线a∥b∥c,直线d与它们分别垂直且相交于A,B,C三点,∴AB长为直线a和b之间的距离,BC长为直线b和c之间的距离,AC长为直线a和c之间的距离,又∵AB=3,AC=8,∴BC=8-3=5,即直线b与直线c之间的距离为5．",
    "numbers": [
        3.0,
        8.0
    ]
}