{
    "question": "A stock broker followed the stock prices of a certain set of companies. Which company's stock cost less on Monday, Jonas Incorporated or Watson and Partners?",
    "choices": [
        "Watson and Partners",
        "Jonas Incorporated"
    ],
    "answer": "Jonas Incorporated",
    "unit": null,
    "table_title": "Stock prices",
    "table": "Company | Monday | Tuesday\nJonas Incorporated | $5 | $8\nHouston Sporting Goods | $4 | $4\nWatson and Partners | $15 | $8",
    "table_for_pd": {
        "Company": [
            "Jonas Incorporated",
            "Houston Sporting Goods",
            "Watson and Partners"
        ],
        "Monday": [
            "$5",
            "$4",
            "$15"
        ],
        "Tuesday": [
            "$8",
            "$4",
            "$8"
        ]
    },
    "row_num": 4,
    "column_num": 3,
    "solution": "Find the Monday column. Compare the numbers in this column for Jonas Incorporated and Watson and Partners.\n\n$5.00 is less than $15.00. On Monday, Jonas Incorporated's stock cost less.",
    "ques_type": "multi_choice",
    "ans_type": "extractive_text",
    "grade": 4,
    "split": "test"
}