{
    "id": 1019,
    "subject": "如图,已知AD与BC相交于点O,AB∥CD,如果∠B=40°,∠D=30°,则∠AOC的大小为()",
    "eng_subject": "As shown in the figure, it is known that AD and BC intersect at point O, AB ∥ CD, if ∠B = 40.0, ∠D = 30.0, then the size of ∠AOC is ()",
    "unanswerable_subject": "如图,已知AD与BC相交于点O,AB∥CD,如果∠B=40°,则∠AOC的大小为()",
    "unanswerable_eng_subject": "As shown in the figure, it is known that AD and BC intersect at point O, AB ∥ CD, if ∠B = 40.0, then the size of ∠AOC is ()",
    "choices": [
        "60°",
        "70°",
        "80°",
        "120°"
    ],
    "label": 1,
    "formal_point": [
        "三角形的外角",
        "内错角"
    ],
    "answer": "∵AB//CD,∴∠A=∠D=30°由三角形的外角的性质得∠AOC=∠A+∠B=70°故选:B.",
    "numbers": [
        40.0,
        30.0
    ]
}