{
    "id": 30,
    "subject": "如图,直线a∥b,点B在直线b上,且AB⊥BC,∠2=65°,则∠1的度数为()",
    "eng_subject": "As shown in the figure, the straight line a ∥ b, the point B is on the straight line b, and AB ⊥ BC, ∠2 = 65.0, then the degree of ∠1 is ()",
    "unanswerable_subject": "如图,点B在直线b上,且AB⊥BC,∠2=65°,则∠1的度数为()",
    "unanswerable_eng_subject": "As shown in the figure, the point B is on the straight line b, and AB ⊥ BC, ∠2 = 65.0, then the degree of ∠1 is ()",
    "choices": [
        "65°",
        "25°",
        "35°",
        "45°"
    ],
    "label": 1,
    "formal_point": [
        "平行线"
    ],
    "answer": "试题分析:直线a//b,可得∠3=∠2=65°,根据AB⊥BC,可得∠1=25°.",
    "numbers": [
        65.0
    ]
}