{
    "id": 1167,
    "subject": "已知:如图,AB∥CD,BC平分∠ABD,且∠C=40°,则∠D的度数是()",
    "eng_subject": "Known: As shown in the figure, AB ∥ CD, BC bisects ∠ABD, and ∠C = 40.0, then the degree of ∠D is ()",
    "unanswerable_subject": "已知:如图,AB∥CD,且∠C=40°,则∠D的度数是()",
    "unanswerable_eng_subject": "Known: As shown in the figure, AB ∥ CD, and ∠C = 40.0, then the degree of ∠D is ()",
    "choices": [
        "40°",
        "80°",
        "90°",
        "100°"
    ],
    "label": 3,
    "formal_point": [
        "平行线",
        "内错角"
    ],
    "answer": "∵AB∥CD∴∠ABC=∠C=40°又∵BC平分∠ABD,∴∠DBC=∠ABC=40°∴△BCD中,∠D=180°-40°-40°=100°,故选D.",
    "numbers": [
        40.0
    ]
}