{
    "id": 6839,
    "subject": "为了测量两岸平行的河宽AB,测得∠ACB=30°,∠ADB=60°,CD=60m,则河宽AB为()",
    "eng_subject": "In order to measure the width of parallel river AB, ∠ACB = 30.0, ∠ADB = 60.0, CD = 60.0, then the width of the river AB is ()",
    "unanswerable_subject": "为了测量两岸平行的河宽AB,测得∠ACB=30°,CD=60m,则河宽AB为()",
    "unanswerable_eng_subject": "In order to measure the width of parallel river AB, ∠ACB = 30.0, CD = 60.0, then the width of the river AB is ()",
    "choices": [
        "30m",
        "30√{3}m",
        "(30√{3}+30)m",
        "(30√{3}-30)m"
    ],
    "label": 1,
    "formal_point": [
        "三角函数",
        "方向角",
        "等腰三角形",
        "直角三角形"
    ],
    "answer": "解:∵∠ACB=30°,∠ADB=60°,∴∠CAD=30°,∴AD=CD=60m,在Rt△ABD中,AB=AD•sin∠ADB=60$×\\frac{√{3}}{2}=$30$√{3}$(m)．故选:B．",
    "numbers": [
        30.0,
        60.0,
        60.0
    ]
}