{
    "id": 4614,
    "subject": "如图,D,E为△ABC的边AB,AC上的点,DE∥BC,若AD:DB=1:3,AE=2,则AC的长是()",
    "eng_subject": "As shown in the figure, D and E are the points on the edges AB and AC of △ABC, DE ∥ BC, if AD:DB=1.0:3.0, AE = 2.0, then the length of AC is ()",
    "unanswerable_subject": "如图,D,E为△ABC的边AB,AC上的点,若AD:DB=1:3,AE=2,则AC的长是()",
    "unanswerable_eng_subject": "As shown in the figure, D and E are the points on the edges AB and AC of △ABC, if AD:DB=1.0:3.0, AE = 2.0, then the length of AC is ()",
    "choices": [
        "10",
        "8",
        "6",
        "4"
    ],
    "label": 1,
    "formal_point": [
        "平行线",
        "平行线分线段成比例"
    ],
    "answer": "解:∵DE∥BC,∴\\frac{AE}{AC}=\\frac{AD}{AB}=\\frac{1}{3+1}=\\frac{1}{4}．∵AE=2,∴AC=8故选:B．",
    "numbers": [
        1.0,
        3.0,
        2.0
    ]
}