{
    "id": 1981,
    "subject": "如图,在⊙O中,弦AC和BD相交于点E,⁀{AB}=⁀{BC}=⁀{CD},若∠BEC=110°,则∠BDC=()",
    "eng_subject": "As shown in the figure, in ⊙O, chord AC and BD intersect at point E, ⁀AB = ⁀BC = ⁀CD, if ∠BEC = 110.0, then ∠BDC = ()",
    "unanswerable_subject": "如图,在⊙O中,弦AC和BD相交于点E,⁀{AB}=⁀{BC},若∠BEC=110°,则∠BDC=()",
    "unanswerable_eng_subject": "As shown in the figure, in ⊙O, chord AC and BD intersect at point E, ⁀AB = ⁀BC, if ∠BEC = 110.0, then ∠BDC = ()",
    "choices": [
        "35°",
        "45°",
        "55°",
        "70°"
    ],
    "label": 0,
    "formal_point": [
        "三角形内角和",
        "圆周角",
        "圆心角"
    ],
    "answer": "解:∵⁀{AB}=⁀{BC}=⁀{CD},∴∠BDC=∠ACB=∠DBC,∵∠BEC=110°,∴∠ACB=∠DBC=35°．∴∠BDC=35°．故选:A．",
    "numbers": [
        110.0
    ]
}