{
    "question": "Hugo has $1,133. Does he have enough to buy a violin and a cello?",
    "choices": [
        "yes",
        "no"
    ],
    "answer": "no",
    "unit": null,
    "table_title": null,
    "table": "trumpet | $964\nguitar | $517\ncello | $739\nviolin | $421",
    "table_for_pd": {
        "Column 1": [
            "trumpet",
            "guitar",
            "cello",
            "violin"
        ],
        "Column 2": [
            "$964",
            "$517",
            "$739",
            "$421"
        ]
    },
    "row_num": 4,
    "column_num": 2,
    "solution": "Add the price of a violin and the price of a cello:\n\n$421 + $739 = $1,160\n\n$1,160 is more than $1,133. Hugo does not have enough money.",
    "ques_type": "multi_choice",
    "ans_type": "boolean_text",
    "grade": 4,
    "split": "test"
}