{
    "id": 1315,
    "subject": "如图,点A,B,C在⊙O上,∠AOB=72°,则∠ACB等于()",
    "eng_subject": "As shown in the figure, points A, B, and C are on ⊙O, ∠AOB = 72.0, then ∠ACB is equal to ()",
    "unanswerable_subject": "如图,点A,B在⊙O上,∠AOB=72°,则∠ACB等于()",
    "unanswerable_eng_subject": "As shown in the figure, points A, and B are on ⊙O, ∠AOB = 72.0, then ∠ACB is equal to ()",
    "choices": [
        "36°",
        "54°",
        "18°",
        "28°"
    ],
    "label": 0,
    "formal_point": [
        "圆周角"
    ],
    "answer": "根据圆周角定理可知,∠AOB=2∠ACB=72°,则∠ACB=36°,故选A.",
    "numbers": [
        72.0
    ]
}