{
    "id": 1073,
    "subject": "如图,将△ABC折叠,使点A与BC边中点D重合,折痕为MN,若AB=9,BC=6,则△DNB的周长为()",
    "eng_subject": "As shown in the figure, fold △ABC so that point A coincides with point D at BC, and the crease is MN. If AB = 9.0, BC = 6.0, then the perimeter of △DNB is ()",
    "unanswerable_subject": "如图,将△ABC折叠,使点A与BC边中点D重合,折痕为MN,若AB=9,则△DNB的周长为()",
    "unanswerable_eng_subject": "As shown in the figure, fold △ABC so that point A coincides with point D at BC, and the crease is MN. If AB = 9.0,  then the perimeter of △DNB is ()",
    "choices": [
        "12",
        "13",
        "14",
        "15"
    ],
    "label": 0,
    "formal_point": [
        "对称"
    ],
    "answer": "解:∵D是BC的中点,BC=6∴BD=3,由折叠的性质可知DN=AN,∴△DNB的周长=DN+BN+BD=AN+BN+BD=AB+BD=9+3=12.故选A.",
    "numbers": [
        9.0,
        6.0
    ]
}