{
    "id": 5576,
    "subject": "如图,在Rt△ABC中,∠C=90°,AB=10,AC=8,则sinB等于()",
    "eng_subject": "As shown in the figure, in Rt△ABC, ∠C = 90.0, AB = 10.0, AC = 8.0, then sinB is equal to ()",
    "unanswerable_subject": "如图,在Rt△ABC中,∠C=90°,AB=10,则sinB等于()",
    "unanswerable_eng_subject": "As shown in the figure, in Rt△ABC, ∠C = 90.0, AB = 10.0, then sinB is equal to ()",
    "choices": [
        "\\frac{4}{5}",
        "\\frac{3}{5}",
        "\\frac{3}{4}",
        "\\frac{4}{3}"
    ],
    "label": 0,
    "formal_point": [
        "三角函数"
    ],
    "answer": "解:如图,在Rt△ABC中,∠C=90°,AB=10,AC=8．所以sinB=\\frac{AC}{AB}=\\frac{8}{10}=\\frac{4}{5}．故选:A．",
    "numbers": [
        90.0,
        10.0,
        8.0
    ]
}