{
    "id": 1547,
    "subject": "如图,直线AD∥BC,若∠1=42°,∠BAC=78°,则∠2的度数为()",
    "eng_subject": "As shown in the figure, the straight line AD ∥ BC, if ∠1 = 42.0, ∠BAC = 78.0, then the degree of ∠2 is ()",
    "unanswerable_subject": "如图,直线AD∥BC,若∠1=42°,则∠2的度数为()",
    "unanswerable_eng_subject": "As shown in the figure, the straight line AD ∥ BC, if ∠1 = 42.0, then the degree of ∠2 is ()",
    "choices": [
        "42°",
        "50°",
        "60°",
        "68°"
    ],
    "label": 2,
    "formal_point": [
        "三角形内角和",
        "平行线"
    ],
    "answer": "∵∠1=42^{°},∠BAC=78°,∴∠ABC=180°-∠1-∠BAC=60°,又∵AD||BC,∴∠2=∠ABC=60°,故选C.",
    "numbers": [
        42.0,
        78.0
    ]
}