{
    "id": 3255,
    "subject": "若AB∥CD,∠C=60°,则∠A+∠E等于()",
    "eng_subject": "If AB ∥ CD, ∠C = 60.0, then ∠A + ∠E is equal to ()",
    "unanswerable_subject": "若∠C=60°,则∠A+∠E等于()",
    "unanswerable_eng_subject": "If ∠C = 60.0, then ∠A + ∠E is equal to ()",
    "choices": [
        "20°",
        "30°",
        "40°",
        "60°"
    ],
    "label": 3,
    "formal_point": [
        "三角形的外角",
        "同位角",
        "平行线"
    ],
    "answer": "解:∵AB∥CD,∴∠C=∠EFB=60°,∵∠EFB是△AEF的一个外角,∴∠EFB=∠A+∠E=60°．故选:D．",
    "numbers": [
        60.0
    ]
}