{
    "question": "Luca has $15,640. Does he have enough to buy a forklift and a bulldozer?",
    "choices": [
        "yes",
        "no"
    ],
    "answer": "no",
    "unit": null,
    "table_title": null,
    "table": "crane | $7,834\nbulldozer | $6,476\nrace car | $9,779\nforklift | $9,289",
    "table_for_pd": {
        "Column 1": [
            "crane",
            "bulldozer",
            "race car",
            "forklift"
        ],
        "Column 2": [
            "$7,834",
            "$6,476",
            "$9,779",
            "$9,289"
        ]
    },
    "row_num": 4,
    "column_num": 2,
    "solution": "Add the price of a forklift and the price of a bulldozer:\n\n$9,289 + $6,476 = $15,765\n\n$15,765 is more than $15,640. Luca does not have enough money.",
    "ques_type": "multi_choice",
    "ans_type": "boolean_text",
    "grade": 8,
    "split": "test"
}