{
    "id": 9481,
    "subject": "如图,AB是⊙O的弦,过点A作⊙O的切线AC．如果∠BAC=55°,那么∠AOB等于()",
    "eng_subject": "As shown in the figure, AB is the chord of ⊙O, passing point A to draw the tangent AC of ⊙O. If ∠BAC = 55.0, then ∠AOB is equal to ()",
    "unanswerable_subject": "如图,AB是⊙O的弦．如果∠BAC=55°,那么∠AOB等于()",
    "unanswerable_eng_subject": "As shown in the figure, AB is the chord of ⊙O. If ∠BAC = 55.0, then ∠AOB is equal to ()",
    "choices": [
        "55°",
        "90°",
        "110°",
        "120°"
    ],
    "label": 2,
    "formal_point": [
        "切线",
        "等腰三角形",
        "三角形内角和"
    ],
    "answer": "解:∵AC为圆O的切线,∴OA⊥AC,∴∠OAC=90°,∵∠BAC=55°,∴∠OAB=∠OAC-∠BAC=35°,∵OA=OB,∴∠OAB=∠OBA=35°,则∠AOB=180°-2×35°=110°．故选:C．",
    "numbers": [
        55.0
    ]
}