{
    "question": "A fan carefully recorded the number of goals and misses made by different soccer players. Which player had the fewest misses?",
    "choices": [
        "center midfielder",
        "striker",
        "right forward",
        "right midfielder"
    ],
    "answer": "center midfielder",
    "unit": null,
    "table_title": "Soccer shots this season",
    "table": "Player | Misses | Goals\nStriker | 13 | 15\nRight midfielder | 5 | 9\nRight forward | 12 | 12\nCenter midfielder | 1 | 11",
    "table_for_pd": {
        "Player": [
            "Striker",
            "Right midfielder",
            "Right forward",
            "Center midfielder"
        ],
        "Misses": [
            "13",
            "5",
            "12",
            "1"
        ],
        "Goals": [
            "15",
            "9",
            "12",
            "11"
        ]
    },
    "row_num": 5,
    "column_num": 3,
    "solution": "Look at the numbers in the Misses column. Find the least number in this column.\n\nThe least number is 1, which is in the Center midfielder row. The center midfielder had the fewest misses.",
    "ques_type": "multi_choice",
    "ans_type": "extractive_text",
    "grade": 5,
    "split": "test"
}