{
    "id": 9874,
    "subject": "如图,⊙O中,弦AB的长为2,OC⊥AB于C,OC=1,若从⊙O外一点P作⊙O的两条切线,切点分别为A、B,则∠APB的度数为()",
    "eng_subject": "As shown in the figure, in ⊙O, the length of chord AB is 2.0, OC ⊥ AB at C, OC = 1.0, if two tangents of ⊙O are drawn from a point P outside ⊙O, the tangent points are A and B respectively, then ∠APB The degree is ()",
    "unanswerable_subject": "如图,⊙O中,弦AB的长为2,OC⊥AB于C,若从⊙O外一点P作⊙O的两条切线,切点分别为A、B,则∠APB的度数为()",
    "unanswerable_eng_subject": "As shown in the figure, in ⊙O, the length of chord AB is 2.0, OC ⊥ AB at C, if two tangents of ⊙O are drawn from a point P outside ⊙O, the tangent points are A and B respectively, then ∠APB The degree is ()",
    "choices": [
        "120°",
        "90°",
        "60°",
        "45°"
    ],
    "label": 1,
    "formal_point": [
        "切线",
        "直角三角形",
        "正方形"
    ],
    "answer": "解:连OA,OB．PA,PB是切线,则∠OAP=∠OBP=90°．OC⊥AB⇒AC=BC=1=OC⇒△ACO,△BCO是等腰直角三角形⇒∠AOB=90°⇒四边形AOBP是正方形⇒∠APB=90°．故选:B．",
    "numbers": [
        2.0,
        1.0
    ]
}