{
    "id": 4828,
    "subject": "如图,△ABC∽△DEF,相似比为1:2,若EF=2,则BC的长是()",
    "eng_subject": "As shown in the figure, △ABC ∽ △DEF, the scale factor of similarity is 1.0:2.0, if EF = 2.0, the length of BC is ()",
    "unanswerable_subject": "如图,△ABC∽△DEF,若EF=2,则BC的长是()",
    "unanswerable_eng_subject": "As shown in the figure, △ABC ∽ △DEF, if EF = 2.0, the length of BC is ()",
    "choices": [
        "1",
        "2",
        "3",
        "4"
    ],
    "label": 0,
    "formal_point": [
        "相似三角形"
    ],
    "answer": "解:∵△ABC∽△DEF,相似比为1:2,∴\\frac{BC}{EF}=\\frac{1}{2},∴BC=\\frac{1}{2}EF=1,故选:A．",
    "numbers": [
        1.0,
        2.0,
        2.0
    ]
}