{
    "question": "Look at the table. Then answer the question. At a price of $1,110, is there a shortage or a surplus?",
    "choices": [
        "shortage",
        "surplus"
    ],
    "answer": "surplus",
    "unit": null,
    "table_title": null,
    "table": "Price | Quantity demanded | Quantity supplied\n$970 | 13,600 | 12,400\n$1,040 | 11,000 | 14,900\n$1,110 | 8,400 | 17,400\n$1,180 | 5,800 | 19,900\n$1,250 | 3,200 | 22,400",
    "table_for_pd": {
        "Price": [
            "$970",
            "$1,040",
            "$1,110",
            "$1,180",
            "$1,250"
        ],
        "Quantity demanded": [
            "13,600",
            "11,000",
            "8,400",
            "5,800",
            "3,200"
        ],
        "Quantity supplied": [
            "12,400",
            "14,900",
            "17,400",
            "19,900",
            "22,400"
        ]
    },
    "row_num": 6,
    "column_num": 3,
    "solution": "At the price of $1,110, the quantity demanded is less than the quantity supplied. There is too much of the good or service for sale at that price. So, there is a surplus.\n",
    "ques_type": "multi_choice",
    "ans_type": "boolean_text",
    "grade": 5,
    "split": "test"
}