{
    "id": 5366,
    "subject": "如图所示,线段AB=10,M为线段AB的中点,C为线段MB的中点,N为线段AM的一点,且MN=1,线段NC的长()",
    "eng_subject": "As shown in the figure, line segment AB = 10.0, M is the midpoint of line segment AB, C is the midpoint of line segment MB, N is a point of line segment AM, and MN = 1.0, the length of line segment NC ()",
    "unanswerable_subject": "如图所示,线段AB=10,M为线段AB的中点,N为线段AM的一点,且MN=1,线段NC的长()",
    "unanswerable_eng_subject": "As shown in the figure, line segment AB = 10.0, M is the midpoint of line segment AB, N is a point of line segment AM, and MN = 1.0, the length of line segment NC ()",
    "choices": [
        "2",
        "2.5",
        "3",
        "3.5"
    ],
    "label": 3,
    "formal_point": [
        "距离"
    ],
    "answer": "【解答】解:∵线段AB=10,M为线段AB的中点,∴MB=\\frac{1}{2}AB=5,∵C为线段MB的中点,∴MC=\\frac{1}{2}BM=2.5,∴NC=NM+MC=3.5．",
    "numbers": [
        10.0,
        1.0
    ]
}