{
    "id": 9402,
    "subject": "如图,在▱ABCD中,AD=3,DC=5,BD的垂直平分线交BD于点E,则△BCE的周长是()",
    "eng_subject": "As shown in the figure, in ▱ABCD, AD = 3.0, DC = 5.0, and the perpendicular bisector of BD intersects BD at point E, then the perimeter of △BCE is ()",
    "unanswerable_subject": "如图,在▱ABCD中,AD=3,BD的垂直平分线交BD于点E,则△BCE的周长是()",
    "unanswerable_eng_subject": "As shown in the figure, in ▱ABCD, AD = 3.0, and the perpendicular bisector of BD intersects BD at point E, then the perimeter of △BCE is ()",
    "choices": [
        "6",
        "8",
        "9",
        "10"
    ],
    "label": 1,
    "formal_point": [
        "平行四边形",
        "垂直平分线"
    ],
    "answer": "解:∵四边形ABCD是平行四边形,∴BC=AD=3,∵BD的垂直平分线交BD于点E,∴DE=BE,∴EB+CE=DC=5,∴△BCE的周长是:5+3=8,故选:B．",
    "numbers": [
        3.0,
        5.0
    ]
}