{
    "id": 4859,
    "subject": "如图,D是△ABC的边BC上一点,已知AB=6,AD=3,AC=4,∠DAC=∠B,则BD长为()",
    "eng_subject": "As shown in the figure, D is a point on BC of △ABC, it is known that AB = 6.0, AD = 3.0, AC = 4.0, ∠DAC = ∠B, then the length of BD is ()",
    "unanswerable_subject": "如图,D是△ABC的边BC上一点,已知AB=6,AD=3,∠DAC=∠B,则BD长为()",
    "unanswerable_eng_subject": "As shown in the figure, D is a point on BC of △ABC, it is known that AB = 6.0, AD = 3.0, ∠DAC = ∠B, then the length of BD is ()",
    "choices": [
        "4",
        "6",
        "8",
        "9"
    ],
    "label": 1,
    "formal_point": [
        "相似三角形"
    ],
    "answer": "解:∵∠DAC=∠B,∠C=∠C,∴△ACD∽△BCA,∵AB=6,AD=3,AC=4,∴\\frac{AC}{BC}=\\frac{AD}{AB},即\\frac{4}{BC}=\\frac{3}{6},可得:BC=8,∵△ACD∽△BCA,∴\\frac{CD}{AC}=\\frac{AC}{BC},即\\frac{CD}{4}=\\frac{4}{8},可得；CD=2,∴BD=BC-CD=8-2=6,故选:B．",
    "numbers": [
        6.0,
        3.0,
        4.0
    ]
}