{
    "id": 829,
    "subject": "如图,在半径为5cm的⊙O中,AB为一条弦,OC⊥AB于点C,且OC=3cm,则AB的值为()",
    "eng_subject": "As shown in the figure, in ⊙O with radius 5.0, AB is a chord, OC ⊥ AB at point C, and OC = 3.0, then the value of AB is ()",
    "unanswerable_subject": "如图,在半径为5cm的⊙O中,AB为一条弦,OC⊥AB于点C,则AB的值为()",
    "unanswerable_eng_subject": "As shown in the figure, in ⊙O with radius 5.0, AB is a chord, OC ⊥ AB at point C, then the value of AB is ()",
    "choices": [
        "3cm",
        "4cm",
        "6cm",
        "8cm"
    ],
    "label": 3,
    "formal_point": [
        "垂径定理"
    ],
    "answer": "连接OA,OC⊥AB,点O是圆心,∴AB=2AC,∠ACO=90°,∴AC=√{OA²-OC²}=√{5²-3²}=4cm,∴AB=8cm,故选D",
    "numbers": [
        5.0,
        3.0
    ]
}