{
    "question": "Nate has $1.50. Does he have enough to buy a nectarine and a pear?",
    "choices": [
        "yes",
        "no"
    ],
    "answer": "no",
    "unit": null,
    "table_title": null,
    "table": "cucumber | $0.74\norange | $0.97\nnectarine | $0.67\npear | $0.86",
    "table_for_pd": {
        "Column 1": [
            "cucumber",
            "orange",
            "nectarine",
            "pear"
        ],
        "Column 2": [
            "$0.74",
            "$0.97",
            "$0.67",
            "$0.86"
        ]
    },
    "row_num": 4,
    "column_num": 2,
    "solution": "Add the price of a nectarine and the price of a pear:\n\n$0.67 + $0.86 = $1.53\n\n$1.53 is more than $1.50. Nate does not have enough money.",
    "ques_type": "multi_choice",
    "ans_type": "boolean_text",
    "grade": 3,
    "split": "test"
}