{
    "id": 3071,
    "subject": "已知如图,AB是⊙O的直径,CD是⊙O的弦,∠CDB=40°,则∠CBA的度数为()",
    "eng_subject": "As shown in the figure, AB is the diameter of ⊙O, CD is the chord of ⊙O, ∠CDB = 40.0, then the degree of ∠CBA is ()",
    "unanswerable_subject": "已知如图,AB是⊙O的直径,∠CDB=40°,则∠CBA的度数为()",
    "unanswerable_eng_subject": "As shown in the figure, AB is the diameter of ⊙O, ∠CDB = 40.0, then the degree of ∠CBA is ()",
    "choices": [
        "60°",
        "50°",
        "40°",
        "30°"
    ],
    "label": 1,
    "formal_point": [
        "圆周角"
    ],
    "answer": "解:连接AC,∵AB是⊙O的直径,∴∠ACB=90°,∵∠A=∠CDB=40°,∴∠CBA=90°-∠A=50°．故选:B．",
    "numbers": [
        40.0
    ]
}