{
    "id": 1087,
    "subject": "如图,点A、B、C、D在⊙O上,∠AOC=140°,点B是弧AC的中点,则∠D的度数是()",
    "eng_subject": "As shown in the figure, points A, B, C, D are on ⊙O, ∠AOC = 140.0, point B is the midpoint of arc AC, then the degree of ∠D is ()",
    "unanswerable_subject": "如图,点A、B、C、D在⊙O上,∠AOC=140°,则∠D的度数是()",
    "unanswerable_eng_subject": "As shown in the figure, points A, B, C, D are on ⊙O, ∠AOC = 140.0, then the degree of ∠D is ()",
    "choices": [
        "70°",
        "55°",
        "35.5°",
        "35°"
    ],
    "label": 3,
    "formal_point": [
        "圆周角"
    ],
    "answer": "连接OB,∵点B是弧AC的中点,∴∠AOB=\\frac{1}{2}∠AOC=70^{°},由圆周角定理得,∠D=\\frac{1}{2}∠AOB=35^{°}故答案选:D.",
    "numbers": [
        140.0
    ]
}