{
    "id": 7939,
    "subject": "如图,平行四边形ABCD中,E为DC的中点,△DEF的面积为2,则△ABF的面积为()",
    "eng_subject": "As shown in the figure, in the parallelogram ABCD, E is the midpoint of DC, the area of ​​△DEF is 2.0, then the area of ​​△ABF is ()",
    "unanswerable_subject": "如图,平行四边形ABCD中,△DEF的面积为2,则△ABF的面积为()",
    "unanswerable_eng_subject": "As shown in the figure, in the parallelogram ABCD, the area of ​​△DEF is 2.0, then the area of ​​△ABF is ()",
    "choices": [
        "2",
        "4",
        "6",
        "8"
    ],
    "label": 3,
    "formal_point": [
        "相似三角形",
        "平行四边形"
    ],
    "answer": "解:∵四边形ABCD是平行四边形,∴AB∥CD,AB=CD,∴△DEF∽△BAF,∴\\frac{S_{\\bigtriangleupDEF}}{S_{\\bigtriangleupBAF}}={(\\frac{DE}{AB})}²,∵E为DC的中点,∴DE=\\frac{1}{2}CD,∴DE:AB=1:2,∴\\frac{S_{\\bigtriangleupDEF}}{S_{\\bigtriangleupBAF}}={(\\frac{1}{2})}²,∵△DEF的面积为2,∴△ABF的面积为8．故选:D．",
    "numbers": [
        2.0
    ]
}