{
    "question": "A stock broker followed the stock prices of a certain set of companies. On Thursday, which company's stock cost the most?",
    "choices": [
        "Houston Sporting Goods",
        "Watson and Partners",
        "White and Company",
        "Thompson Corporation"
    ],
    "answer": "Thompson Corporation",
    "unit": null,
    "table_title": "Stock prices",
    "table": "Company | Wednesday | Thursday\nComputer Data Company | $8 | $5\nWatson and Partners | $9 | $7\nWhite and Company | $13 | $15\nThompson Corporation | $10 | $19\nHouston Sporting Goods | $12 | $10",
    "table_for_pd": {
        "Company": [
            "Computer Data Company",
            "Watson and Partners",
            "White and Company",
            "Thompson Corporation",
            "Houston Sporting Goods"
        ],
        "Wednesday": [
            "$8",
            "$9",
            "$13",
            "$10",
            "$12"
        ],
        "Thursday": [
            "$5",
            "$7",
            "$15",
            "$19",
            "$10"
        ]
    },
    "row_num": 6,
    "column_num": 3,
    "solution": "Look at the numbers in the Thursday column. Find the greatest number in this column.\n\nThe greatest number is $19.00, which is in the Thompson Corporation row. On Thursday, Thompson Corporation's stock cost the most.",
    "ques_type": "multi_choice",
    "ans_type": "extractive_text",
    "grade": 5,
    "split": "test"
}