{
    "id": 5470,
    "subject": "如图,A,B,C,D四点都在⊙O上,∠BOD=110°,则∠BCD的度数为()",
    "eng_subject": "As shown in the figure, the four points A, B, C, and D are all on ⊙O, ∠BOD = 110.0, then the degree of ∠BCD is ()",
    "unanswerable_subject": "如图,A,B,C三点都在⊙O上,∠BOD=110°,则∠BCD的度数为()",
    "unanswerable_eng_subject": "As shown in the figure, the three points A, B, and C are all on ⊙O, ∠BOD = 110.0, then the degree of ∠BCD is ()",
    "choices": [
        "70°",
        "110°",
        "125°",
        "130°"
    ],
    "label": 2,
    "formal_point": [
        "圆周角",
        "圆内接四边形",
        "圆心角"
    ],
    "answer": "解:由圆周角定理得,∠A=\\frac{1}{2}∠BOD=55°,∵四边形ABCD是圆内接四边形,∴∠BCD=180°-∠A=125°,故选:C．",
    "numbers": [
        110.0
    ]
}