{
    "question": "An ice cream shop kept track of how many ice cream cones it sold in the past 4 days. On which day did the shop sell the fewest ice cream cones?",
    "choices": [
        "Thursday",
        "Friday",
        "Saturday",
        "Sunday"
    ],
    "answer": "Thursday",
    "unit": null,
    "table_title": "Ice cream cones sold",
    "table": "Day | Number of ice cream cones\nThursday | 51\nFriday | 59\nSaturday | 58\nSunday | 53",
    "table_for_pd": {
        "Day": [
            "Thursday",
            "Friday",
            "Saturday",
            "Sunday"
        ],
        "Number of ice cream cones": [
            "51",
            "59",
            "58",
            "53"
        ]
    },
    "row_num": 5,
    "column_num": 2,
    "solution": "Find the least number in the table. Remember to compare the numbers starting with the highest place value. The least number is 51.\n\nNow find the corresponding day. Thursday corresponds to 51.",
    "ques_type": "multi_choice",
    "ans_type": "extractive_text",
    "grade": 2,
    "split": "test"
}