{
    "id": 3533,
    "subject": "如图,四边形ABCD内接于⊙O,F是⁀{CD}上一点,且⁀{DF}=⁀{BC},连接CF并延长交AD的延长线于点E,连接AC．若∠ABC=105°,∠BAC=25°,则∠E的度数为()",
    "eng_subject": "As shown in the figure, the quadrilateral ABCD is inscribed in ⊙O, F is a point on ⁀CD, and ⁀DF = ⁀BC, connect CF and extend to intersects the extended line of AD at point E, connect AC. If ∠ABC = 105.0, ∠BAC = 25.0, then the degree of ∠E is ()",
    "unanswerable_subject": "如图,四边形ABCD内接于⊙O,F是⁀{CD}上一点,且⁀{DF}=⁀{BC},连接CF并延长交AD的延长线于点E,连接AC．若∠ABC=105°,则∠E的度数为()",
    "unanswerable_eng_subject": "As shown in the figure, the quadrilateral ABCD is inscribed in ⊙O, F is a point on ⁀CD, and ⁀DF = ⁀BC, connect CF and extend to intersects the extended line of AD at point E, connect AC. If ∠ABC = 105.0, then the degree of ∠E is ()",
    "choices": [
        "45°",
        "50°",
        "55°",
        "60°"
    ],
    "label": 1,
    "formal_point": [
        "圆周角",
        "圆内接四边形",
        "圆心角"
    ],
    "answer": "解:∵四边形ABCD内接于⊙O,∠ABC=105°,∴∠ADC=180°-∠ABC=180°-105°=75°．∵⁀{DF}=⁀{BC},∠BAC=25°,∴∠DCE=∠BAC=25°,∴∠E=∠ADC-∠DCE=75°-25°=50°．\n故选:B．",
    "numbers": [
        105.0,
        25.0
    ]
}