{
    "id": 2358,
    "subject": "如图,小强自制了一个小孔成像装置,其中纸筒的长度为15cm,他准备了一支长为20cm的蜡烛,想要得到高度为4cm的像,蜡烛与纸筒的距离应该为()",
    "eng_subject": "As shown in the figure, Xiaoqiang made a small hole imaging device in which the length of the paper tube is 15.0. He prepared a candle with a length of 20.0. To get an image with a height of 4.0, the distance between the candle and the paper tube should be ()",
    "unanswerable_subject": "如图,小强自制了一个小孔成像装置,其中纸筒的长度为15cm,想要得到高度为4cm的像,蜡烛与纸筒的距离应该为()",
    "unanswerable_eng_subject": "As shown in the figure, Xiaoqiang made a small hole imaging device in which the length of the paper tube is 15.0. To get an image with a height of 4.0, the distance between the candle and the paper tube should be ()",
    "choices": [
        "60cm",
        "65cm",
        "70cm",
        "75cm"
    ],
    "label": 3,
    "formal_point": [
        "相似三角形",
        "距离"
    ],
    "answer": "解:如图,AB=20cm,OF=15cm,CD=4cm,∵AB∥CD,EF⊥AB∴EF⊥CD,∴△OAB∽△ODC,∴\\frac{CD}{AB}=\\frac{0F}{OE},即\\frac{4}{20}=\\frac{15}{OE},解得OE=75cm．故选:D．",
    "numbers": [
        15.0,
        20.0,
        4.0
    ]
}