{
    "id": 1991,
    "subject": "用圆心角为120°,半径为6cm的扇形纸片卷成一个圆锥形无底纸帽(如图所示),则这个纸帽的底面周长是()",
    "eng_subject": "Use a sector paper sheet with a central angle of 120.0 and a radius of 6.0 to roll into a conical bottomless paper cap (as shown in the picture), then the bottom perimeter of the paper cap is ()",
    "unanswerable_subject": "用圆心角为120°的扇形纸片卷成一个圆锥形无底纸帽(如图所示),则这个纸帽的底面周长是()",
    "unanswerable_eng_subject": "Use a sector paper sheet with a central angle of 120.0 to roll into a conical bottomless paper cap (as shown in the picture), then the bottom perimeter of the paper cap is ()",
    "choices": [
        "2πcm",
        "3πcm",
        "4πcm",
        "5πcm"
    ],
    "label": 2,
    "formal_point": [
        "圆锥的计算",
        "圆心角"
    ],
    "answer": "解:这个纸帽的底面周长=\\frac{120\\cdotπ\\cdot6}{180}=4π(cm)．故选:C．",
    "numbers": [
        120.0,
        6.0
    ]
}