{
    "question": "Look at the following schedule. When does European History class begin?",
    "choices": [
        "5:30 P.M.",
        "9:50 A.M.",
        "10:35 A.M.",
        "2:25 P.M."
    ],
    "answer": "9:50 A.M.",
    "unit": null,
    "table_title": "Class schedule",
    "table": "Subject | Begin | End\nEuropean History | 9:50 A.M. | 10:35 A.M.\nJapanese | 11:05 A.M. | 12:10 P.M.\nPlant Biology | 12:20 P.M. | 1:45 P.M.\nRussian | 2:25 P.M. | 3:25 P.M.\nGolf | 3:35 P.M. | 5:05 P.M.\nCreative Writing | 5:30 P.M. | 6:00 P.M.",
    "table_for_pd": {
        "Subject": [
            "European History",
            "Japanese",
            "Plant Biology",
            "Russian",
            "Golf",
            "Creative Writing"
        ],
        "Begin": [
            "9:50 A.M.",
            "11:05 A.M.",
            "12:20 P.M.",
            "2:25 P.M.",
            "3:35 P.M.",
            "5:30 P.M."
        ],
        "End": [
            "10:35 A.M.",
            "12:10 P.M.",
            "1:45 P.M.",
            "3:25 P.M.",
            "5:05 P.M.",
            "6:00 P.M."
        ]
    },
    "row_num": 7,
    "column_num": 3,
    "solution": "Find European History class on the schedule. Find the beginning time for European History class.\n\nEuropean History: 9:50 A. M.",
    "ques_type": "multi_choice",
    "ans_type": "extractive_text",
    "grade": 3,
    "split": "test"
}