{
    "id": 1076,
    "subject": "如图,▱ABCD的周长为36,对角线AC、BD相交于点O,点E是CD的中点,BD=12,则△DOE的周长为()",
    "eng_subject": "As shown in the figure, the perimeter of ▱ABCD is 36.0, the diagonal AC and BD intersect at point O, point E is the midpoint of CD, BD = 12.0, then the perimeter of △DOE is ()",
    "unanswerable_subject": "如图,▱ABCD的周长为36,对角线AC、BD相交于点O,BD=12,则△DOE的周长为()",
    "unanswerable_eng_subject": "As shown in the figure, the perimeter of ▱ABCD is 36.0, the diagonal AC and BD intersect at point O, BD = 12.0, then the perimeter of △DOE is ()",
    "choices": [
        "15",
        "18",
        "21",
        "24"
    ],
    "label": 0,
    "formal_point": [
        "平行四边形"
    ],
    "answer": "解:∵\\sqsubsetABCD的周长为36,∴2(BC+CD)=36,则BC+CD=18∵四边形ABCD是平行四边形,对角线AC,BD相交于点O,BD=12又∵点E是CD的中点,DE=\\frac{1}{2}CD,∴OE是△BCD的中位线,∴OE=\\frac{1}{2}BC,∴△DOE的周长=OD+OE+DE=\\frac{1}{2}BD+\\frac{1}{2}(BC+CD)=6+9=15,即△DOE的周长为15.故选A",
    "numbers": [
        36.0,
        12.0
    ]
}