{
    "id": 1848,
    "subject": "如图,AB是⊙O的直径,点C、D在⊙O上,且点C是弧BD的中点,过点C作AD的垂线EF交直线AD于点E,若⊙O的半径为2.5,AC长为4,则CE的长度为()",
    "eng_subject": "As shown in the figure, AB is the diameter of ⊙O, points C and D are on ⊙O, and point C is the midpoint of arc BD, passing point C to draw the perpendicular line EF of AD and it intersects straight line AD at point E, if the radius of ⊙O is 2.5, the length of AC is 4.0, then the length of CE is ()",
    "unanswerable_subject": "如图,AB是⊙O的直径,点C、D在⊙O上,过点C作AD的垂线EF交直线AD于点E,若⊙O的半径为2.5,AC长为4,则CE的长度为()",
    "unanswerable_eng_subject": "As shown in the figure, AB is the diameter of ⊙O, points C and D are on ⊙O, passing point C to draw the perpendicular line EF of AD and it intersects straight line AD at point E, if the radius of ⊙O is 2.5, the length of AC is 4.0, then the length of CE is ()",
    "choices": [
        "3",
        "\\frac{20}{3}",
        "\\frac{12}{5}",
        "\\frac{16}{5}"
    ],
    "label": 2,
    "formal_point": [
        "圆周角",
        "垂线",
        "圆心角",
        "垂径定理",
        "相似三角形"
    ],
    "answer": "解:连接BC,∵点C是弧BD的中点,∴∠EAC=∠CAB,又∵AB为直径,AE⊥EF,∴∠AEC=∠ACB=90°,∴△EAC∽△CAB,∴\\frac{AC}{AB}=\\frac{EC}{BC},∴EC=\\frac{AC\\cdotBC}{AB}=\\frac{4×√{5^{2}-4^{2}}}{5}=\\frac{12}{5}．故选:C．",
    "numbers": [
        2.5,
        4.0
    ]
}