{
    "question": "Sam has $27.00. Does he have enough to buy a dog calendar and a math book?",
    "choices": [
        "yes",
        "no"
    ],
    "answer": "no",
    "unit": null,
    "table_title": null,
    "table": "math book | $16.84\ndog calendar | $11.22\ndictionary | $10.10\natlas | $49.12",
    "table_for_pd": {
        "Column 1": [
            "math book",
            "dog calendar",
            "dictionary",
            "atlas"
        ],
        "Column 2": [
            "$16.84",
            "$11.22",
            "$10.10",
            "$49.12"
        ]
    },
    "row_num": 4,
    "column_num": 2,
    "solution": "Add the price of a dog calendar and the price of a math book:\n\n$11.22 + $16.84 = $28.06\n\n$28.06 is more than $27.00. Sam does not have enough money.",
    "ques_type": "multi_choice",
    "ans_type": "boolean_text",
    "grade": 7,
    "split": "test"
}