{
    "id": 3837,
    "subject": "如图,已知⊙O的直径AB与弦AC的夹角为30°,过C点的切线PC与AB延长线交于点P,⊙O的半径为2,则PC为()",
    "eng_subject": "As shown in the figure, it is known that the angle between the diameter AB of ⊙O and the chord AC is 30.0, the tangent PC passing through point C and the extended line of AB intersect at point P, the radius of ⊙O is 2.0, then PC is ()",
    "unanswerable_subject": "如图,已知⊙O的直径AB与弦AC的夹角为30°,过C点的切线PC与AB延长线交于点P,则PC为()",
    "unanswerable_eng_subject": "As shown in the figure, it is known that the angle between the diameter AB of ⊙O and the chord AC is 30.0, the tangent PC passing through point C and the extended line of AB intersect at point P, then PC is ()",
    "choices": [
        "4",
        "4√{3}",
        "6",
        "2√{3}"
    ],
    "label": 3,
    "formal_point": [
        "切线",
        "直角三角形"
    ],
    "answer": "解:∵PC为切线,∴OC⊥PC,∵OA=OC,∴∠OCA=∠A=30°,∴∠POC=∠A+∠OCA=60°,∴∠P=30°,在Rt△OCP中,PC=√{3}OC=2√{3}．故选:D．",
    "numbers": [
        30.0,
        2.0
    ]
}