{
    "question": "Look at the following schedule. Bruce got on the boat at Fisherman's Cove at 8.30 A.M. What time will he get to Oyster Lighthouse?",
    "choices": [
        "11:15 A.M.",
        "3:30 P.M.",
        "3:45 P.M.",
        "8:15 A.M."
    ],
    "answer": "3:45 P.M.",
    "unit": null,
    "table_title": "Tour boat schedule",
    "table": "Fisherman's Cove | 8:15 A.M. | 8:30 A.M. | 9:30 A.M.\nLobster Pier | 9:00 A.M. | 9:15 A.M. | 10:15 A.M.\nKite Coast | 9:45 A.M. | 10:00 A.M. | 11:00 A.M.\nWhale Watch Harbor | 11:00 A.M. | 11:15 A.M. | 12:15 P.M.\nSea Lion Docks | 12:15 P.M. | 12:30 P.M. | 1:30 P.M.\nPalm Tree Island | 1:00 P.M. | 1:15 P.M. | 2:15 P.M.\nSea Town | 2:45 P.M. | 3:00 P.M. | 4:00 P.M.\nOyster Lighthouse | 3:30 P.M. | 3:45 P.M. | 4:45 P.M.\nThe Boardwalk | 4:30 P.M. | 4:45 P.M. | 5:45 P.M.",
    "table_for_pd": {
        "Column 1": [
            "Fisherman's Cove",
            "Lobster Pier",
            "Kite Coast",
            "Whale Watch Harbor",
            "Sea Lion Docks",
            "Palm Tree Island",
            "Sea Town",
            "Oyster Lighthouse",
            "The Boardwalk"
        ],
        "Column 2": [
            "8:15 A.M.",
            "9:00 A.M.",
            "9:45 A.M.",
            "11:00 A.M.",
            "12:15 P.M.",
            "1:00 P.M.",
            "2:45 P.M.",
            "3:30 P.M.",
            "4:30 P.M."
        ],
        "Column 3": [
            "8:30 A.M.",
            "9:15 A.M.",
            "10:00 A.M.",
            "11:15 A.M.",
            "12:30 P.M.",
            "1:15 P.M.",
            "3:00 P.M.",
            "3:45 P.M.",
            "4:45 P.M."
        ],
        "Column 4": [
            "9:30 A.M.",
            "10:15 A.M.",
            "11:00 A.M.",
            "12:15 P.M.",
            "1:30 P.M.",
            "2:15 P.M.",
            "4:00 P.M.",
            "4:45 P.M.",
            "5:45 P.M."
        ]
    },
    "row_num": 9,
    "column_num": 4,
    "solution": "Find 8:30 A. M. in the row for Fisherman's Cove. That column shows the schedule for the boat that Bruce is on.\n\nLook down the column until you find the row for Oyster Lighthouse.\n\nBruce will get to Oyster Lighthouse at 3:45 P. M.",
    "ques_type": "multi_choice",
    "ans_type": "extractive_text",
    "grade": 4,
    "split": "test"
}