{
    "question": "Debbie has $1.50. Does she have enough to buy a package of dental floss and a barrette?",
    "choices": [
        "yes",
        "no"
    ],
    "answer": "yes",
    "unit": null,
    "table_title": null,
    "table": "tube of toothpaste | $0.92\nsewing kit | $0.91\nbarrette | $0.58\nlip balm | $0.91\npackage of dental floss | $0.78",
    "table_for_pd": {
        "Column 1": [
            "tube of toothpaste",
            "sewing kit",
            "barrette",
            "lip balm",
            "package of dental floss"
        ],
        "Column 2": [
            "$0.92",
            "$0.91",
            "$0.58",
            "$0.91",
            "$0.78"
        ]
    },
    "row_num": 5,
    "column_num": 2,
    "solution": "Add the price of a package of dental floss and the price of a barrette:\n\n$0.78 + $0.58 = $1.36\n\n$1.36 is less than $1.50. Debbie does have enough money.",
    "ques_type": "multi_choice",
    "ans_type": "boolean_text",
    "grade": 8,
    "split": "test"
}