{
    "question": "A doctor's records revealed how many patients she saw each month. In which month did the doctor see the most patients?",
    "choices": [
        "June",
        "July",
        "August",
        "September"
    ],
    "answer": "September",
    "unit": null,
    "table_title": "Patients seen",
    "table": "Month | Number of patients\nJune | 318\nJuly | 313\nAugust | 338\nSeptember | 381",
    "table_for_pd": {
        "Month": [
            "June",
            "July",
            "August",
            "September"
        ],
        "Number of patients": [
            "318",
            "313",
            "338",
            "381"
        ]
    },
    "row_num": 5,
    "column_num": 2,
    "solution": "Find the greatest number in the table. Remember to compare the numbers starting with the highest place value. The greatest number is 381.\n\nNow find the corresponding month. September corresponds to 381.",
    "ques_type": "multi_choice",
    "ans_type": "extractive_text",
    "grade": 2,
    "split": "test"
}