{
    "id": 8452,
    "subject": "如图,A,B,C都是⊙O上的点,若∠ABC=110°,则∠AOC的度数为()",
    "eng_subject": "As shown in the figure, A, B, and C are all points on ⊙O, if ∠ABC = 110.0, then the degree of ∠AOC is ()",
    "unanswerable_subject": "如图,A,B都是⊙O上的点,若∠ABC=110°,则∠AOC的度数为()",
    "unanswerable_eng_subject": "As shown in the figure, A, and B are points on ⊙O, if ∠ABC = 110.0, then the degree of ∠AOC is ()",
    "choices": [
        "70°",
        "110°",
        "135°",
        "140°"
    ],
    "label": 3,
    "formal_point": [
        "圆周角",
        "圆心角"
    ],
    "answer": "解:∠1=2∠ABC=2×110°=220°,则∠AOC=360°-∠1=360°-220°=140°．故选:D．",
    "numbers": [
        110.0
    ]
}