{
    "question": "To get a rough estimate of her melon farm's profits for the year, Hazel decided to look at some data about melon prices in the past. In 1996, which type of melon was the least expensive?",
    "choices": [
        "cantaloupes",
        "watermelons",
        "honeydews"
    ],
    "answer": "watermelons",
    "unit": null,
    "table_title": "Melon price per container",
    "table": "Kind of melon | 1995 | 1996\nCantaloupes | $7 | $8\nHoneydews | $10 | $7\nWatermelons | $5 | $3",
    "table_for_pd": {
        "Column 1": [
            "Kind of melon",
            "Cantaloupes",
            "Honeydews",
            "Watermelons"
        ],
        "Column 2": [
            "1995",
            "$7",
            "$10",
            "$5"
        ],
        "Column 3": [
            "1996",
            "$8",
            "$7",
            "$3"
        ]
    },
    "row_num": 4,
    "column_num": 3,
    "solution": "Look at the numbers in the 1996 column. Find the least number in this column.\n\nThe least number is $3.00, which is in the Watermelons row. In 1996, watermelons were the least expensive.",
    "ques_type": "multi_choice",
    "ans_type": "extractive_text",
    "grade": 5,
    "split": "test"
}