{
    "id": 112,
    "subject": "如图,AB//CD,EF分别为交AB,CD于点E,F,∠1=50°,则∠2的度数为()",
    "eng_subject": "As shown in the figure, AB // CD, and EF intersects AB and CD at points E, F, ∠1 = 50.0, then the degree of ∠2 is ()",
    "unanswerable_subject": "如图,EF分别为交AB,CD于点E,F,∠1=50°,则∠2的度数为()",
    "unanswerable_eng_subject": "As shown in the figure, EF intersects AB and CD at points E, F, ∠1 = 50.0, then the degree of ∠2 is ()",
    "choices": [
        "50°",
        "120°",
        "130°",
        "150°"
    ],
    "label": 2,
    "formal_point": [
        "平行线",
        "邻补角",
        "对顶角"
    ],
    "answer": "试题分析:如答图,∵AB//C,∠1=50^{°}.∴∠3=∠1=50^{°}.∴∠2=180°-∠3=130°故选C.",
    "numbers": [
        50.0
    ]
}