{
    "id": 4653,
    "subject": "如图,已知a∥b∥c,AC=6,AB=2,EF=5,则DF的值为()",
    "eng_subject": "As shown in the figure, given that a ∥ b ∥ c, AC = 6.0, AB = 2.0, EF = 5.0, then the value of DF is ()",
    "unanswerable_subject": "如图,已知a∥b∥c,AC=6,AB=2,则DF的值为()",
    "unanswerable_eng_subject": "As shown in the figure, given that a ∥ b ∥ c, AC = 6.0, AB = 2.0, then the value of DF is ()",
    "choices": [
        "\\frac{5}{3}",
        "\\frac{5}{2}",
        "\\frac{10}{3}",
        "\\frac{15}{2}"
    ],
    "label": 3,
    "formal_point": [
        "平行线",
        "平行线分线段成比例"
    ],
    "answer": "解:∵直线a∥b∥c,AC=6,AB=2,EF=5,∴\\frac{AB}{AC}=\\frac{DE}{DF},即\\frac{2}{6}=\\frac{DF-5}{DF},解得DF=\\frac{15}{2}．故选:D．",
    "numbers": [
        6.0,
        2.0,
        5.0
    ]
}