{
    "id": 4665,
    "subject": "如图,在△ABC中,DE∥BC,\\frac{AD}{DB}=\\frac{1}{2},DE=4,则BC的长是()",
    "eng_subject": "As shown in the figure, in △ABC, DE ∥ BC, \\frac {AD}{DB} = \\frac{1.0}{2.0}, DE = 4.0, then the length of BC is ()",
    "unanswerable_subject": "如图,在△ABC中,\\frac{AD}{DB}=\\frac{1}{2},DE=4,则BC的长是()",
    "unanswerable_eng_subject": "As shown in the figure, in △ABC, \\frac {AD}{DB} = \\frac{1.0}{2.0}, DE = 4.0, then the length of BC is ()",
    "choices": [
        "8",
        "10",
        "11",
        "12"
    ],
    "label": 3,
    "formal_point": [
        "平行线",
        "平行线分线段成比例"
    ],
    "answer": "解:∵\\frac{AD}{DB}=\\frac{1}{2},∴\\frac{AD}{AB}=\\frac{1}{3},∵在△ABC中,DE∥BC,∴\\frac{DE}{BC}=\\frac{AD}{AB}=\\frac{1}{3},∵DE=4,∴BC=3DE=12．故选:D．",
    "numbers": [
        1.0,
        2.0,
        4.0
    ]
}