{
    "question": "Evelyn has $6.00. Does she have enough to buy a stapler and a dry erase marker?",
    "choices": [
        "yes",
        "no"
    ],
    "answer": "yes",
    "unit": null,
    "table_title": null,
    "table": "eraser | $1.06\ndry erase marker | $1.96\npencil sharpener | $1.08\nstapler | $3.87",
    "table_for_pd": {
        "Column 1": [
            "eraser",
            "dry erase marker",
            "pencil sharpener",
            "stapler"
        ],
        "Column 2": [
            "$1.06",
            "$1.96",
            "$1.08",
            "$3.87"
        ]
    },
    "row_num": 4,
    "column_num": 2,
    "solution": "Add the price of a stapler and the price of a dry erase marker:\n\n$3.87 + $1.96 = $5.83\n\n$5.83 is less than $6.00. Evelyn does have enough money.",
    "ques_type": "multi_choice",
    "ans_type": "boolean_text",
    "grade": 7,
    "split": "test"
}