{
    "id": 5783,
    "subject": "如图所示．△ABC中,∠B=∠C,D在BC上,∠BAD=50°,AE=AD,则∠EDC的度数为()",
    "eng_subject": "As shown in the figure, in △ABC, ∠B = ∠C, D is on BC, ∠BAD = 50.0, AE = AD, then the degree of ∠EDC is ()",
    "unanswerable_subject": "如图所示．△ABC中,D在BC上,∠BAD=50°,AE=AD,则∠EDC的度数为()",
    "unanswerable_eng_subject": "As shown in the figure, in △ABC, D is on BC, ∠BAD = 50.0, AE = AD, then the degree of ∠EDC is ()",
    "choices": [
        "15°",
        "25°",
        "30°",
        "50°"
    ],
    "label": 1,
    "formal_point": [
        "三角形内角和",
        "三角形的外角",
        "等腰三角形"
    ],
    "answer": "解:如图,∠AED=∠EDC+∠C,∠ADC=∠B+∠BAD,∵AD=AE,∴∠AED=∠ADE,∵∠B=∠C,∴∠B+∠BAD=∠EDC+∠C+∠EDC,即∠BAD=2∠EDC,∵∠BAD=50°,∴∠EDC=25°．故选:B．",
    "numbers": [
        50.0
    ]
}