{
    "id": 9736,
    "subject": "如图,AB为⊙O的直径,CD为⊙O的弦,∠ABD=53°,则∠BCD为()",
    "eng_subject": "As shown in the figure, AB is the diameter of ⊙O, CD is the chord of ⊙O, ∠ABD = 53.0, then ∠BCD is ()",
    "unanswerable_subject": "如图,AB为⊙O的直径,∠ABD=53°,则∠BCD为()",
    "unanswerable_eng_subject": "As shown in the figure, AB is the diameter of ⊙O, ∠ABD = 53.0, then ∠BCD is ()",
    "choices": [
        "37°",
        "47°",
        "45°",
        "53°"
    ],
    "label": 0,
    "formal_point": [
        "圆周角"
    ],
    "answer": "解:连接AC,∵AB是圆的直径,∴∠BCA=90°,又∠ACD=∠ABD=53°,∴∠BCD=∠ACB-∠ACD=90°-53°=37°．故选:A．",
    "numbers": [
        53.0
    ]
}