{
    "question": "The local high school found out how many members each club had. Which club has the fewest members?",
    "choices": [
        "history club",
        "speech club",
        "geology club",
        "math club"
    ],
    "answer": "history club",
    "unit": null,
    "table_title": "Club membership",
    "table": "Club | Number of members\nhistory club | 113\nspeech club | 123\ngeology club | 132\nmath club | 121",
    "table_for_pd": {
        "Club": [
            "history club",
            "speech club",
            "geology club",
            "math club"
        ],
        "Number of members": [
            "113",
            "123",
            "132",
            "121"
        ]
    },
    "row_num": 5,
    "column_num": 2,
    "solution": "Find the least number in the table. Remember to compare the numbers starting with the highest place value. The least number is 113.\n\nNow find the corresponding club. History club corresponds to 113.",
    "ques_type": "multi_choice",
    "ans_type": "extractive_text",
    "grade": 2,
    "split": "test"
}