{
    "question": "A fan carefully recorded the number of goals and misses made by different soccer players. Did the left midfielder or the center midfielder have more shots?",
    "choices": [
        "center midfielder",
        "left midfielder"
    ],
    "answer": "left midfielder",
    "unit": null,
    "table_title": "Soccer shots this season",
    "table": "Player | Misses | Goals\nLeft forward | 13 | 3\nLeft midfielder | 16 | 13\nRight forward | 1 | 1\nCenter midfielder | 1 | 19",
    "table_for_pd": {
        "Player": [
            "Left forward",
            "Left midfielder",
            "Right forward",
            "Center midfielder"
        ],
        "Misses": [
            "13",
            "16",
            "1",
            "1"
        ],
        "Goals": [
            "3",
            "13",
            "1",
            "19"
        ]
    },
    "row_num": 5,
    "column_num": 3,
    "solution": "Add the numbers in the Left midfielder row. Then, add the numbers in the Center midfielder row.\n\nleft midfielder: 16 + 13 = 29\ncenter midfielder: 1 + 19 = 20\n\n29 is more than 20. The left midfielder had more shots.",
    "ques_type": "multi_choice",
    "ans_type": "extractive_text",
    "grade": 5,
    "split": "test"
}