{
    "id": 3234,
    "subject": "如图,在⊙O中,若点C是⁀{AB}的中点,∠A=50°,则∠BOC=()",
    "eng_subject": "As shown in the figure, in ⊙O, if point C is the midpoint of ⁀AB, ∠A = 50.0, then ∠BOC = ()",
    "unanswerable_subject": "如图,在⊙O中,若∠A=50°,则∠BOC=()",
    "unanswerable_eng_subject": "As shown in the figure, in ⊙O, if ∠A = 50.0, then ∠BOC = ()",
    "choices": [
        "40°",
        "45°",
        "50°",
        "60°"
    ],
    "label": 0,
    "formal_point": [
        "垂径定理",
        "等腰三角形",
        "圆心角"
    ],
    "answer": "解:∵∠A=50°,OA=OB,∴∠OBA=∠OAB=50°,∴∠AOB=180°-50°-50°=80°,∵点C是⁀{AB}的中点,∴∠BOC=\\frac{1}{2}∠AOB=40°,故选:A．",
    "numbers": [
        50.0
    ]
}