{
    "question": "For the annual class picnic, each student voted for his or her favorite meal. Did fewer students choose turkey sandwiches or spaghetti for their lunch?",
    "choices": [
        "spaghetti",
        "turkey sandwiches"
    ],
    "answer": "turkey sandwiches",
    "unit": null,
    "table_title": "Lunch choices",
    "table": "Lunch | Fourth graders | Fifth graders\nSpaghetti | 7 | 13\nEgg salad | 12 | 19\nHot dogs | 10 | 1\nTurkey sandwiches | 3 | 5",
    "table_for_pd": {
        "Lunch": [
            "Spaghetti",
            "Egg salad",
            "Hot dogs",
            "Turkey sandwiches"
        ],
        "Fourth graders": [
            "7",
            "12",
            "10",
            "3"
        ],
        "Fifth graders": [
            "13",
            "19",
            "1",
            "5"
        ]
    },
    "row_num": 5,
    "column_num": 3,
    "solution": "Add the numbers in the Turkey sandwiches row. Then, add the numbers in the Spaghetti row.\n\nturkey sandwiches: 3 + 5 = 8\nspaghetti: 7 + 13 = 20\n\n8 is less than 20. Fewer students chose turkey sandwiches.",
    "ques_type": "multi_choice",
    "ans_type": "extractive_text",
    "grade": 4,
    "split": "test"
}