{
    "id": 467,
    "subject": "如图,直线AB,CD相交于点O,EO⊥AB,垂直为点O,∠BOD=50°,则∠COE=()",
    "eng_subject": "As shown in the figure, the straight lines AB and CD intersect at point O, EO ⊥ AB, and the foot of perpendicular is point O, ∠BOD = 50.0, then ∠COE = ()",
    "unanswerable_subject": "如图,直线AB,CD相交于点O,EO⊥AB,垂直为点O,则∠COE=()",
    "unanswerable_eng_subject": "As shown in the figure, the straight lines AB and CD intersect at point O, EO ⊥ AB, and the foot of perpendicular is point O, then ∠COE = ()",
    "choices": [
        "30°",
        "140°",
        "50°",
        "60°"
    ],
    "label": 1,
    "formal_point": [
        "垂线",
        "对顶角"
    ],
    "answer": "试题解析:EO⊥AB,∴∠AOE=90^{°},∵∠AOC=∠BOD=50^{°},∴∠COE=∠AOC+∠AOE=50^{°}+90^{°}=140°故选B.",
    "numbers": [
        50.0
    ]
}