{
    "question": "Clare's Candies has been studying how much chocolate people have been eating in different countries. Which country consumed the most chocolate per capita in 2002?",
    "choices": [
        "Belgium",
        "Australia",
        "Switzerland"
    ],
    "answer": "Switzerland",
    "unit": null,
    "table_title": "Chocolate consumption per capita (kg)",
    "table": "Country | 2002 | 2005\nSwitzerland | 11 | 10\nAustralia | 4 | 5\nBelgium | 8 | 11",
    "table_for_pd": {
        "Column 1": [
            "Country",
            "Switzerland",
            "Australia",
            "Belgium"
        ],
        "Column 2": [
            "2002",
            "11",
            "4",
            "8"
        ],
        "Column 3": [
            "2005",
            "10",
            "5",
            "11"
        ]
    },
    "row_num": 4,
    "column_num": 3,
    "solution": "Look at the numbers in the 2002 column. Find the greatest number in this column.\n\nThe greatest number is 11, which is in the Switzerland row. Switzerland consumed the most chocolate per capita in 2002.",
    "ques_type": "multi_choice",
    "ans_type": "extractive_text",
    "grade": 5,
    "split": "test"
}