{
    "id": 4107,
    "subject": "如图,AB是圆O的直径,DB,DC分别切圆O于点B,C,若∠ACE=25°,则∠D的度数是()",
    "eng_subject": "As shown in the figure, AB is the diameter of circle O, DB and DC are respectively tangent to circle O at points B and C. If ∠ACE = 25.0, then the degree of ∠D is ()",
    "unanswerable_subject": "如图,AB是圆O的直径,DB切圆O于点B,若∠ACE=25°,则∠D的度数是()",
    "unanswerable_eng_subject": "As shown in the figure, AB is the diameter of circle O, DB is tangent to circle O at point B. If ∠ACE = 25.0, then the degree of ∠D is ()",
    "choices": [
        "50°",
        "55°",
        "60°",
        "65°"
    ],
    "label": 0,
    "formal_point": [
        "切线",
        "圆周角"
    ],
    "answer": "解:连接BC,∵DB、DE分别切⊙O于点B、C,∴∠ACE=∠ABC,BD=DC,∵∠ACE=25°,∴∠ABC=25°,∵AB是⊙O的直径,∴∠ACB=90°,∴∠DBC=∠DCB=90°-25°=65°,∴∠D=50°．故选:A．",
    "numbers": [
        25.0
    ]
}