{
    "id": 4282,
    "subject": "如图,AB是⊙O直径,点C在⊙O上,AE是⊙O的切线,A为切点,连接BC并延长交AE于点D．若∠AOC=80°,则∠ADB的度数为()",
    "eng_subject": "As shown in the figure, AB is the diameter of ⊙O, point C is on ⊙O, AE is the tangent of ⊙O, A is the tangent point, connect BC and extend to intersect AE at point D. If ∠AOC = 80.0, then the degree of ∠ADB is ()",
    "unanswerable_subject": "如图,AB是⊙O直径,点C在⊙O上,连接BC并延长交AE于点D．若∠AOC=80°,则∠ADB的度数为()",
    "unanswerable_eng_subject": "As shown in the figure, AB is the diameter of ⊙O, point C is on ⊙O, connect BC and extend to intersect AE at point D. If ∠AOC = 80.0, then the degree of ∠ADB is ()",
    "choices": [
        "40°",
        "50°",
        "60°",
        "20°"
    ],
    "label": 1,
    "formal_point": [
        "切线",
        "圆周角",
        "直角三角形"
    ],
    "answer": "解:∵AB是⊙O直径,AE是⊙O的切线,∴∠BAD=90°,∵∠B=\\frac{1}{2}∠AOC=40°,∴∠ADB=90°-∠B=50°,故选:B．",
    "numbers": [
        80.0
    ]
}