{
    "question": "Look at this table. Is this relation a function?",
    "choices": [
        "yes",
        "no"
    ],
    "answer": "no",
    "unit": null,
    "table_title": null,
    "table": "x | y\n10 | 10\n3 | 3\n10 | 16\n8 | 2",
    "table_for_pd": {
        "x": [
            "10",
            "3",
            "10",
            "8"
        ],
        "y": [
            "10",
            "3",
            "16",
            "2"
        ]
    },
    "row_num": 5,
    "column_num": 2,
    "solution": "Look at the x-values in the table.\n\nThe x-value 10 is paired with multiple y-values, so the relation is not a function.",
    "ques_type": "multi_choice",
    "ans_type": "boolean_text",
    "grade": 8,
    "split": "test"
}