{
    "question": "Dominic has $8. Does he have enough to buy a dog leash and a bag of cat treats?",
    "choices": [
        "yes",
        "no"
    ],
    "answer": "no",
    "unit": null,
    "table_title": null,
    "table": "box of dog biscuits | $3\ndog bowl | $3\nbag of birdseed | $8\ndog leash | $5\nbag of cat treats | $4",
    "table_for_pd": {
        "Column 1": [
            "box of dog biscuits",
            "dog bowl",
            "bag of birdseed",
            "dog leash",
            "bag of cat treats"
        ],
        "Column 2": [
            "$3",
            "$3",
            "$8",
            "$5",
            "$4"
        ]
    },
    "row_num": 5,
    "column_num": 2,
    "solution": "Add the price of a dog leash and the price of a bag of cat treats:\n\n$5 + $4 = $9\n\n$9 is more than $8. Dominic does not have enough money.",
    "ques_type": "multi_choice",
    "ans_type": "boolean_text",
    "grade": 4,
    "split": "test"
}