{
    "id": 9729,
    "subject": "如图,在⊙O中,直径AB⊥弦CD于点H,E是⊙O上的点,若∠BEC=25°,则∠BAD的度数为()",
    "eng_subject": "As shown in the figure, in ⊙O, the diameter AB ⊥ chord CD at point H, E is the point on ⊙O, if ∠BEC = 25.0, then the degree of ∠BAD is ()",
    "unanswerable_subject": "如图,在⊙O中,直径AB⊥弦CD于点H,若∠BEC=25°,则∠BAD的度数为()",
    "unanswerable_eng_subject": "As shown in the figure, in ⊙O, the diameter AB ⊥ chord CD at point H, if ∠BEC = 25.0, then the degree of ∠BAD is ()",
    "choices": [
        "65°",
        "50°",
        "25°",
        "12.5°"
    ],
    "label": 2,
    "formal_point": [
        "圆周角",
        "垂径定理"
    ],
    "answer": "解:连接AC,∵直径AB⊥弦CD于点H,∴⁀{BC}=⁀{BD}∴∠CAB=∠DAB∵∠BAC=∠BEC=25°,∴∠BAD=∠BAC=25°．故选:C．",
    "numbers": [
        25.0
    ]
}