{
    "question": "An economist tracked the amount of per-capita aid sent from the U.S. to various countries during the 1900s. In 1975, which country received more aid per capita, Libya or Sri Lanka?",
    "choices": [
        "Sri Lanka",
        "Libya"
    ],
    "answer": "Sri Lanka",
    "unit": null,
    "table_title": "Aid received per capita from the U.S.",
    "table": "Country | 1965 | 1975\nLibya | $4 | $2\nAfghanistan | $5 | $5\nPakistan | $9 | $9\nSri Lanka | $1 | $11",
    "table_for_pd": {
        "Column 1": [
            "Country",
            "Libya",
            "Afghanistan",
            "Pakistan",
            "Sri Lanka"
        ],
        "Column 2": [
            "1965",
            "$4",
            "$5",
            "$9",
            "$1"
        ],
        "Column 3": [
            "1975",
            "$2",
            "$5",
            "$9",
            "$11"
        ]
    },
    "row_num": 5,
    "column_num": 3,
    "solution": "Find the 1975 column. Compare the numbers in this column for Libya and Sri Lanka.\n\n$11.00 is more than $2.00. In 1975, Sri Lanka received more aid per capita.",
    "ques_type": "multi_choice",
    "ans_type": "extractive_text",
    "grade": 4,
    "split": "test"
}