{
    "id": 2836,
    "subject": "如图,在四边形ABCD中,E、F分別是AB、AD的中点,若EF=2,BC=5,CD=3,则tanC等于()",
    "eng_subject": "As shown in the figure, in the quadrilateral ABCD, E and F are the midpoints of AB and AD respectively. If EF = 2.0, BC = 5.0, CD = 3.0, then tanC is equal to ()",
    "unanswerable_subject": "如图,在四边形ABCD中,E、F分別是AB、AD的中点,若EF=2,BC=5,则tanC等于()",
    "unanswerable_eng_subject": "As shown in the figure, in the quadrilateral ABCD, E and F are the midpoints of AB and AD respectively. If EF = 2.0, BC = 5.0, then tanC is equal to ()",
    "choices": [
        "\\frac{3}{4}",
        "\\frac{4}{3}",
        "\\frac{3}{5}",
        "\\frac{4}{5}"
    ],
    "label": 1,
    "formal_point": [
        "勾股定理",
        "三角函数",
        "直角三角形",
        "三角形中位线"
    ],
    "answer": "解:连接BD．∵E、F分別是AB、AD的中点．∴BD=2EF=4∵BC=5,CD=3∴△BCD是直角三角形．∴tanC=\\frac{BD}{CD}=\\frac{4}{3}\n故选:B．",
    "numbers": [
        2.0,
        5.0,
        3.0
    ]
}