{
    "id": 576,
    "subject": "如图,直线AB与CD相交于E,在∠CEB的平分线上有一点F,FM∥AB．当∠3=10°时,∠F的度数是()",
    "eng_subject": "As shown in the figure, the line AB and CD intersect at E, and there is a point F on the bisector of ∠CEB, FM ∥ AB. When ∠3 = 10.0, the degree of ∠F is ()",
    "unanswerable_subject": "如图,直线AB与CD相交于E,在∠CEB的平分线上有一点F．当∠3=10°时,∠F的度数是()",
    "unanswerable_eng_subject": "As shown in the figure, the line AB and CD intersect at E, and there is a point F on the bisector of ∠CEB. When ∠3 = 10.0, the degree of ∠F is ()",
    "choices": [
        "80°",
        ".82°",
        "83°",
        "85°"
    ],
    "label": 3,
    "formal_point": [
        "角平分线",
        "平行线"
    ],
    "answer": "∵∠1+∠2+∠3=180°,∠3=10°,∴∠1+∠2=170°,即∠CEB=170,∵EF平分∠CEB,∴∠1=∠2=85°,∴FM//AB,∴∠F=∠2=85°.故选D.",
    "numbers": [
        10.0
    ]
}