{
    "question": "Look at the following schedule. Sharon got on the bus at downtown at 11.45 A.M. What time will she get to the art museum?",
    "choices": [
        "1:30 P.M.",
        "12:30 P.M.",
        "1:15 P.M.",
        "12:15 P.M."
    ],
    "answer": "1:30 P.M.",
    "unit": null,
    "table_title": "Tour bus schedule",
    "table": "skyscraper | 9:30 A.M. | 10:15 A.M. | 10:45 A.M.\ndowntown | 10:30 A.M. | 11:15 A.M. | 11:45 A.M.\ncity hall | 11:15 A.M. | 12:00 P.M. | 12:30 P.M.\nart museum | 12:15 P.M. | 1:00 P.M. | 1:30 P.M.\nthe zoo | 1:15 P.M. | 2:00 P.M. | 2:30 P.M.",
    "table_for_pd": {
        "Column 1": [
            "skyscraper",
            "downtown",
            "city hall",
            "art museum",
            "the zoo"
        ],
        "Column 2": [
            "9:30 A.M.",
            "10:30 A.M.",
            "11:15 A.M.",
            "12:15 P.M.",
            "1:15 P.M."
        ],
        "Column 3": [
            "10:15 A.M.",
            "11:15 A.M.",
            "12:00 P.M.",
            "1:00 P.M.",
            "2:00 P.M."
        ],
        "Column 4": [
            "10:45 A.M.",
            "11:45 A.M.",
            "12:30 P.M.",
            "1:30 P.M.",
            "2:30 P.M."
        ]
    },
    "row_num": 5,
    "column_num": 4,
    "solution": "Find 11:45 A. M. in the row for downtown. That column shows the schedule for the bus that Sharon is on.\n\nLook down the column until you find the row for the art museum.\n\nSharon will get to the art museum at 1:30 P. M.",
    "ques_type": "multi_choice",
    "ans_type": "extractive_text",
    "grade": 4,
    "split": "test"
}