{
    "question": "Look at the following schedule. Which event ends at 12.45 P.M.?",
    "choices": [
        "lunch",
        "soccer game",
        "water balloon toss",
        "swimming competition"
    ],
    "answer": "soccer game",
    "unit": null,
    "table_title": "School picnic schedule",
    "table": "Event | Begin | End\nwater balloon toss | 10:10 A.M. | 10:50 A.M.\nobstacle course | 10:50 A.M. | 11:20 A.M.\nlunch | 11:00 A.M. | 12:00 P.M.\nsoccer game | 11:45 A.M. | 12:45 P.M.\nswimming competition | 12:35 P.M. | 1:15 P.M.",
    "table_for_pd": {
        "Event": [
            "water balloon toss",
            "obstacle course",
            "lunch",
            "soccer game",
            "swimming competition"
        ],
        "Begin": [
            "10:10 A.M.",
            "10:50 A.M.",
            "11:00 A.M.",
            "11:45 A.M.",
            "12:35 P.M."
        ],
        "End": [
            "10:50 A.M.",
            "11:20 A.M.",
            "12:00 P.M.",
            "12:45 P.M.",
            "1:15 P.M."
        ]
    },
    "row_num": 6,
    "column_num": 3,
    "solution": "Find 12:45 P. M. on the schedule. The soccer game ends at 12:45 P. M.",
    "ques_type": "multi_choice",
    "ans_type": "extractive_text",
    "grade": 3,
    "split": "test"
}