{
    "id": 7612,
    "subject": "如图,在▱ABCD中,E为CD的中点,AE交BD于点O,S~△DCE~=12,则S~△AOD~等于()",
    "eng_subject": "As shown in the figure, in ▱ABCD, E is the midpoint of CD, AE intersects BD at point O, S~△DCE~ = 12.0, then S~△AOD~ is equal to ()",
    "unanswerable_subject": "如图,在▱ABCD中,AE交BD于点O,S~△DCE~=12,则S~△AOD~等于()",
    "unanswerable_eng_subject": "As shown in the figure, in ▱ABCD, AE intersects BD at point O, S~△DCE~ = 12.0, then S~△AOD~ is equal to ()",
    "choices": [
        "24",
        "36",
        "48",
        "60"
    ],
    "label": 0,
    "formal_point": [
        "相似三角形",
        "平行四边形",
        "平行线"
    ],
    "answer": "解:∵在▱ABCD中,E为CD中点,∴DE∥AB,DE=\\frac{1}{2}AB,在△DOE与△BOA中,∠DOE=∠BOA,∠OBA=∠ODE,∴△DOE∽△BOA,∴\\frac{EO}{AO}=\\frac{DE}{BA}=\\frac{1}{2},∴S~△AOD~=2S~△DOE~=2×12=24．故选:A．",
    "numbers": [
        12.0
    ]
}