{
    "question": "Look at the table. Then answer the question. At a price of $1,340, is there a shortage or a surplus?",
    "choices": [
        "shortage",
        "surplus"
    ],
    "answer": "surplus",
    "unit": null,
    "table_title": null,
    "table": "Price | Quantity demanded | Quantity supplied\n$920 | 22,400 | 7,800\n$1,060 | 20,000 | 11,100\n$1,200 | 17,600 | 14,400\n$1,340 | 15,200 | 17,700\n$1,480 | 12,800 | 21,000",
    "table_for_pd": {
        "Price": [
            "$920",
            "$1,060",
            "$1,200",
            "$1,340",
            "$1,480"
        ],
        "Quantity demanded": [
            "22,400",
            "20,000",
            "17,600",
            "15,200",
            "12,800"
        ],
        "Quantity supplied": [
            "7,800",
            "11,100",
            "14,400",
            "17,700",
            "21,000"
        ]
    },
    "row_num": 6,
    "column_num": 3,
    "solution": "At the price of $1,340, the quantity demanded is less than the quantity supplied. There is too much of the good or service for sale at that price. So, there is a surplus.\n",
    "ques_type": "multi_choice",
    "ans_type": "boolean_text",
    "grade": 5,
    "split": "test"
}