{
    "id": 3586,
    "subject": "如图,圆内接四边形ABCD中,圆心角∠1=100°,则圆周角∠ABC等于()",
    "eng_subject": "As shown in the figure, in the circle inscribed in the quadrilateral ABCD, the central angle ∠1 = 100.0, then the angle of circumference ∠ABC is equal to ()",
    "unanswerable_subject": "如图,圆心角∠1=100°,则圆周角∠ABC等于()",
    "unanswerable_eng_subject": "As shown in the figure, the central angle ∠1 = 100.0, then the angle of circumference ∠ABC is equal to ()",
    "choices": [
        "100°",
        "120°",
        "130°",
        "150°"
    ],
    "label": 2,
    "formal_point": [
        "圆周角",
        "圆内接四边形",
        "圆心角"
    ],
    "answer": "解:∵圆心角∠1=100°,∴∠ADC=\\frac{1}{2}∠1=50°,∵四边形ABCD是圆内接四边形,∴∠ABC=180°-∠ADC=180°-50°=130°．\n故选:C．",
    "numbers": [
        100.0
    ]
}