{
    "id": 3321,
    "subject": "如图,在△ABC中,AB=AC,以BC为直径画半圆交AB于E,交AC于D,⁀{CD}的度数为40°,则∠A的度数是()",
    "eng_subject": "As shown in the figure, in △ABC, AB = AC, draw a semicircle with BC as the diameter to intersect AB at E, and it intersects AC at D, the degree of ⁀CD is 40.0, then the degree of ∠A is ()",
    "unanswerable_subject": "如图,在△ABC中,以BC为直径画半圆交AB于E,交AC于D,⁀{CD}的度数为40°,则∠A的度数是()",
    "unanswerable_eng_subject": "As shown in the figure, in △ABC, draw a semicircle with BC as the diameter to intersect AB at E, and it intersects AC at D, the degree of ⁀CD is 40.0, then the degree of ∠A is ()",
    "choices": [
        "40°",
        "70°",
        "50°",
        "20°"
    ],
    "label": 0,
    "formal_point": [
        "圆周角",
        "等腰三角形",
        "圆心角"
    ],
    "answer": "解:∵BC为圆的直径,∴∠BDC=90°,∵⁀{CD}的度数为40°,∴∠DBC=20°,∴∠C=70°,∵AB=AC,∴∠ABC=∠C=70°,∴∠A=40°,\n故选:A．",
    "numbers": [
        40.0
    ]
}