{
    "question": "Valentina has $928. Does she have enough to buy a telescope and a scale?",
    "choices": [
        "yes",
        "no"
    ],
    "answer": "yes",
    "unit": null,
    "table_title": null,
    "table": "case of beakers | $366\nprecision balance | $553\nscale | $533\ntelescope | $366",
    "table_for_pd": {
        "Column 1": [
            "case of beakers",
            "precision balance",
            "scale",
            "telescope"
        ],
        "Column 2": [
            "$366",
            "$553",
            "$533",
            "$366"
        ]
    },
    "row_num": 4,
    "column_num": 2,
    "solution": "Add the price of a telescope and the price of a scale:\n\n$366 + $533 = $899\n\n$899 is less than $928. Valentina does have enough money.",
    "ques_type": "multi_choice",
    "ans_type": "boolean_text",
    "grade": 8,
    "split": "test"
}