{
    "id": 5905,
    "subject": "如图,在Rt△ABC中,∠ACB=90°,AC=6,BC=8,AD是∠BAC的平分线．若P,Q分别是AD和AC上的动点,则PC+PQ的最小值是()",
    "eng_subject": "As shown in the figure, in Rt△ABC, ∠ACB = 90.0, AC = 6.0, BC = 8.0, AD is the bisector of ∠BAC. If P and Q are the moving points on AD and AC respectively, then the minimum value of PC + PQ is ()",
    "unanswerable_subject": "如图,在Rt△ABC中,∠ACB=90°,AC=6,BC=8．若P,Q分别是AD和AC上的动点,则PC+PQ的最小值是()",
    "unanswerable_eng_subject": "As shown in the figure, in Rt△ABC, ∠ACB = 90.0, AC = 6.0, BC = 8.0. If P and Q are the moving points on AD and AC respectively, then the minimum value of PC + PQ is ()",
    "choices": [
        "\\frac{12}{5}",
        "4",
        "\\frac{24}{5}",
        "5"
    ],
    "label": 2,
    "formal_point": [
        "对称"
    ],
    "answer": "解:如图,过点C作CM⊥AB交AB于点M,交AD于点P,过点P作PQ⊥AC于点Q,∵AD是∠BAC的平分线．∴PQ=PM,这时PC+PQ有最小值,即CM的长度,∵AC=6,BC=8,∠ACB=90°,∴AB=√{AC^{2}+BC^{2}}=√{6^{2}+8^{2}}=10．∵S~△ABC~=\\frac{1}{2}AB•CM=\\frac{1}{2}AC•BC,∴CM=\\frac{AC\\cdotBC}{AB}=\\frac{6×8}{10}=\\frac{24}{5},即PC+PQ的最小值为\\frac{24}{5}．故选:C．",
    "numbers": [
        90.0,
        6.0,
        8.0
    ]
}