{
    "id": 9276,
    "subject": "如图,在▱ABCD中,对角线AC、BD相交于点O,AC=10,BD=6,AD=4,则▱ABCD的面积是()",
    "eng_subject": "As shown in the figure, in ▱ABCD, the diagonal AC and BD intersect at point O, AC = 10.0, BD = 6.0, AD = 4.0, then the area of ​​▱ABCD is ()",
    "unanswerable_subject": "如图,在▱ABCD中,对角线AC、BD相交于点O,AC=10,BD=6,则▱ABCD的面积是()",
    "unanswerable_eng_subject": "As shown in the figure, in ▱ABCD, the diagonal AC and BD intersect at point O, AC = 10.0, BD = 6.0, then the area of ​​▱ABCD is ()",
    "choices": [
        "12",
        "12√{3}",
        "24",
        "30"
    ],
    "label": 2,
    "formal_point": [
        "勾股定理",
        "平行四边形"
    ],
    "answer": "解:∵四边形ABCD是平行四边形,且AC=10,BD=6,∴OA=OC=\\frac{1}{2}AC=5,OB=OD=\\frac{1}{2}BD=3,∵AD=4,∴AD²+DO²=OA²,∴△ADO是直角三角形,且∠BDA=90°,即AD⊥BD,∴▱ABCD面积为:AD•BD=4×6=24．故选:C．",
    "numbers": [
        10.0,
        6.0,
        4.0
    ]
}