{
    "question": "Sasha wrote down how many cups of lemonade she sold in the past 4 days. On which day did the stand sell the fewest cups of lemonade?",
    "choices": [
        "Sunday",
        "Monday",
        "Tuesday",
        "Wednesday"
    ],
    "answer": "Monday",
    "unit": null,
    "table_title": "Cups of lemonade sold",
    "table": "Day | Number of cups\nSunday | 67\nMonday | 61\nTuesday | 69\nWednesday | 65",
    "table_for_pd": {
        "Day": [
            "Sunday",
            "Monday",
            "Tuesday",
            "Wednesday"
        ],
        "Number of cups": [
            "67",
            "61",
            "69",
            "65"
        ]
    },
    "row_num": 5,
    "column_num": 2,
    "solution": "Find the least number in the table. Remember to compare the numbers starting with the highest place value. The least number is 61.\n\nNow find the corresponding day. Monday corresponds to 61.",
    "ques_type": "multi_choice",
    "ans_type": "extractive_text",
    "grade": 2,
    "split": "test"
}