{
    "id": 4445,
    "subject": "如图,在△ABC中,AB=15,AC=12,BC=9,经过点C且与边AB相切的动圆与CB、CA分别相交于点E、F,则线段EF长度的最小值是()",
    "eng_subject": "As shown in the figure, in △ABC, AB = 15.0, AC = 12.0, BC = 9.0, the moving circle passing through point C and tangent to AB intersects CB and CA at points E and F respectively, then the minimum value the length of the line segment EF is ()",
    "unanswerable_subject": "如图,在△ABC中,AB=15,AC=12,经过点C且与边AB相切的动圆与CB、CA分别相交于点E、F,则线段EF长度的最小值是()",
    "unanswerable_eng_subject": "As shown in the figure, in △ABC, AB = 15.0, AC = 12.0, the moving circle passing through point C and tangent to AB intersects CB and CA at points E and F respectively, then the minimum value the length of the line segment EF is ()",
    "choices": [
        "\\frac{12}{5}",
        "\\frac{36}{5}",
        "\\frac{15}{2}",
        "8"
    ],
    "label": 1,
    "formal_point": [
        "切线",
        "垂线",
        "勾股定理",
        "圆周角"
    ],
    "answer": "解:结合题意,易知△ABC为RT△,∠C=90°,即知EF为圆的直径,设圆与AB的切点为D,连接CD,当CD垂直于AB时,即CD是圆的直径的时候,EF长度最小,最小值是\\frac{9×12}{15}=\\frac{36}{5}．故选:B．",
    "numbers": [
        15.0,
        12.0,
        9.0
    ]
}