{
    "id": 9568,
    "subject": "如图,在△ABC中,AB=AC,∠A=40°,以C为圆心,CB的长为半径画弧,交AB于点D,连接CD,则∠ACD等于()",
    "eng_subject": "As shown in the figure, in △ABC, AB = AC, ∠A = 40.0, draw an arc with C as the center and the length of CB as the radius, intersect AB at point D, connect CD, then ∠ACD is equal to ()",
    "unanswerable_subject": "如图,在△ABC中,∠A=40°,以C为圆心,CB的长为半径画弧,交AB于点D,连接CD,则∠ACD等于()",
    "unanswerable_eng_subject": "As shown in the figure, in △ABC, ∠A = 40.0, draw an arc with C as the center and the length of CB as the radius, intersect AB at point D, connect CD, then ∠ACD is equal to ()",
    "choices": [
        "20°",
        "30°",
        "40°",
        "50°"
    ],
    "label": 1,
    "formal_point": [
        "等腰三角形"
    ],
    "answer": "解:∵AB=AC,∠A=40°,∴∠B=∠ACB=70°,∵BC=CD,∴∠CDB=∠B=70°,∴∠BCD=40°,∴∠ACD=30°,故选:B．",
    "numbers": [
        40.0
    ]
}