{
    "id": 4137,
    "subject": "如图,PA、PB分别切⊙O于A、B两点,点C在优弧⁀{ACB}上,∠P=80°,则∠C的度数为()",
    "eng_subject": "As shown in the figure, PA and PB are tangent to ⊙O at two points A and B respectively, point C is on the major arc ⁀ACB, ∠P = 80.0, then the degree of ∠C is ()",
    "unanswerable_subject": "如图,PA切⊙O于A点,点C在优弧⁀{ACB}上,∠P=80°,则∠C的度数为()",
    "unanswerable_eng_subject": "As shown in the figure, PA is tangent to ⊙O at the point A, point C is on the major arc ⁀ACB, ∠P = 80.0, then the degree of ∠C is ()",
    "choices": [
        "50°",
        "60°",
        "70°",
        "80°"
    ],
    "label": 0,
    "formal_point": [
        "切线",
        "圆周角"
    ],
    "answer": "解:∵PA是圆的切线．∴∠OAP=90°,同理∠OBP=90°,根据四边形内角和定理可得:∠AOB=360°-∠OAP-∠OBP-∠P=360°-90°-90°-80°=100°,∴∠C=\\frac{1}{2}∠AOB=50°．故选:A．",
    "numbers": [
        80.0
    ]
}