{
    "question": "In preparation for graduation, some teachers and students volunteered for the various graduation committees. Which committee has the most people?",
    "choices": [
        "food",
        "schedule",
        "ticket",
        "program"
    ],
    "answer": "food",
    "unit": null,
    "table_title": "Graduation committees",
    "table": "Committee | Teachers | Students\nTicket | 1 | 5\nProgram | 4 | 9\nSchedule | 5 | 11\nFood | 4 | 13",
    "table_for_pd": {
        "Committee": [
            "Ticket",
            "Program",
            "Schedule",
            "Food"
        ],
        "Teachers": [
            "1",
            "4",
            "5",
            "4"
        ],
        "Students": [
            "5",
            "9",
            "11",
            "13"
        ]
    },
    "row_num": 5,
    "column_num": 3,
    "solution": "Add the numbers in each row.\n\nticket: 1 + 5 = 6\nprogram: 4 + 9 = 13\nschedule: 5 + 11 = 16\nfood: 4 + 13 = 17\n\nThe greatest sum is 17, which is the total for the Food row. The most people are on the food committee.",
    "ques_type": "multi_choice",
    "ans_type": "extractive_text",
    "grade": 4,
    "split": "test"
}