{
    "id": 5704,
    "subject": "如图,在△ABC中,∠ABC=110°,AM=AN,CN=CP,则∠MNP=()",
    "eng_subject": "As shown in the figure, in △ABC, ∠ABC = 110.0, AM = AN, CN = CP, then ∠MNP = ()",
    "unanswerable_subject": "如图,在△ABC中,∠ABC=110°,AM=AN,则∠MNP=()",
    "unanswerable_eng_subject": "As shown in the figure, in △ABC, ∠ABC = 110.0, AM = AN, then ∠MNP = ()",
    "choices": [
        "25°",
        "30^°^",
        "35°",
        "45°"
    ],
    "label": 2,
    "formal_point": [
        "等腰三角形"
    ],
    "answer": "解:∵∠ABC=110°,∴∠A+∠C=180°-110°=70°．∵AM=AN,CN=CP,∴∠ANM=\\frac{180^{°}-∠A}{2},∠CNP=\\frac{180^{°}-∠C}{2},∴∠MNP=180°-\\frac{180^{°}-∠A}{2}-\\frac{180^{°}-∠C}{2}=180°-90°+\\frac{1}{2}∠A-90°+\\frac{1}{2}∠C=\\frac{1}{2}(∠A+∠C)=\\frac{1}{2}×70°=35°．故选:C．",
    "numbers": [
        110.0
    ]
}