{
    "id": 3180,
    "subject": "如图,在⊙A中,已知弦BC=8,DE=6,∠BAC+∠EAD=180°,则⊙A的半径长为()",
    "eng_subject": "As shown in the figure, in ⊙A, the known chord BC = 8.0, DE = 6.0, ∠BAC + ∠EAD = 180.0, then the radius of ⊙A is ()",
    "unanswerable_subject": "如图,在⊙A中,已知弦BC=8,∠BAC+∠EAD=180°,则⊙A的半径长为()",
    "unanswerable_eng_subject": "As shown in the figure, in ⊙A, the known chord BC = 8.0, ∠BAC + ∠EAD = 180.0, then the radius of ⊙A is ()",
    "choices": [
        "10",
        "6",
        "5",
        "8"
    ],
    "label": 2,
    "formal_point": [
        "勾股定理",
        "圆周角",
        "三角形中位线",
        "垂径定理"
    ],
    "answer": "解:作直径CF,连结BF,如图,∵∠BAC+∠EAD=180°,\n而∠BAC+∠BAF=180°,∴∠DAE=∠BAF,∴⁀{DE}=⁀{BF},∴DE=BF=6,∵CF是直径,∴∠CBF=90°,∴CF=√{BC^{2}+BF^{2}}=√{8^{2}+6^{2}}=10．∴⊙A的半径为5．\n故选:C．",
    "numbers": [
        8.0,
        6.0,
        180.0
    ]
}