{
    "id": 7220,
    "subject": "如图,在平行四边形ABCD中,E为BC的中点,AE、BD相交于点F．若△BFE的面积为3,则△ABF的面积是()",
    "eng_subject": "As shown in the figure, in the parallelogram ABCD, E is the midpoint of BC, and AE and BD intersect at point F. If the area of ​​△BFE is 3.0, then the area of ​​△ABF is ()",
    "unanswerable_subject": "如图,在平行四边形ABCD中,AE、BD相交于点F．若△BFE的面积为3,则△ABF的面积是()",
    "unanswerable_eng_subject": "As shown in the figure, in the parallelogram ABCD, AE and BD intersect at point F. If the area of ​​△BFE is 3.0, then the area of ​​△ABF is ()",
    "choices": [
        "3",
        "6",
        "9",
        "12"
    ],
    "label": 1,
    "formal_point": [
        "相似三角形",
        "平行四边形",
        "平行线"
    ],
    "answer": "解:∵四边形ABCD为平行四边形,∴AD∥BC,AD=BC,∴△AFD∽△EFB,∴\\frac{AF}{EF}=\\frac{AD}{BE},而E为BC的中点,∴BE=\\frac{1}{2}BC=\\frac{1}{2}AD,∴\\frac{AF}{EF}=2,∴\\frac{S_{\\bigtriangleupBAF}}{S_{\\bigtriangleupBEF}}=\\frac{AF}{EF}=2,∴S~△ABF~=2S~△BFE~=6．故选:B．",
    "numbers": [
        3.0
    ]
}