{
    "question": "Reagan has $1,558. Does she have enough to buy an African safari vacation package and a Jamaican vacation package?",
    "choices": [
        "yes",
        "no"
    ],
    "answer": "no",
    "unit": null,
    "table_title": null,
    "table": "Caribbean vacation package | $796\nAustralian vacation package | $835\nAfrican safari vacation package | $926\nJamaican vacation package | $682",
    "table_for_pd": {
        "Column 1": [
            "Caribbean vacation package",
            "Australian vacation package",
            "African safari vacation package",
            "Jamaican vacation package"
        ],
        "Column 2": [
            "$796",
            "$835",
            "$926",
            "$682"
        ]
    },
    "row_num": 4,
    "column_num": 2,
    "solution": "Add the price of an African safari vacation package and the price of a Jamaican vacation package:\n\n$926 + $682 = $1,608\n\n$1,608 is more than $1,558. Reagan does not have enough money.",
    "ques_type": "multi_choice",
    "ans_type": "boolean_text",
    "grade": 4,
    "split": "test"
}