{
    "id": 9356,
    "subject": "如图,在▱ABCD中,AE平分∠BAD交边BC于点E,若AD=8,EC=2,则AB的长是()",
    "eng_subject": "As shown in the figure, in ▱ABCD, AE bisects ∠BAD and it intersects BC at point E. If AD = 8.0, EC = 2.0, then the length of AB is ()",
    "unanswerable_subject": "如图,在▱ABCD中,若AD=8,EC=2,则AB的长是()",
    "unanswerable_eng_subject": "As shown in the figure, in ▱ABCD, if AD = 8.0, EC = 2.0, then the length of AB is ()",
    "choices": [
        "10",
        "8",
        "6",
        "4"
    ],
    "label": 2,
    "formal_point": [
        "角平分线",
        "平行四边形",
        "等腰三角形"
    ],
    "answer": "解:∵四边形ABCD是平行四边形,∴AD∥BC,AD=BC=8,∵AE平分∠BAD交边BC于点E,∴∠BAE=∠DAE,∵AD∥BC,∴∠DAE=∠BEA,∴∠BAE=∠BEA,∴AB=BE,∴AB=BE=BC-CE=6,故选:C．",
    "numbers": [
        8.0,
        2.0
    ]
}