{
    "id": 1131,
    "subject": "如图所示,是一株美丽的勾股树,其中所有的四边形都是正方形,所有的三角形都是直角三角形,若正方形A．B、C、D的面积分别为2,5,1,2．则最大的正方形E的面积是().",
    "eng_subject": "As shown in the picture, it is a beautiful Pythagorean tree, in which all quadrilaterals are squares, and all triangles are right triangles. The areas of square A, B, C, and D are 2.0, 5.0, 1.0, 2.0, respectively. Then the area of ​​the largest square E is ().",
    "unanswerable_subject": "如图所示,是一株美丽的勾股树,其中所有的四边形都是正方形,所有的三角形都是直角三角形,若正方形B、C、D的面积分别为5,1,2．则最大的正方形E的面积是().",
    "unanswerable_eng_subject": "As shown in the picture, it is a beautiful Pythagorean tree, in which all quadrilaterals are squares, and all triangles are right triangles. The areas of square B, C, and D are 5.0, 1.0, 2.0, respectively. Then the area of ​​the largest square E is ().",
    "choices": [
        ".9",
        "10",
        "11",
        "12"
    ],
    "label": 1,
    "formal_point": [
        "勾股定理",
        "直角三角形",
        "正方形"
    ],
    "answer": "根据勾股定理,可知,以直角边为边长的正方形的面积和等于以斜边为边的正方形的面积.即S_{A}+S_{B}+S_{C}+S_{D}=S_{E}=2+5+1+2=10故选B",
    "numbers": [
        2.0,
        5.0,
        1.0,
        2.0
    ]
}