{
    "id": 7224,
    "subject": "如图,△ABC中,D、E分别为AB、AC的中点,已知△ADE的面积为1,那么△ABC的面积是()",
    "eng_subject": "As shown in the figure, in △ABC, D and E are the midpoints of AB and AC respectively. It is known that the area of ​​△ADE is 1.0, then the area of ​​△ABC is ()",
    "unanswerable_subject": "如图,△ABC中,D为AB的中点,已知△ADE的面积为1,那么△ABC的面积是()",
    "unanswerable_eng_subject": "As shown in the figure, in △ABC, D is the midpoint of AB. It is known that the area of ​​△ADE is 1.0, then the area of ​​△ABC is ()",
    "choices": [
        "2",
        "3",
        "4",
        "5"
    ],
    "label": 2,
    "formal_point": [
        "相似三角形",
        "三角形中位线"
    ],
    "answer": "解:∵D、E分别是AB、AC的中点,∴DE是△ABC的中位线,∴DE∥BC,\\frac{DE}{BC}=\\frac{1}{2},∴△ADE∽△ABC,∴\\frac{S_{\\bigtriangleupADE}}{S_{\\bigtriangleupABC}}=(\\frac{1}{2})²=\\frac{1}{4},∵△ADE的面积为1,∴S~△ABC~=4．故选:C．",
    "numbers": [
        1.0
    ]
}