{
    "id": 4799,
    "subject": "如图,△ABC∽△AED,∠ADE=80°,∠A=60°,则∠B等于()",
    "eng_subject": "As shown in the figure, △ABC ∽ △AED, ∠ADE = 80.0, ∠A = 60.0, then ∠B is equal to ()",
    "unanswerable_subject": "如图,△ABC∽△AED,∠ADE=80°,则∠B等于()",
    "unanswerable_eng_subject": "As shown in the figure, △ABC ∽ △AED, ∠ADE = 80.0, then ∠B is equal to ()",
    "choices": [
        "40°",
        "60°",
        "80°",
        "100°"
    ],
    "label": 0,
    "formal_point": [
        "相似三角形"
    ],
    "answer": "解:∵∠ADE+∠A+∠AED=180°,∴∠AED=180°-∠ADE-∠A=180°-80°-60°=40°,又∵△ABC∽△AED,∴∠B=∠AED=40°,故选:A．",
    "numbers": [
        80.0,
        60.0
    ]
}