{
    "id": 2177,
    "subject": "如图,已知圆锥的底面半径为6,母线长为10,则此圆锥的侧面积为()",
    "eng_subject": "As shown in the figure, it is known that the radius of the bottom surface of the cone is 6.0, and the length of the generatrix is ​​10.0, then the lateral area of ​​the cone is ()",
    "unanswerable_subject": "如图,已知圆锥的底面半径为6,则此圆锥的侧面积为()",
    "unanswerable_eng_subject": "As shown in the figure, it is known that the radius of the bottom surface of the cone is 6.0, then the lateral area of ​​the cone is ()",
    "choices": [
        "60π",
        "80π",
        "10π",
        "96π"
    ],
    "label": 0,
    "formal_point": [
        "圆锥的计算"
    ],
    "answer": "解:底面周长是:2×6π=12π,则圆锥的侧面积是:\\frac{1}{2}×12π×10=60π．故选:A．",
    "numbers": [
        6.0,
        10.0
    ]
}