{
    "id": 4128,
    "subject": "如图,PA、PB是⊙O的切线,点A和B是切点,AC是⊙O的直径,已知∠P=50°,则∠ACB的大小是()",
    "eng_subject": "As shown in the figure, PA and PB are the tangents of ⊙O, points A and B are the tangent points, and AC is the diameter of ⊙O. Given that ∠P = 50.0, the size of ∠ACB is ()",
    "unanswerable_subject": "如图,PA是⊙O的切线,点A是切点,AC是⊙O的直径,已知∠P=50°,则∠ACB的大小是()",
    "unanswerable_eng_subject": "As shown in the figure, PA is the tangent of ⊙O, point A is the tangent point, and AC is the diameter of ⊙O. Given that ∠P = 50.0, the size of ∠ACB is ()",
    "choices": [
        "60°",
        "65°",
        "70°",
        "75°"
    ],
    "label": 1,
    "formal_point": [
        "切线",
        "直角三角形"
    ],
    "answer": "解:连接OB,如图,∵PA、PB是⊙O的切线,∴OA⊥PA,OB⊥PB,∴∠OAP=∠OBP=90°,∴∠AOB=360°-90°-90°-50°=130°,∵OB=OC,∴∠OCB=∠OBC,而∠AOB=∠OCB+∠OBC,∴∠OCB=\\frac{1}{2}×130°=65°,即∠ACB=65°．故选:B．",
    "numbers": [
        50.0
    ]
}