{
    "question": "Angie has $17.00. Does she have enough to buy a pair of shorts and a pair of tennis shoes?",
    "choices": [
        "yes",
        "no"
    ],
    "answer": "no",
    "unit": null,
    "table_title": null,
    "table": "pair of tennis shoes | $9.51\ngreen dress | $6.50\npair of shorts | $7.68\npair of boots | $5.00\npair of sweat pants | $6.71",
    "table_for_pd": {
        "Column 1": [
            "pair of tennis shoes",
            "green dress",
            "pair of shorts",
            "pair of boots",
            "pair of sweat pants"
        ],
        "Column 2": [
            "$9.51",
            "$6.50",
            "$7.68",
            "$5.00",
            "$6.71"
        ]
    },
    "row_num": 5,
    "column_num": 2,
    "solution": "Add the price of a pair of shorts and the price of a pair of tennis shoes:\n\n$7.68 + $9.51 = $17.19\n\n$17.19 is more than $17.00. Angie does not have enough money.",
    "ques_type": "multi_choice",
    "ans_type": "boolean_text",
    "grade": 8,
    "split": "test"
}