{
    "question": "An economics student recorded the amount of per-capita aid that the U.S. gave to various countries during the 1900s. In 1980, which country received less aid per capita, Pakistan or Afghanistan?",
    "choices": [
        "Pakistan",
        "Afghanistan"
    ],
    "answer": "Afghanistan",
    "unit": null,
    "table_title": "Aid received per capita from the U.S.",
    "table": "Country | 1980 | 1990\nLibya | $5 | $5\nAfghanistan | $2 | $7\nAlgeria | $9 | $10\nPakistan | $14 | $10",
    "table_for_pd": {
        "Column 1": [
            "Country",
            "Libya",
            "Afghanistan",
            "Algeria",
            "Pakistan"
        ],
        "Column 2": [
            "1980",
            "$5",
            "$2",
            "$9",
            "$14"
        ],
        "Column 3": [
            "1990",
            "$5",
            "$7",
            "$10",
            "$10"
        ]
    },
    "row_num": 5,
    "column_num": 3,
    "solution": "Find the 1980 column. Compare the numbers in this column for Pakistan and Afghanistan.\n\n$2.00 is less than $14.00. In 1980, Afghanistan received less aid per capita.",
    "ques_type": "multi_choice",
    "ans_type": "extractive_text",
    "grade": 4,
    "split": "test"
}