{
    "id": 449,
    "subject": "如图,A、B、C为⊙O上的任意三点,若∠BOC=100°,则∠BAC的度数为()",
    "eng_subject": "As shown in the figure, A, B, C are any three points on ⊙O, if ∠BOC = 100.0, then the degree of ∠BAC is ()",
    "unanswerable_subject": "如图,A、B为⊙O上的任意三点,若∠BOC=100°,则∠BAC的度数为()",
    "unanswerable_eng_subject": "As shown in the figure, A, B are any three points on ⊙O, if ∠BOC = 100.0, then the degree of ∠BAC is ()",
    "choices": [
        "50°",
        "80°",
        "100°",
        "130°"
    ],
    "label": 3,
    "formal_point": [
        "圆周角"
    ],
    "answer": "取⊙O上的一点D,连接BD,CD,∵∠BOC=100°,△∠D=50°,∴∠BAC=180°50°=130°,故选D.",
    "numbers": [
        100.0
    ]
}