{
    "id": 7842,
    "subject": "如图,一小型水库堤坝的横断面为直角梯形,坝顶BC宽6m,坝高14m,斜坡CD的坡度i=1:2,则坝底AD的长为()",
    "eng_subject": "As shown in the figure, the cross section of a small reservoir dam is a right trapezoid, the width of crest BC is 6.0, the height of dam is 14.0, and the slope of the slope CD is i = 1.0:2.0, then the length of the dam bottom AD is ()",
    "unanswerable_subject": "如图,一小型水库堤坝的横断面为直角梯形,坝顶BC宽6m,斜坡CD的坡度i=1:2,则坝底AD的长为()",
    "unanswerable_eng_subject": "As shown in the figure, the cross section of a small reservoir dam is a right trapezoid, the width of crest BC is 6.0, and the slope of the slope CD is i = 1.0:2.0, then the length of the dam bottom AD is ()",
    "choices": [
        "13m",
        "34m",
        "(6+14√{3})m",
        "40m"
    ],
    "label": 1,
    "formal_point": [
        "直角三角形",
        "坡角"
    ],
    "answer": "解:过点C作CE⊥AD于点E,∵BC=6m,坝高为14m,∴AE=6m,CE=14m,∵斜坡CD的坡度i=1:2,∴CE:DE=1:2,∴DE=28m,则AD=AE+DE=6+28=34(m)．故选:B．",
    "numbers": [
        6.0,
        14.0,
        1.0,
        2.0
    ]
}