{
    "id": 9119,
    "subject": "如图,在菱形ABCD中,∠BAD=120°,对角线AC的长为3,则菱形ABCD的周长为()",
    "eng_subject": "As shown in the figure, in the diamond ABCD, ∠BAD = 120.0, the length of the diagonal AC is 3.0, then the perimeter of the diamond ABCD is ()",
    "unanswerable_subject": "如图,在菱形ABCD中,对角线AC的长为3,则菱形ABCD的周长为()",
    "unanswerable_eng_subject": "As shown in the figure, in the diamond ABCD, the length of the diagonal AC is 3.0, then the perimeter of the diamond ABCD is ()",
    "choices": [
        "3",
        "6",
        "9",
        "12"
    ],
    "label": 3,
    "formal_point": [
        "等边三角形",
        "菱形"
    ],
    "answer": "解:如图所示,∵四边形ABCD是菱形,AC是对角线,∴AB=BC=CD=AD,∠BAC=∠CAD=\\frac{1}{2}∠BAD,∴∠BAC=60°,∴△ABC是等边三角形,∴AB=BC=3,∴AB=BC=CD=AD=3,∴菱形ABCD的周长是12．故选:D．",
    "numbers": [
        120.0,
        3.0
    ]
}