{
    "question": "Wyatt has $1.00. Does he have enough to buy a mountain postcard and an airplane stamp?",
    "choices": [
        "yes",
        "no"
    ],
    "answer": "yes",
    "unit": null,
    "table_title": null,
    "table": "airplane stamp | $0.31\nmountain postcard | $0.48\ndeer postcard | $0.40\nbird postcard | $0.38\nlarge yellow envelope | $0.59\ncoyote stamp | $0.19",
    "table_for_pd": {
        "Column 1": [
            "airplane stamp",
            "mountain postcard",
            "deer postcard",
            "bird postcard",
            "large yellow envelope",
            "coyote stamp"
        ],
        "Column 2": [
            "$0.31",
            "$0.48",
            "$0.40",
            "$0.38",
            "$0.59",
            "$0.19"
        ]
    },
    "row_num": 6,
    "column_num": 2,
    "solution": "Add the price of a mountain postcard and the price of an airplane stamp:\n\n$0.48 + $0.31 = $0.79\n\n$0.79 is less than $1.00. Wyatt does have enough money.",
    "ques_type": "multi_choice",
    "ans_type": "boolean_text",
    "grade": 8,
    "split": "test"
}