{
    "id": 1147,
    "subject": "如图,直线AB,CD被BC所截,若AB∥CD,∠1=45°,∠2=35°,则∠3=()",
    "eng_subject": "As shown in the figure, the straight lines AB and CD are cut by BC. If AB ∥ CD, ∠1 = 45.0, ∠2 = 35.0, then ∠3 = ()",
    "unanswerable_subject": "如图,直线AB,CD被BC所截,若∠1=45°,∠2=35°,则∠3=()",
    "unanswerable_eng_subject": "As shown in the figure, the straight lines AB and CD are cut by BC. If ∠1 = 45.0, ∠2 = 35.0, then ∠3 = ()",
    "choices": [
        "80°",
        "70°",
        "60°",
        "90°"
    ],
    "label": 0,
    "formal_point": [
        "三角形的外角",
        "平行线",
        "内错角"
    ],
    "answer": "∵AB//CD,∠1=45°,∴∠C=∠1=45°∵∠2=35°,∴∠3=∠2+∠C=35°+45°=80°.故选A.",
    "numbers": [
        45.0,
        35.0
    ]
}