{
    "question": "Sanjay has $152.00. Does he have enough to buy a soccer ticket and a golf ticket?",
    "choices": [
        "yes",
        "no"
    ],
    "answer": "no",
    "unit": null,
    "table_title": null,
    "table": "soccer ticket | $98.00\nbaseball ticket | $35.00\nfootball ticket | $79.00\ngolf ticket | $59.00",
    "table_for_pd": {
        "Column 1": [
            "soccer ticket",
            "baseball ticket",
            "football ticket",
            "golf ticket"
        ],
        "Column 2": [
            "$98.00",
            "$35.00",
            "$79.00",
            "$59.00"
        ]
    },
    "row_num": 4,
    "column_num": 2,
    "solution": "Add the price of a soccer ticket and the price of a golf ticket:\n\n$98.00 + $59.00 = $157.00\n\n$157.00 is more than $152.00. Sanjay does not have enough money.",
    "ques_type": "multi_choice",
    "ans_type": "boolean_text",
    "grade": 3,
    "split": "test"
}