{
    "id": 120,
    "subject": "如图,△ABC≌△ADE,若∠B=70°,∠C=30°,∠DAC=35°,则∠EAC的度数为()",
    "eng_subject": "As shown in the figure, △ABC ≌ △ADE, if ∠B = 70.0, ∠C = 30.0, ∠DAC = 35.0, then the degree of ∠EAC is ()",
    "unanswerable_subject": "如图,若∠B=70°,∠C=30°,∠DAC=35°,则∠EAC的度数为()",
    "unanswerable_eng_subject": "As shown in the figure, if ∠B = 70.0, ∠C = 30.0, ∠DAC = 35.0, then the degree of ∠EAC is ()",
    "choices": [
        "40°",
        "45°",
        "35°",
        "25°"
    ],
    "label": 1,
    "formal_point": [],
    "answer": "试题解析:∵∠B=70°,∠C=30°,∴∠BAC=180°-∠B-∠C=180^{°}-70^{°}-30^{°}=80^{°},∵△ABC≌△ADE,∴∠EAD=∠BAC=80°,∴∠EAC=∠EAD-∠DAC=80°-35°=45°,故选B.",
    "numbers": [
        70.0,
        30.0,
        35.0
    ]
}