{
    "question": "Look at this table. Is this relation a function?",
    "choices": [
        "yes",
        "no"
    ],
    "answer": "no",
    "unit": null,
    "table_title": null,
    "table": "x | y\n12 | 7\n20 | 16\n12 | 14\n11 | 19",
    "table_for_pd": {
        "x": [
            "12",
            "20",
            "12",
            "11"
        ],
        "y": [
            "7",
            "16",
            "14",
            "19"
        ]
    },
    "row_num": 5,
    "column_num": 2,
    "solution": "Look at the x-values in the table.\n\nThe x-value 12 is paired with multiple y-values, so the relation is not a function.",
    "ques_type": "multi_choice",
    "ans_type": "boolean_text",
    "grade": 8,
    "split": "test"
}