{
    "id": 3440,
    "subject": "如图,点A,B,C在⊙O上,若∠C=35°,则∠AOB=()",
    "eng_subject": "As shown in the figure, points A, B, and C are on ⊙O, if ∠C = 35.0, then ∠AOB = ()",
    "unanswerable_subject": "如图,点A,B在⊙O上,若∠C=35°,则∠AOB=()",
    "unanswerable_eng_subject": "As shown in the figure, points A, and B are on ⊙O, if ∠C = 35.0, then ∠AOB = ()",
    "choices": [
        "17.5°",
        "35°",
        "60°",
        "70°"
    ],
    "label": 3,
    "formal_point": [
        "圆周角"
    ],
    "answer": "解:由圆周角定理可得:∠AOB=2∠ACB=70°．\n故选:D．",
    "numbers": [
        35.0
    ]
}