{
    "id": 7429,
    "subject": "如图,△ABC中有一正方形DEFG,其中D在AC上,E、F在AB上,直线AG分别交DE、BC于M、N两点．若∠B=90°,AB=8,BC=6,EF=2,则BN的长度为()",
    "eng_subject": "As shown in the figure, there is a square DEFG in △ABC, where D is on AC, E and F are on AB, and the straight line AG intersects DE and BC at M and N points respectively. If ∠B = 90.0, AB = 8.0, BC = 6.0, EF = 2.0, then the length of BN is ()",
    "unanswerable_subject": "如图,△ABC中有一正方形DEFG,其中D在AC上,E、F在AB上,直线AG分别交DE、BC于M、N两点．若∠B=90°,AB=8,BC=6,则BN的长度为()",
    "unanswerable_eng_subject": "As shown in the figure, there is a square DEFG in △ABC, where D is on AC, E and F are on AB, and the straight line AG intersects DE and BC at M and N points respectively. If ∠B = 90.0, AB = 8.0, BC = 6.0, then the length of BN is ()",
    "choices": [
        "\\frac{8}{3}",
        "\\frac{16}{5}",
        "\\frac{24}{7}",
        "\\frac{7}{2}"
    ],
    "label": 2,
    "formal_point": [
        "相似三角形",
        "正方形"
    ],
    "answer": "解:∵四边形DEFG为正方形,∴∠AED=∠AFG=∠B=90°．∵∠DAE=∠CAB,∠GAF=∠NAB,∴△DAE∽△CAB,△GAF∽△NAB．∵AB=8,BC=6,EF=2,∴\\frac{AE}{AB}=\\frac{DE}{CB},即\\frac{AE}{8}=\\frac{2}{6},∴AE=\\frac{8}{3},∴AF=AE+EF=\\frac{14}{3}．∵△GAF∽△NAB,∴\\frac{BN}{GF}=\\frac{AB}{AF},即\\frac{BN}{2}=\\frac{8}{\\frac{14}{3}},∴BN=\\frac{24}{7}．故选:C．",
    "numbers": [
        90.0,
        8.0,
        6.0,
        2.0
    ]
}