{
    "id": 500,
    "subject": "如图,已知∠1＋∠2=100°,则∠3=()．",
    "eng_subject": "As shown in the figure, it is known that ∠1 + ∠2 = 100.0, then ∠3 = ().",
    "unanswerable_subject": "如图,已知∠1=∠2,则∠3=()．",
    "unanswerable_eng_subject": "As shown in the figure, it is known that ∠1 = ∠2, then ∠3 = ().",
    "choices": [
        "50°",
        "80°",
        "130°",
        "120°"
    ],
    "label": 2,
    "formal_point": [
        "邻补角",
        "对顶角"
    ],
    "answer": "∵∠1+∠2=100^{°},∠1=∠2,∴∠1=50^{°},∴∠3=180°-∠1=130°,故选C.",
    "numbers": [
        100.0
    ]
}