{
    "id": 5350,
    "subject": "如图,四边形ABCD的对角线AC⊥BD,垂足为O,且AC=12,BD=9,则四边形ABCD的面积是()",
    "eng_subject": "As shown in the figure, the diagonals of the quadrilateral ABCD AC ⊥ BD, the foot of perpendicular is O, and AC = 12.0, BD = 9.0, then the area of ​​the quadrilateral ABCD is ()",
    "unanswerable_subject": "如图,四边形ABCD的对角线AC⊥BD,垂足为O,且AC=12,则四边形ABCD的面积是()",
    "unanswerable_eng_subject": "As shown in the figure, the diagonals of the quadrilateral ABCD AC ⊥ BD, the foot of perpendicular is O, and AC = 12.0, then the area of ​​the quadrilateral ABCD is ()",
    "choices": [
        "60",
        "54",
        "30",
        "27"
    ],
    "label": 1,
    "formal_point": [
        "多边形"
    ],
    "answer": "【解答】解:∵AC⊥BD,AC=12,BD=9,∴S四边形ABCD=S_{△AOD}+S_{△COD}+S_{△BOC}+S_{△AOB}=\\frac{1}{2}OA\\cdotOD+\\frac{1}{2}OC\\cdotOD+\\frac{1}{2}OC\\cdotOB+\\frac{1}{2}OB\\cdotOA=\\frac{1}{2}OD(OA+OC)+\\frac{1}{2}OB(OA+OC)=\\frac{1}{2}OD\\cdotAC+\\frac{1}{2}OB\\cdotAC=\\frac{1}{2}AC\\cdot(OD+OC)=\\frac{1}{2}AC\\cdotBD=\\frac{1}{2}×12×9=54．",
    "numbers": [
        12.0,
        9.0
    ]
}