{
    "id": 3949,
    "subject": "如图,AB、AC、BD是⊙O的切线,切点分别为P、C、D,若AB=5,AC=3,则BD的长是()",
    "eng_subject": "As shown in the figure, AB, AC, and BD are the tangents of ⊙O, and the tangent points are P, C, and D respectively. If AB = 5.0, AC = 3.0, then the length of BD is ()",
    "unanswerable_subject": "如图,AB、AC是⊙O的切线,切点分别为P、C,若AB=5,AC=3,则BD的长是()",
    "unanswerable_eng_subject": "As shown in the figure, AB and AC are the tangents of ⊙O, and the tangent points are P and C respectively. If AB = 5.0, AC = 3.0, then the length of BD is ()",
    "choices": [
        "1.5",
        "2",
        "2.5",
        "3"
    ],
    "label": 1,
    "formal_point": [
        "切线"
    ],
    "answer": "解:∵AC、AP为⊙O的切线,∴AC=AP,∵BP、BD为⊙O的切线,∴BP=BD,∴BD=PB=AB-AP=5-3=2．故选:B．",
    "numbers": [
        5.0,
        3.0
    ]
}