{
    "id": 323,
    "subject": "如图,直线AB∥CD,∠1=136°,∠E为直角,则∠C等于()",
    "eng_subject": "As shown in the figure, the straight line AB ∥ CD, ∠1 = 136.0, ∠E is a right angle, then ∠C is equal to ()",
    "unanswerable_subject": "如图,∠1=136°,∠E为直角,则∠C等于()",
    "unanswerable_eng_subject": "As shown in the figure, ∠1 = 136.0, ∠E is a right angle, then ∠C is equal to ()",
    "choices": [
        "42°",
        "44°",
        "46°",
        "48°"
    ],
    "label": 2,
    "formal_point": [
        "平行线"
    ],
    "answer": "试题解析:∵∠1=136^{°},∴∠BAE=180^{°}-∠1=44^{°},过E作EF//AB,∴AB//CD,∴AB//EF//CD,∴∠BAE=∠AEF,∠CEF=∠C,∵∠BAE=44°,∠E为直角,∴∠AEF=44°,∴∠C=∠CEF=90^{°}-44^{°}=46^{°},故选C.",
    "numbers": [
        136.0
    ]
}