{
    "id": 6528,
    "subject": "如图,PA、PB是半径为1的⊙O的两条切线,点A、B分别为切点,∠APB=60°,OP与弦AB交于点C,与⊙O交于点D．则图中阴影部分的面积是()",
    "eng_subject": "As shown in the figure, PA and PB are two tangents of ⊙O with radius 1.0, points A and B are tangent points respectively, ∠APB = 60.0, OP intersects chord AB at point C, and intersects ⊙O at point D. Then the area of ​​the shaded part in the figure is ()",
    "unanswerable_subject": "如图,PA是半径为1的⊙O的切线,点A为切点,∠APB=60°,OP与弦AB交于点C,与⊙O交于点D．则图中阴影部分的面积是()",
    "unanswerable_eng_subject": "As shown in the figure, PA is the tangent of ⊙O with radius 1.0, A is the tangent point, ∠APB = 60.0, OP intersects chord AB at point C, and intersects ⊙O at point D. Then the area of ​​the shaded part in the figure is ()",
    "choices": [
        "\\frac{1}{3}π",
        "\\frac{1}{3}π-\\frac{√{3}}{4}",
        "\\frac{1}{6}π",
        "\\frac{1}{6}π-\\frac{√{3}}{4}"
    ],
    "label": 2,
    "formal_point": [
        "切线",
        "扇形面积",
        "圆心角"
    ],
    "answer": "解:∵PA、PB是半径为1的⊙O的两条切线,∴OA⊥PA,OB⊥PB,OP平分∠APB,而∠APB=60°,∴∠APO=30°,∠POA=90°-30°=60°,又∵OP垂直平分AB,∴△AOC≌△BOC,∴S~△AOC~=S~△BOC~,∴S~阴影部分~=S~扇形OAD~=\\frac{60π×1^{2}}{360}=\\frac{π}{6}．故选:C．",
    "numbers": [
        1.0,
        60.0
    ]
}