{
    "id": 0,
    "subject": "如图,在△ABC中,已知∠A=80°,∠B=60°,DE∥BC,那么∠CED的大小是()",
    "eng_subject": "As shown in the figure, in △ABC, it is known that ∠A = 80.0, ∠B = 60.0, DE ∥ BC, then the size of ∠CED is ()",
    "unanswerable_subject": "如图,在△ABC中,已知∠A=80°,∠B=60°,那么∠CED的大小是()",
    "unanswerable_eng_subject": "As shown in the figure, in △ABC, it is known that ∠A = 80.0, ∠B = 60.0, then the size of ∠CED is ()",
    "choices": [
        "40°",
        "60°",
        "120°",
        "140°"
    ],
    "label": 3,
    "formal_point": [
        "三角形内角和",
        "邻补角",
        "对顶角"
    ],
    "answer": "∵∠A+∠B+∠C=180°(三角形内角和定理),∠A=80°,∠B=60°,∴∠C=180°-∠A-∠B=180°-80°-60°=40°,又∵DE//BC,∴∠CED+∠C=180°(两直线平行,同旁内角互补).∴∠CED=180°-40°=140°.故选D.",
    "numbers": [
        80.0,
        60.0
    ]
}