{
    "id": 4985,
    "subject": "如图,在四边形ABCD中,点P是对角线BD的中点,点E、F分别是AB、CD的中点,AD=BC,∠FPE=136°,则∠PFE的度数是()",
    "eng_subject": "As shown in the figure, in the quadrilateral ABCD, point P is the midpoint of the diagonal BD, points E and F are the midpoints of AB and CD respectively, AD = BC, ∠FPE = 136.0, then the degree of ∠PFE is ()",
    "unanswerable_subject": "如图,在四边形ABCD中,点E、F分别是AB、CD的中点,AD=BC,∠FPE=136°,则∠PFE的度数是()",
    "unanswerable_eng_subject": "As shown in the figure, in the quadrilateral ABCD, points E and F are the midpoints of AB and CD respectively, AD = BC, ∠FPE = 136.0, then the degree of ∠PFE is ()",
    "choices": [
        "15°",
        "20°",
        "22°",
        "44°"
    ],
    "label": 2,
    "formal_point": [
        "三角形中位线"
    ],
    "answer": "【解答】解:∵P是对角线BD的中点,E是AB的中点,∴EP=\\frac{1}{2}AD,同理,FP=\\frac{1}{2}BC,∵AD=BC,∴PE=PF,∵∠FPE=136°,∴∠PFE=∠PEF=22°,",
    "numbers": [
        136.0
    ]
}