{
    "id": 5096,
    "subject": "如图,AB是⊙O的弦,OC⊥AB于点D,交⊙O于点C,若半径为5,OD=3,则弦AB的长为()",
    "eng_subject": "As shown in the figure, AB is the chord of ⊙O, OC ⊥ AB at point D, and it intersects ⊙O at point C, if the radius is 5.0, OD = 3.0, then the length of chord AB is ()",
    "unanswerable_subject": "如图,AB是⊙O的弦,OC⊥AB于点D,交⊙O于点C,若半径为5,则弦AB的长为()",
    "unanswerable_eng_subject": "As shown in the figure, AB is the chord of ⊙O, OC ⊥ AB at point D, and it intersects ⊙O at point C, if the radius is 5.0, then the length of chord AB is ()",
    "choices": [
        "5",
        "6",
        "7",
        "8"
    ],
    "label": 3,
    "formal_point": [
        "勾股定理",
        "垂径定理"
    ],
    "answer": "【解答】解:连接AO,∵OC⊥AB,∴D为AB的中点,即AD=BD=\\frac{1}{2}AB,在Rt△AOD中,OA=5,OD=3,根据勾股定理得:AD=√{AO²-DO²}=4,则AB=2AD=8．",
    "numbers": [
        5.0,
        3.0
    ]
}