{
    "question": "Look at the following schedule. Gina just missed the 10.45 A.M. bus at downtown. How long does she have to wait until the next bus?",
    "choices": [
        "1 hour",
        "15 minutes",
        "45 minutes",
        "30 minutes"
    ],
    "answer": "15 minutes",
    "unit": null,
    "table_title": "Hotel shuttle bus schedule",
    "table": "downtown | 10:30 A.M. | 10:45 A.M. | 11:00 A.M.\nhotel | 11:15 A.M. | 11:30 A.M. | 11:45 A.M.\nsoftball field | 12:15 P.M. | 12:30 P.M. | 12:45 P.M.\ntrain station | 1:00 P.M. | 1:15 P.M. | 1:30 P.M.",
    "table_for_pd": {
        "Column 1": [
            "downtown",
            "hotel",
            "softball field",
            "train station"
        ],
        "Column 2": [
            "10:30 A.M.",
            "11:15 A.M.",
            "12:15 P.M.",
            "1:00 P.M."
        ],
        "Column 3": [
            "10:45 A.M.",
            "11:30 A.M.",
            "12:30 P.M.",
            "1:15 P.M."
        ],
        "Column 4": [
            "11:00 A.M.",
            "11:45 A.M.",
            "12:45 P.M.",
            "1:30 P.M."
        ]
    },
    "row_num": 4,
    "column_num": 4,
    "solution": "Find 10:45 A. M. in the row for downtown.\n\nLook for the next bus in that row.\n\nThe next bus is at 11:00 A. M.\n\nFind the elapsed time. The elapsed time is 15 minutes.",
    "ques_type": "multi_choice",
    "ans_type": "other_text",
    "grade": 4,
    "split": "test"
}