{
    "id": 620,
    "subject": "如图所示,矩形ABCD的对角线AC、BD相交于点O,CE∥BD,DE∥AC,若AB=4,BC=3,则四边形CODE的周长是()",
    "eng_subject": "As shown in the figure, the diagonal AC and BD of the rectangle ABCD intersect at point O, CE ∥ BD, DE ∥ AC, if AB = 4.0, BC = 3.0, then the perimeter of the quadrilateral CODE is ()",
    "unanswerable_subject": "如图所示,矩形ABCD的对角线AC、BD相交于点O,CE∥BD,DE∥AC,若AB=4,则四边形CODE的周长是()",
    "unanswerable_eng_subject": "As shown in the figure, the diagonal AC and BD of the rectangle ABCD intersect at point O, CE ∥ BD, DE ∥ AC, if AB = 4.0, then the perimeter of the quadrilateral CODE is ()",
    "choices": [
        "10",
        "12",
        "18",
        "24"
    ],
    "label": 0,
    "formal_point": [
        "矩形",
        "平行四边形",
        "菱形",
        "勾股定理"
    ],
    "answer": "首先由CE||BD,DE||AC,可证得四边形CODE是平行四边形,又由四边形ABCD是矩形,根据矩形的性质,易得OC=OD=2,即可判定四边形CODE是菱形,继而求得答案.解:∵CE||BD1DE||AC,∴四边形CODE是平行四边形,.四边形ABCD是矩形,∴AC=BD=4,OA=OC,OB=OD,∴OD=OC,AC=√{AB²+BC²}=√{4²+3²}=5.∴四边形CODE是菱形,且OC=\\frac{1}{2}AC=2.5∴四边形CODE的周长为:2.5×4=10.故选A",
    "numbers": [
        4.0,
        3.0
    ]
}