{
    "question": "The local high school found out how many members each club had. Which club has the fewest members?",
    "choices": [
        "French club",
        "math club",
        "Japanese club",
        "Spanish club"
    ],
    "answer": "Spanish club",
    "unit": null,
    "table_title": "Club membership",
    "table": "Club | Number of members\nFrench club | 186\nmath club | 181\nJapanese club | 168\nSpanish club | 116",
    "table_for_pd": {
        "Club": [
            "French club",
            "math club",
            "Japanese club",
            "Spanish club"
        ],
        "Number of members": [
            "186",
            "181",
            "168",
            "116"
        ]
    },
    "row_num": 5,
    "column_num": 2,
    "solution": "Find the least number in the table. Remember to compare the numbers starting with the highest place value. The least number is 116.\n\nNow find the corresponding club. Spanish club corresponds to 116.",
    "ques_type": "multi_choice",
    "ans_type": "extractive_text",
    "grade": 2,
    "split": "test"
}