{
    "id": 7065,
    "subject": "如图,在直角三角形ABC中,∠C=90°,AB=5,AC=4,则sin∠B的值为()",
    "eng_subject": "As shown in the figure, in the right triangle ABC, ∠C = 90.0, AB = 5.0, AC = 4.0, then the value of sin∠B is ()",
    "unanswerable_subject": "如图,在直角三角形ABC中,∠C=90°,AB=5,则sin∠B的值为()",
    "unanswerable_eng_subject": "As shown in the figure, in the right triangle ABC, ∠C = 90.0, AB = 5.0, then the value of sin∠B is ()",
    "choices": [
        "\\frac{3}{5}",
        "\\frac{4}{5}",
        "\\frac{3}{4}",
        "\\frac{4}{3}"
    ],
    "label": 1,
    "formal_point": [
        "勾股定理",
        "三角函数",
        "直角三角形"
    ],
    "answer": "解:∵在直角三角形ABC中,∠C=90°,AB=5,AC=4,∴sin∠B=AC:AB=4:5．故选:B．",
    "numbers": [
        90.0,
        5.0,
        4.0
    ]
}