{
    "id": 199,
    "subject": "□ABCD中,对角线AC与BD交于点O,∠DAC=42°,∠CBD=23°,则∠COD是()．",
    "eng_subject": "In □ABCD, the diagonal AC and BD intersect at point O, ∠DAC = 42.0, ∠CBD = 23.0, then ∠COD is ().",
    "unanswerable_subject": "□ABCD中,对角线AC与BD交于点O,∠CBD=23°,则∠COD是()．",
    "unanswerable_eng_subject": "In □ABCD, the diagonal AC and BD intersect at point O, ∠CBD = 23.0, then ∠COD is ().",
    "choices": [
        "61°",
        "63°",
        "65°",
        "67°"
    ],
    "label": 2,
    "formal_point": [
        "平行四边形"
    ],
    "answer": "试题分析:∵AD//BC,∴∠BCA=∠DAC=42°,根据三角形的外角等于和它不相邻的内角和,∠COD=∠BCO+∠CBO=42°+23°=65°,故选",
    "numbers": [
        42.0,
        23.0
    ]
}