{
    "id": 2785,
    "subject": "如图,ABC中,AB=AC=4cm,BC=6cm,则\\cosB=()",
    "eng_subject": "As shown in the figure, in ABC, AB = AC = 4.0, BC = 6.0, then cosB = ()",
    "unanswerable_subject": "如图,ABC中,AB=4cm,BC=6cm,则\\cosB=()",
    "unanswerable_eng_subject": "As shown in the figure, in ABC, AB = 4.0, BC = 6.0, then cosB = ()",
    "choices": [
        "\\frac{3}{4}",
        "\\frac{4}{3}",
        "\\frac{3}{5}",
        "\\frac{4}{5}"
    ],
    "label": 0,
    "formal_point": [
        "三角函数",
        "等腰三角形"
    ],
    "answer": "解:作AD⊥BC于点D．∵AB=AC,∴BD=\\frac{1}{2}BC=3cm,∴\\cosB=\\frac{BD}{AB}=\\frac{3}{4}．\n故选:A．",
    "numbers": [
        4.0,
        6.0
    ]
}