{
    "id": 9918,
    "subject": "如图,Rt△ABC中,∠ACB=90°,AC=4,BC=3,以AC为直径的圆交AB于D,则AD的长为()",
    "eng_subject": "As shown in the figure, in Rt△ABC, ∠ACB = 90.0, AC = 4.0, BC = 3.0, the circle with AC as the diameter intersects AB at D, then the length of AD is ()",
    "unanswerable_subject": "如图,Rt△ABC中,∠ACB=90°,BC=3,以AC为直径的圆交AB于D,则AD的长为()",
    "unanswerable_eng_subject": "As shown in the figure, in Rt△ABC, ∠ACB = 90.0, BC = 3.0, the circle with AC as the diameter intersects AB at D, then the length of AD is ()",
    "choices": [
        "\\frac{9}{5}",
        "\\frac{12}{5}",
        "\\frac{16}{5}",
        "4"
    ],
    "label": 2,
    "formal_point": [
        "切线",
        "圆周角",
        "直角三角形",
        "勾股定理"
    ],
    "answer": "解:连接CD,∵Rt△ABC中,∠ACB=90°,AC=4,BC=3,∴根据勾股定理得:AB=√{AC²+BC²}=5,∵AC为直径,∴CD⊥AB,∴CD=\\frac{AC\\cdotBC}{AB}=\\frac{12}{5},∴AD=√{AC²-CD²}=\\frac{16}{5}．故选:C．",
    "numbers": [
        90.0,
        4.0,
        3.0
    ]
}