{
    "id": 2375,
    "subject": "如图,在一场羽毛球比赛中,站在场内M处的运动员林丹把求从N点击到了对方内的B点,已知网高OA=1.52m,OB=4m,OM=5m,则林丹起跳后击球点离地面的距离NM=()",
    "eng_subject": "As shown in the figure, in a badminton game, Lin Dan, the athlete standing at M in the field, clicks the request from N to point B in the opponent. It is known that the net height OA = 1.52, OB = 4.0, OM = 5.0, then when Lin Dan takes off, the distance from the hitting point to the ground NM = ()",
    "unanswerable_subject": "如图,在一场羽毛球比赛中,站在场内M处的运动员林丹把求从N点击到了对方内的B点,已知网高OA=1.52m,OM=5m,则林丹起跳后击球点离地面的距离NM=()",
    "unanswerable_eng_subject": "As shown in the figure, in a badminton game, Lin Dan, the athlete standing at M in the field, clicks the request from N to point B in the opponent. It is known that the net height OA = 1.52, OM = 5.0, then when Lin Dan takes off, the distance from the hitting point to the ground NM = ()",
    "choices": [
        "3.42m",
        "1.9m",
        "3m",
        "3.24m"
    ],
    "label": 0,
    "formal_point": [
        "相似三角形",
        "距离"
    ],
    "answer": "解:根据题意得:AO⊥BM,NM⊥BM,∴AO∥NM,∴△ABO∽△NBM,∴\\frac{0A}{NM}=\\frac{OB}{BM},∵OA=1.52米,OB=4米,OM=5米,∴BM=OB+OM=4+5=9(米),∴\\frac{1.52}{NM}=\\frac{4}{9},解得:NM=3.42(米),∴林丹起跳后击球点N离地面的距离NM为3.42米．故选:A．",
    "numbers": [
        1.52,
        4.0,
        5.0
    ]
}