{
    "question": "A farm equipment company kept a record of the number of tractors made each month. In which month did the company make the most tractors?",
    "choices": [
        "December",
        "January",
        "February",
        "March"
    ],
    "answer": "March",
    "unit": null,
    "table_title": "Tractors made",
    "table": "Month | Number of tractors\nDecember | 885\nJanuary | 859\nFebruary | 895\nMarch | 898",
    "table_for_pd": {
        "Month": [
            "December",
            "January",
            "February",
            "March"
        ],
        "Number of tractors": [
            "885",
            "859",
            "895",
            "898"
        ]
    },
    "row_num": 5,
    "column_num": 2,
    "solution": "Find the greatest number in the table. Remember to compare the numbers starting with the highest place value. The greatest number is 898.\n\nNow find the corresponding month. March corresponds to 898.",
    "ques_type": "multi_choice",
    "ans_type": "extractive_text",
    "grade": 2,
    "split": "test"
}