{
    "id": 4305,
    "subject": "如图,在Rt△ABC中,∠C=90°,∠A=30°,BC=2,⊙C的半径为1,点P是斜边AB上的点,过点P作⊙C的一条切线PQ(点Q是切点),则线段PQ的最小值为()",
    "eng_subject": "As shown in the figure, in Rt△ABC, ∠C = 90.0, ∠A = 30.0, BC = 2.0, the radius of ⊙C is 1.0, point P is the point on the hypotenuse AB, passing point P is a tangent PQ of ⊙C (Point Q is the tangent point), then the minimum value of the line segment PQ is ()",
    "unanswerable_subject": "如图,在Rt△ABC中,∠C=90°,∠A=30°,⊙C的半径为1,点P是斜边AB上的点,过点P作⊙C的一条切线PQ(点Q是切点),则线段PQ的最小值为()",
    "unanswerable_eng_subject": "As shown in the figure, in Rt△ABC, ∠C = 90.0, ∠A = 30.0, the radius of ⊙C is 1.0, point P is the point on the hypotenuse AB, passing point P is a tangent PQ of ⊙C (Point Q is the tangent point), then the minimum value of the line segment PQ is ()",
    "choices": [
        "2",
        "√{3}",
        "√{2}",
        "2-\\frac{√{3}}{3}"
    ],
    "label": 2,
    "formal_point": [
        "切线",
        "勾股定理"
    ],
    "answer": "解:连接CP、CQ；如图所示:∵PQ是⊙C的切线,∴CQ⊥PQ,∠CQP=90°,根据勾股定理得:PQ²=CP²-CQ²,∴当PC⊥AB时,线段PQ最短,∵在Rt△ACB中,∠A=30°,BC=2,∴AB=2BC=4,AC=2√{3},∴CP\\frac{AC\\cdotBC}{AB}=\\frac{2√{3}}{2}=√{3},∴PQ√{CP^{2}-CQ^{2}}=√{3-1}=√{2},∴PQ的最小值是√{2},故选:C．",
    "numbers": [
        90.0,
        30.0,
        2.0,
        1.0
    ]
}