{
    "id": 5225,
    "subject": "如图,AB=8cm,AD=BC=5cm,则CD等于()",
    "eng_subject": "As shown in the figure, AB = 8.0, AD = BC = 5.0, then CD is equal to ()",
    "unanswerable_subject": "如图,AB=8cm,AD=5cm,则CD等于()",
    "unanswerable_eng_subject": "As shown in the figure, AB = 8.0, AD = 5.0, then CD is equal to ()",
    "choices": [
        "1cm",
        "2cm",
        "3cm",
        "4cm"
    ],
    "label": 1,
    "formal_point": [],
    "answer": "【解答】解:∵AB=8cm,AD=5cm,∴BD=AB-AD=3cm,∵BC=5cm,∴CD=CB-BD=2cm,",
    "numbers": [
        8.0,
        5.0
    ]
}