{
    "id": 1053,
    "subject": "如图所示,在四边ABCD中,∠BAD=120°,∠B=∠D=90°,若在BC和CD上分别找一点M,使得△AMN的周长最小,则此时∠AMN+∠ANM的度数为()",
    "eng_subject": "As shown in the figure, in the quadrilateral ABCD, ∠BAD = 120.0, ∠B = ∠D = 90.0, if you find a point M on BC and CD respectively, so that the perimeter of △AMN is the smallest, then the degree of ∠AMN + ∠ANM is ()",
    "unanswerable_subject": "如图所示,在四边ABCD中, ∠B=∠D=90°,若在BC和CD上分别找一点M,使得△AMN的周长最小,则此时∠AMN+∠ANM的度数为()",
    "unanswerable_eng_subject": "As shown in the figure, in the quadrilateral ABCD, ∠B = ∠D = 90.0, if you find a point M on BC and CD respectively, so that the perimeter of △AMN is the smallest, then the degree of ∠AMN + ∠ANM is ()",
    "choices": [
        "110°",
        "120°",
        "140°",
        "150°"
    ],
    "label": 1,
    "formal_point": [
        "垂直平分线",
        "三角形的外角",
        "对称"
    ],
    "answer": "作A关于BC和CD的对称点A'\",A\",连接A'A\",交BC于M,交CD于N,则A'A\"即为△AMN的周长最小值.∵∠DAB=120°∴∠AA′M+∠A\"=180^{°}-120^{°}=60^{°},∵∠MA'A=∠MAA',∠NAD=∠A\",且∠MA'A+∠MAA'=∠AMN,∠NAD+∠A\"=∠ANMr∴∠AMN+∠ANM=∠MA'A+∠MAA'+∠NAD+∠A\"=2(∠AA'M+∠A\")=2×60°=120°,故选B.",
    "numbers": [
        120.0,
        90.0
    ]
}