{
    "id": 3749,
    "subject": "如图,△ABC内接于⊙O,OC⊥OB,OD⊥AB于D交AC于E点,已知⊙O的半径为1,则AE²+CE²的值为()",
    "eng_subject": "As shown in the figure, △ABC is inscribed in ⊙O, OC ⊥ OB, OD ⊥ AB intersects AC at point E. Knowing that the radius of ⊙O is 1.0, then the value of AE^ 2 + CE^ 2 is ()",
    "unanswerable_subject": "如图,△ABC内接于⊙O,OD⊥AB于D交AC于E点,已知⊙O的半径为1,则AE²+CE²的值为()",
    "unanswerable_eng_subject": "As shown in the figure, △ABC is inscribed in ⊙O, OD ⊥ AB intersects AC at point E. Knowing that the radius of ⊙O is 1.0, then the value of AE^ 2 + CE^ 2 is ()",
    "choices": [
        "1",
        "2",
        "3",
        "4"
    ],
    "label": 1,
    "formal_point": [
        "勾股定理",
        "外接圆",
        "三角形的外接圆与外心",
        "垂径定理"
    ],
    "answer": "解:连接BE,∵OD⊥AB,∴AD=DB,∴EA=EB,∠EAO=∠EBO=∠ACO,∵∠ECB+∠EBC=∠ECO+45°+∠EBC=∠OBE+45°+∠EBC=90°,∴∠BEC=90°,\n在直角△BEC中,BE²+CE²=BC²,∵BC²=2OA²=2,∴BE²+CE²=2,即AE²+CE²=2．\n故选:B．",
    "numbers": [
        1.0
    ]
}