{
    "question": "Bryce has $11,001. Does he have enough to buy a canoe and a speedboat?",
    "choices": [
        "yes",
        "no"
    ],
    "answer": "no",
    "unit": null,
    "table_title": null,
    "table": "canoe | $4,908\nspeedboat | $6,479\nconvertible | $3,657\ntow truck | $7,398\nsailboat | $9,617",
    "table_for_pd": {
        "Column 1": [
            "canoe",
            "speedboat",
            "convertible",
            "tow truck",
            "sailboat"
        ],
        "Column 2": [
            "$4,908",
            "$6,479",
            "$3,657",
            "$7,398",
            "$9,617"
        ]
    },
    "row_num": 5,
    "column_num": 2,
    "solution": "Add the price of a canoe and the price of a speedboat:\n\n$4,908 + $6,479 = $11,387\n\n$11,387 is more than $11,001. Bryce does not have enough money.",
    "ques_type": "multi_choice",
    "ans_type": "boolean_text",
    "grade": 8,
    "split": "test"
}