{
    "id": 234,
    "subject": "如图,PA,PB分别与⊙O相切于A,B两点,若∠C=65°,则∠P的度数为()",
    "eng_subject": "As shown in the figure, PA and PB are tangent to ⊙O at A and B respectively. If ∠C = 65.0, then the degree of ∠P is ()",
    "unanswerable_subject": "如图,PA,PB分别与⊙O相切于A,B两点,则∠P的度数为()",
    "unanswerable_eng_subject": "As shown in the figure, PA and PB are tangent to ⊙O at A and B respectively. The degree of ∠P is ()",
    "choices": [
        "65°",
        "130°",
        "50°",
        "100°"
    ],
    "label": 2,
    "formal_point": [
        "切线"
    ],
    "answer": "试题分析:∵PA、PB是⊙O的切线,∴OA⊥AP,OB⊥BP,∴∠OAP=∠OBP=90°,又∵∠AOB=2∠C=130°,则∠P=360°-(90°+90°+130°)=50°.故选C.",
    "numbers": [
        65.0
    ]
}