{
    "id": 8423,
    "subject": "定义:定点A与⊙O上任意一点之间的距离的最小值称为点A与⊙O之间的距离．现有一矩形ABCD(如图),AB=14cm,BC=12cm,⊙K与矩形的边AB,BC,CD分别切于点E,F,G,则点A与⊙K的距离为()",
    "eng_subject": "Definition: The minimum value of the distance between a fixed point A and any point on ⊙O is called the distance between point A and ⊙O. There is a rectangle ABCD (as shown in the figure), AB = 14.0, BC = 12.0, ⊙K and the edges AB, BC, and CD of the rectangle are respectively tangent to the points E, F, G, then the distance between point A and ⊙K is ()",
    "unanswerable_subject": "定义:定点A与⊙O上任意一点之间的距离的最小值称为点A与⊙O之间的距离．现有一矩形ABCD(如图),AB=14cm,⊙K与矩形的边AB,BC,CD分别切于点E,F,G,则点A与⊙K的距离为()",
    "unanswerable_eng_subject": "Definition: The minimum value of the distance between a fixed point A and any point on ⊙O is called the distance between point A and ⊙O. There is a rectangle ABCD (as shown in the figure), AB = 14.0, ⊙K and the edges AB, BC, and CD of the rectangle are respectively tangent to the points E, F, G, then the distance between point A and ⊙K is ()",
    "choices": [
        "4cm",
        "8cm",
        "10cm",
        "12cm"
    ],
    "label": 0,
    "formal_point": [
        "切线",
        "勾股定理",
        "矩形",
        "距离"
    ],
    "answer": "解:连接KE,KF,KG、AK,交⊙K于H点,∵ABCD是矩形,⊙K与矩形的边AB,BC,CD分别切于点E,F,G,∴EK=FK=KG,∴四边形BEKF、四边形FKGC均为正方形,∴BF=FC=EK=6cm；∵AB=14cm,∴AE=8cm,AK=10cm,∴AH=AK-KH=10-6=4cm,∴点A与⊙K的距离为4cm．故选:A．",
    "numbers": [
        14.0,
        12.0
    ]
}