{
    "id": 2312,
    "subject": "如图,在⊙O中,点M是⁀{AB}的中点,连结MO并延长,交⊙O于点N,连结BN,若∠AOB=140°,则∠N的度数为()",
    "eng_subject": "As shown in the figure, in ⊙O, point M is the midpoint of ⁀AB. Connect MO and extend it to intersect ⊙O at point N, connect BN, if ∠AOB = 140.0, then the degree of ∠N is ()",
    "unanswerable_subject": "如图,在⊙O中,连结MO并延长,交⊙O于点N,连结BN,若∠AOB=140°,则∠N的度数为()",
    "unanswerable_eng_subject": "As shown in the figure, in ⊙O, connect MO and extend it to intersect ⊙O at point N, connect BN, if ∠AOB = 140.0, then the degree of ∠N is ()",
    "choices": [
        "70°",
        "40°",
        "35°",
        "20°"
    ],
    "label": 2,
    "formal_point": [
        "圆周角",
        "圆心角"
    ],
    "answer": "解:∵点M是⁀{AB}的中点,∴⁀{AM}=⁀{BM},∵∠AOB=140°,∴∠BOM=\\frac{1}{2}∠AOB=70°,∴∠N=\\frac{1}{2}∠BOM=35°,故选:C．",
    "numbers": [
        140.0
    ]
}