{
    "id": 1781,
    "subject": "如图,点A,B,C均在⊙O上,当∠OBC=40°时,∠A的度数是()",
    "eng_subject": "As shown in the figure, points A, B, and C are all on ⊙O, when ∠OBC = 40.0, the degree of ∠A is ()",
    "unanswerable_subject": "如图,点A,B均在⊙O上,当∠OBC=40°时,∠A的度数是()",
    "unanswerable_eng_subject": "As shown in the figure, points A, and B are all on ⊙O, when ∠OBC = 40.0, the degree of ∠A is ()",
    "choices": [
        "50°",
        "55°",
        "60°",
        "65°"
    ],
    "label": 0,
    "formal_point": [
        "圆周角",
        "圆心角"
    ],
    "answer": "解:∵OB=OC,∴∠OCB=∠OBC=40°,∴∠BOC=180°-40°-40°=100°,∴∠A=\\frac{1}{2}∠BOC=50°．故选:A．",
    "numbers": [
        40.0
    ]
}