{
    "id": 9632,
    "subject": "如图,已知AB、AD是⊙O的弦,∠B=20°,点C在弦AB上,连接CO并延长CO交于⊙O于点D,∠D=15°,则∠BAD的度数是()",
    "eng_subject": "As shown in the figure, it is known that AB and AD are the chords of ⊙O, ∠B = 20.0, point C is on chord AB, connect CO and extend CO to intersect ⊙O at point D, ∠D = 15.0, then the degree of ∠BAD is ()",
    "unanswerable_subject": "如图,已知AB、AD是⊙O的弦,点C在弦AB上,连接CO并延长CO交于⊙O于点D,∠D=15°,则∠BAD的度数是()",
    "unanswerable_eng_subject": "As shown in the figure, it is known that AB and AD are the chords of ⊙O, point C is on chord AB, connect CO and extend CO to intersect ⊙O at point D, ∠D = 15.0, then the degree of ∠BAD is ()",
    "choices": [
        "30°",
        "45°",
        "20°",
        "35°"
    ],
    "label": 3,
    "formal_point": [
        "圆周角",
        "圆心角"
    ],
    "answer": "解:连接OA,∵OA=OB,∠B=20°,∴∠OAB=∠B=20°．∵OA=OD,∠D=15°,∴∠OAD=∠D=15°,∴∠BAD=∠OAB+∠OAD=20°+15°=35°．故选:D．",
    "numbers": [
        20.0,
        15.0
    ]
}