{
    "id": 5195,
    "subject": "如图,AB是⊙O的直径,CD是弦,AB⊥CD,垂足为点E,连接OD、CB、AC,∠DOB=60°,EB=2,那么CD的长为()",
    "eng_subject": "As shown in the figure, AB is the diameter of ⊙O, CD is the chord, AB ⊥ CD, the foot of perpendicular is point E, connect OD, CB, AC, ∠DOB = 60.0, EB = 2.0, then the length of CD is ()",
    "unanswerable_subject": "如图,AB是⊙O的直径,CD是弦,AB⊥CD,垂足为点E,连接OD、CB、AC,EB=2,那么CD的长为()",
    "unanswerable_eng_subject": "As shown in the figure, AB is the diameter of ⊙O, CD is the chord, AB ⊥ CD, the foot of perpendicular is point E, connect OD, CB, AC, EB = 2.0, then the length of CD is ()",
    "choices": [
        "√{3}",
        "2√{3}",
        "3√{3}",
        "4√{3}"
    ],
    "label": 3,
    "formal_point": [
        "含30度角的直角三角形",
        "直角三角形",
        "勾股定理",
        "垂径定理"
    ],
    "answer": "【解答】解:∵∠DOB=60°,∴∠BCE=30°．在Rt△BCE中,∵BE=2,∠BCE=30°,∴BC=4,CE=√{BC²-BE²}=√{4²-3²}=2√{3},∵AB是⊙O的直径,AB⊥CD,∴CD=2CE=4√{3},",
    "numbers": [
        60.0,
        2.0
    ]
}