{
    "id": 3059,
    "subject": "如图,点A、B、C是⊙O上的三点,若∠BOC=80°,则∠A的度数是()",
    "eng_subject": "As shown in the figure, points A, B, and C are three points on ⊙O, if ∠BOC = 80.0, then the degree of ∠A is ()",
    "unanswerable_subject": "如图,点A、C是⊙O上的两点,若∠BOC=80°,则∠A的度数是()",
    "unanswerable_eng_subject": "As shown in the figure, A, and C are two points on ⊙O, if ∠BOC = 80.0, then the degree of ∠A is ()",
    "choices": [
        "40°",
        "60°",
        "80°",
        "100°"
    ],
    "label": 0,
    "formal_point": [
        "圆周角",
        "圆心角"
    ],
    "answer": "解:∵∠BOC与∠A是同弧所对的圆心角与圆周角,∠BOC=80°,∴∠A=\\frac{1}{2}∠BOC=40°．故选:A．",
    "numbers": [
        80.0
    ]
}