{
    "question": "Look at the following schedule. When does the advanced ballet class end?",
    "choices": [
        "11:45 A.M.",
        "4:55 P.M.",
        "2:45 P.M.",
        "6:45 P.M."
    ],
    "answer": "6:45 P.M.",
    "unit": null,
    "table_title": "Dance studio schedule",
    "table": "Class | Begin | End\nsalsa dance | 8:20 A.M. | 9:35 A.M.\nwestern dance | 9:50 A.M. | 11:00 A.M.\nballroom dance | 11:15 A.M. | 11:45 A.M.\nswing dance | 12:00 P.M. | 1:20 P.M.\njazz dance | 1:25 P.M. | 2:45 P.M.\nmodern dance | 3:00 P.M. | 4:15 P.M.\nbeginning ballet | 4:20 P.M. | 4:55 P.M.\nadvanced ballet | 5:05 P.M. | 6:45 P.M.",
    "table_for_pd": {
        "Class": [
            "salsa dance",
            "western dance",
            "ballroom dance",
            "swing dance",
            "jazz dance",
            "modern dance",
            "beginning ballet",
            "advanced ballet"
        ],
        "Begin": [
            "8:20 A.M.",
            "9:50 A.M.",
            "11:15 A.M.",
            "12:00 P.M.",
            "1:25 P.M.",
            "3:00 P.M.",
            "4:20 P.M.",
            "5:05 P.M."
        ],
        "End": [
            "9:35 A.M.",
            "11:00 A.M.",
            "11:45 A.M.",
            "1:20 P.M.",
            "2:45 P.M.",
            "4:15 P.M.",
            "4:55 P.M.",
            "6:45 P.M."
        ]
    },
    "row_num": 9,
    "column_num": 3,
    "solution": "Find the advanced ballet class on the schedule. Find the end time for the advanced ballet class.\n\nadvanced ballet: 6:45 P. M.",
    "ques_type": "multi_choice",
    "ans_type": "extractive_text",
    "grade": 3,
    "split": "test"
}