{
    "question": "Look at the table. Then answer the question. At a price of $945, is there a shortage or a surplus?",
    "choices": [
        "shortage",
        "surplus"
    ],
    "answer": "shortage",
    "unit": null,
    "table_title": null,
    "table": "Price | Quantity demanded | Quantity supplied\n$855 | 23,200 | 1,900\n$945 | 22,300 | 4,600\n$1,035 | 21,400 | 7,300\n$1,125 | 20,500 | 10,000\n$1,215 | 19,600 | 12,700",
    "table_for_pd": {
        "Price": [
            "$855",
            "$945",
            "$1,035",
            "$1,125",
            "$1,215"
        ],
        "Quantity demanded": [
            "23,200",
            "22,300",
            "21,400",
            "20,500",
            "19,600"
        ],
        "Quantity supplied": [
            "1,900",
            "4,600",
            "7,300",
            "10,000",
            "12,700"
        ]
    },
    "row_num": 6,
    "column_num": 3,
    "solution": "At the price of $945, the quantity demanded is greater than the quantity supplied. There is not enough of the good or service for sale at that price. So, there is a shortage.\n",
    "ques_type": "multi_choice",
    "ans_type": "boolean_text",
    "grade": 5,
    "split": "test"
}