{
    "id": 5369,
    "subject": "设BF交AC于点P,AE交DF于点Q．若∠APB=126°,∠AQF=100°,则∠A-∠F=()",
    "eng_subject": "Suppose BF intersects AC at point P, AE intersects DF at point Q. If ∠APB = 126.0, ∠AQF = 100.0, then ∠A-∠F = ()",
    "unanswerable_subject": "设BF交AC于点P,AE交DF于点Q．若∠APB=126°,则∠A-∠F=()",
    "unanswerable_eng_subject": "Suppose BF intersects AC at point P, AE intersects DF at point Q. If ∠APB = 126.0, then ∠A-∠F = ()",
    "choices": [
        "60°",
        "46°",
        "26°",
        "45°"
    ],
    "label": 1,
    "formal_point": [
        "三角形内角和",
        "三角形的外角",
        "多边形"
    ],
    "answer": "【解答】解:如图:∵∠1=∠APB-∠A=126°-∠A,∠2=180°-∠AQF-∠F=180°-100°-∠F=80°-∠F；∵∠1=∠2,∴126°-∠A=80°-∠F；∴∠A-∠F=46°．",
    "numbers": [
        126.0,
        100.0
    ]
}