{
    "id": 4918,
    "subject": "如图,C,D是线段AB上两点,若CB=4cm,DB=7cm,且D是AC的中点,则AC的长等于()",
    "eng_subject": "As shown in the figure, C and D are two points on the line segment AB. If CB = 4.0, DB = 7.0, and D is the midpoint of AC, then the length of AC is equal to ()",
    "unanswerable_subject": "如图,C,D是线段AB上两点,若CB=4cm,DB=7cm,则AC的长等于()",
    "unanswerable_eng_subject": "As shown in the figure, C and D are two points on the line segment AB. If CB = 4.0, DB = 7.0, then the length of AC is equal to ()",
    "choices": [
        "14cm",
        "11cm",
        "6cm",
        "3cm"
    ],
    "label": 2,
    "formal_point": [
        "距离"
    ],
    "answer": "【解答】解:由线段的和差,得DC=DB-CB=7-4=3cm,由D是AC中点,得AC=2DC=6cm．",
    "numbers": [
        4.0,
        7.0
    ]
}