{
    "id": 9165,
    "subject": "如图,在菱形ABCD中,AB=5,∠B=60°,则对角线AC等于()",
    "eng_subject": "As shown in the figure, in the diamond ABCD, AB = 5.0, ∠B = 60.0, then the diagonal AC is equal to ()",
    "unanswerable_subject": "如图,在菱形ABCD中,∠B=60°,则对角线AC等于()",
    "unanswerable_eng_subject": "As shown in the figure, in the diamond ABCD, ∠B = 60.0, then the diagonal AC is equal to ()",
    "choices": [
        "20",
        "15",
        "10",
        "5"
    ],
    "label": 3,
    "formal_point": [
        "等边三角形",
        "菱形"
    ],
    "answer": "解:∵AB=BC,∠B=60°,∴△ABC为等边三角形∴AC=AB=5．故选:D．",
    "numbers": [
        5.0,
        60.0
    ]
}