{
    "id": 4528,
    "subject": "如图,已知a∥b∥c,AB=1,BC=2,EF=4,则DE=()",
    "eng_subject": "As shown in the figure, given that a ∥ b ∥ c, AB = 1.0, BC = 2.0, EF = 4.0, then DE = ()",
    "unanswerable_subject": "如图,已知a∥b∥c,AB=1,BC=2,则DE=()",
    "unanswerable_eng_subject": "As shown in the figure, given that a ∥ b ∥ c, AB = 1.0, BC = 2.0, then DE = ()",
    "choices": [
        "1",
        "2",
        "3",
        "4"
    ],
    "label": 1,
    "formal_point": [
        "平行线",
        "平行线分线段成比例"
    ],
    "answer": "解:∵a∥b∥c,AB=1,BC=2,EF=4,∴\\frac{AB}{BC}=\\frac{DE}{EF},即\\frac{1}{2}=\\frac{DE}{4},DE=2,故选:B．",
    "numbers": [
        1.0,
        2.0,
        4.0
    ]
}