{
    "id": 4145,
    "subject": "如图,AB是⊙O的直径,点C在AB的延长线上,CD与⊙O相切,切点为D,如果∠A=35°,那么∠C=()",
    "eng_subject": "As shown in the figure, AB is the diameter of ⊙O, point C is on the extended line of AB, CD is tangent to ⊙O, and the tangent point is D. If ∠A = 35.0, then ∠C = ()",
    "unanswerable_subject": "如图,AB是⊙O的直径,点C在AB的延长线上,如果∠A=35°,那么∠C=()",
    "unanswerable_eng_subject": "As shown in the figure, AB is the diameter of ⊙O, point C is on the extended line of AB. If ∠A = 35.0, then ∠C = ()",
    "choices": [
        "55°",
        "35°",
        "30°",
        "20°"
    ],
    "label": 3,
    "formal_point": [
        "切线"
    ],
    "answer": "解:如图,连接OD,∵CD是⊙O的切线,∴OD⊥CD,即∠ODC=90°,∵AB为直径,∴∠COD=2∠A=70°,∴∠C=90°-70°=20°,故选:D．",
    "numbers": [
        35.0
    ]
}