{
    "id": 1417,
    "subject": "如图,⊙O中,AC为直径,MA,MB分别切⊙O于点A,B,∠BAC=25°,则∠AMB的大小为()",
    "eng_subject": "As shown in the figure, in ⊙O, AC is the diameter, MA and MB are tangent to ⊙O at points A, B, ∠BAC = 25.0, then the size of ∠AMB is ()",
    "unanswerable_subject": "如图,⊙O中,AC为直径,MA切⊙O于点A,∠BAC=25°,则∠AMB的大小为()",
    "unanswerable_eng_subject": "As shown in the figure, in ⊙O, AC is the diameter, MA is tangent to ⊙O at point A, ∠BAC = 25.0, then the size of ∠AMB is ()",
    "choices": [
        "25°",
        "30°",
        "45°",
        "50°"
    ],
    "label": 3,
    "formal_point": [
        "切线",
        "圆周角",
        "等腰三角形",
        "三角形内角和"
    ],
    "answer": "解:∵MA切⊙O于点A,AC为直径,∴∠MAC=90°,又∠BAC=25°,∠MAB=∠MAC-∠BAC=65°∵MA、MB分别切⊙O于点A、B,∴MA=MB,∴∠MAB=∠MBA=65°,∴∠AMB=180-(∠MAB+∠MBA)=50°故选:D.",
    "numbers": [
        25.0
    ]
}