{
    "id": 3941,
    "subject": "如图,AB是⊙O的直径,点P是⊙O外一点,PO交⊙O于点C,连接BC、PA．若∠P=36°,PA与⊙O相切,则∠B等于()",
    "eng_subject": "As shown in the figure, AB is the diameter of ⊙O, point P is a point outside ⊙O, PO intersects ⊙O at point C. Connect BC and PA. If ∠P = 36.0, PA is tangent to ⊙O, then ∠B is equal to ()",
    "unanswerable_subject": "如图,AB是⊙O的直径,点P是⊙O外一点,PO交⊙O于点C,连接BC、PA．若∠P=36°,则∠B等于()",
    "unanswerable_eng_subject": "As shown in the figure, AB is the diameter of ⊙O, point P is a point outside ⊙O, PO intersects ⊙O at point C. Connect BC and PA. If ∠P = 36.0, then ∠B is equal to ()",
    "choices": [
        "20°",
        "27°",
        "36°",
        "42°"
    ],
    "label": 1,
    "formal_point": [
        "圆周角",
        "直角三角形",
        "切线",
        "三角形的外角",
        "等腰三角形"
    ],
    "answer": "解:∵PA是⊙O的切线,∴∠PAO=90°,∴∠AOP=90°-∠P=54°,∵OB=OC,∴∠AOP=2∠B,∴∠B=\\frac{1}{2}∠AOP=27°,故选:B．",
    "numbers": [
        36.0
    ]
}