{
    "question": "An agricultural agency is researching how much cheese people have been eating in different parts of the world. Which country consumed the most cheese per capita in 2006?",
    "choices": [
        "Germany",
        "Canada",
        "Great Britain",
        "Argentina"
    ],
    "answer": "Germany",
    "unit": null,
    "table_title": "Cheese consumption per capita (kg)",
    "table": "Country | 1996 | 2006\nGermany | 12 | 20\nGreat Britain | 9 | 10\nCanada | 10 | 11\nAustralia | 10 | 10\nArgentina | 11 | 11",
    "table_for_pd": {
        "Column 1": [
            "Country",
            "Germany",
            "Great Britain",
            "Canada",
            "Australia",
            "Argentina"
        ],
        "Column 2": [
            "1996",
            "12",
            "9",
            "10",
            "10",
            "11"
        ],
        "Column 3": [
            "2006",
            "20",
            "10",
            "11",
            "10",
            "11"
        ]
    },
    "row_num": 6,
    "column_num": 3,
    "solution": "Look at the numbers in the 2006 column. Find the greatest number in this column.\n\nThe greatest number is 20, which is in the Germany row. Germany consumed the most cheese per capita in 2006.",
    "ques_type": "multi_choice",
    "ans_type": "extractive_text",
    "grade": 4,
    "split": "test"
}