{
    "id": 51,
    "subject": "如图,AB平行CD,如果∠B=20°,那么∠C为()",
    "eng_subject": "As shown in the figure, AB is parallel to CD, if ∠B = 20.0, then ∠C is ()",
    "unanswerable_subject": "如图,如果∠B=20°,那么∠C为()",
    "unanswerable_eng_subject": "As shown in the figure, if ∠B = 20.0, then ∠C is ()",
    "choices": [
        "40°",
        "20°",
        "60°",
        "70°"
    ],
    "label": 1,
    "formal_point": [
        "内错角"
    ],
    "answer": "∵AB//CD,,∠B=20^{°}∴∠C=∠B=20^{°}故选B.",
    "numbers": [
        20.0
    ]
}