{
    "id": 2760,
    "subject": "如图,已知Rt△ABC中,∠C=90°,AC=4,tanA=\\frac{1}{2},则BC的长是()",
    "eng_subject": "As shown in the figure, it is known that in Rt△ABC, ∠C = 90.0, AC = 4.0, tanA = \\frac{1.0}{2.0}, then the length of BC is ()",
    "unanswerable_subject": "如图,已知Rt△ABC中,∠C=90°,AC=4,则BC的长是()",
    "unanswerable_eng_subject": "As shown in the figure, it is known that in Rt△ABC, ∠C = 90.0, AC = 4.0, then the length of BC is ()",
    "choices": [
        "2",
        "8",
        "2√{5}",
        "4√{5}"
    ],
    "label": 0,
    "formal_point": [
        "三角函数"
    ],
    "answer": "解:∵tanA=\\frac{1}{2}=\\frac{BC}{AC},AC=4,∴BC=2,\n故选:A．",
    "numbers": [
        90.0,
        4.0,
        1.0,
        2.0
    ]
}