{
    "id": 1849,
    "subject": "如图,点A,B,C在⊙O上,已知∠ABC=130°,则∠AOC=()",
    "eng_subject": "As shown in the figure, the points A, B, and C are on ⊙O, and it is known that ∠ABC = 130.0, then ∠AOC = ()",
    "unanswerable_subject": "如图,点A,C在⊙O上,已知∠ABC=130°,则∠AOC=()",
    "unanswerable_eng_subject": "As shown in the figure, the points A, and C are on ⊙O, and it is known that ∠ABC = 130.0, then ∠AOC = ()",
    "choices": [
        "100°",
        "110°",
        "120°",
        "130°"
    ],
    "label": 0,
    "formal_point": [
        "圆周角",
        "圆心角"
    ],
    "answer": "解:在优弧AC上取点D,连接AD,CD,∵四边形ABCD是圆内接四边形,∠ABC=130°,∴∠D=180°-10°=50°．∵∠D与∠AOC是同弧所对的圆周角与圆心角,∴∠AOC=2∠D=100°．故选:A．",
    "numbers": [
        130.0
    ]
}