{
    "id": 1680,
    "subject": "如图,AB和CD是⊙O的两条直径,弦DE∥AB,弧DE为50°的弧,那么∠BOC为()",
    "eng_subject": "As shown in the figure, AB and CD are the two diameters of ⊙O, chord DE ∥ AB, arc DE is the arc of 50.0, then ∠BOC is ()",
    "unanswerable_subject": "如图,AB和CD是⊙O的两条直径,弧DE为50°的弧,那么∠BOC为()",
    "unanswerable_eng_subject": "As shown in the figure, AB and CD are the two diameters of ⊙O, arc DE is the arc of 50.0, then ∠BOC is ()",
    "choices": [
        "115°",
        "100°",
        "80°",
        "50°"
    ],
    "label": 0,
    "formal_point": [
        "等腰三角形",
        "平行线",
        "圆心角"
    ],
    "answer": "解:连接OE,∵弧DE为50°,∴∠EOD=50°,∴∠OED+∠ODE=130°∵OE=OD,∴∠OED=∠ODE=65°,∵DE∥AB,∴∠AOE=∠OED=65°,∴∠AOD=∠AOE+∠EOD=65°+50°=115°,∴∠BOC=∠AOD=115°．故选:A．",
    "numbers": [
        50.0
    ]
}