{
    "id": 3622,
    "subject": "如图,ABCD是⊙O的内接四边形,且∠ABC=115°,那么∠AOC等于()",
    "eng_subject": "As shown in the figure, ABCD is the inscribed quadrilateral of ⊙O, and ∠ABC = 115.0, then ∠AOC is equal to ()",
    "unanswerable_subject": "如图,∠ABC=115°,那么∠AOC等于()",
    "unanswerable_eng_subject": "As shown in the figure, ∠ABC = 115.0, then ∠AOC is equal to ()",
    "choices": [
        "115°",
        "120°",
        "130°",
        "135°"
    ],
    "label": 2,
    "formal_point": [
        "圆周角",
        "圆内接四边形"
    ],
    "answer": "解:∵ABCD是⊙O的内接四边形,且∠ABC=115°,∴∠ADC=180°-∠ABC=180°-115°=65°,∴∠AOC=2∠ADC=2×65°=130°．\n故选:C．",
    "numbers": [
        115.0
    ]
}