{
    "id": 7100,
    "subject": "如图,在Rt△ABC中,∠C为直角,CD⊥AB于D,已知AC=3,AB=5,则tan∠BCD等于()",
    "eng_subject": "As shown in the figure, in Rt△ABC, ∠C is a right angle, CD ⊥ AB at D, it is known that AC = 3.0, AB = 5.0, then tan∠BCD is equal to ()",
    "unanswerable_subject": "如图,在Rt△ABC中,∠C为直角,CD⊥AB于D,已知AC=3,则tan∠BCD等于()",
    "unanswerable_eng_subject": "As shown in the figure, in Rt△ABC, ∠C is a right angle, CD ⊥ AB at D, it is known that AC = 3.0, then tan∠BCD is equal to ()",
    "choices": [
        "\\frac{3}{4}",
        "\\frac{4}{3}",
        "\\frac{3}{5}",
        "\\frac{4}{5}"
    ],
    "label": 1,
    "formal_point": [
        "三角函数"
    ],
    "answer": "解:∵∠C为直角,CD⊥AB,∴∠A+∠B=90°,∠BCD+∠B=90°,∴∠BCD=∠A,∵∠C为直角,AC=3,AB=5,∴BC=√{AB²-AC²}=4,∴tanA=\\frac{4}{3},∴tan∠BCD=\\frac{4}{3},故选:B．",
    "numbers": [
        3.0,
        5.0
    ]
}