{
    "id": 4598,
    "subject": "如图,▱ABCD中,∠C=120°,AB=AE=5,AE与BD交于点F,AF=2EF．则BC的长为()",
    "eng_subject": "As shown in the figure, in ▱ABCD, ∠C = 120.0, AB = AE = 5.0, AE and BD intersect at point F, AF = 2 EF. Then the length of BC is ()",
    "unanswerable_subject": "如图,▱ABCD中,∠C=120°,AB=AE=5,AE与BD交于点F．则BC的长为()",
    "unanswerable_eng_subject": "As shown in the figure, in ▱ABCD, ∠C = 120.0, AB = AE = 5.0, AE and BD intersect at point F. Then the length of BC is ()",
    "choices": [
        "12",
        "10",
        "8",
        "6"
    ],
    "label": 1,
    "formal_point": [
        "相似三角形",
        "平行四边形"
    ],
    "answer": "解:∵四边形ABCD是平行四边形,∴AD=BC,AD∥BC,∴△AFD∽△EFB,∴\\frac{BE}{AD}=\\frac{EF}{AF},∵AF=2EF,∴AD=BC=2BE,∵BE=5,∴BC=10,故选:B．",
    "numbers": [
        120.0,
        5.0
    ]
}