{
    "id": 123,
    "subject": "如图,在△ABC中,∠C=90°,AC=BC,AD平分∠CAB交BC于D,DE⊥AB于E,若AB=6cm,则△DBE的周长是()",
    "eng_subject": "As shown in the figure, in △ABC, ∠C = 90.0, AC = BC, AD bisects ∠CAB and it intersects BC at D, DE ⊥ AB at E, if AB = 6.0, then the perimeter of △DBE is ()",
    "unanswerable_subject": "如图,在△ABC中,∠C=90°,AD平分∠CAB交BC于D,DE⊥AB于E,若AB=6cm,则△DBE的周长是()",
    "unanswerable_eng_subject": "As shown in the figure, in △ABC, ∠C = 90.0, AD bisects ∠CAB and it intersects BC at D, DE ⊥ AB at E, if AB = 6.0, then the perimeter of △DBE is ()",
    "choices": [
        "6cm",
        "7cm",
        "8cm",
        "9cm"
    ],
    "label": 0,
    "formal_point": [
        "角平分线"
    ],
    "answer": "∵AD平分∠CAB,AC⊥BC于点C,DE⊥AB于E,∴CD=DE.又∵AD=AD∴Rt△ACD≌Rt△AED,∴AC=AE.又∵AC=BC,∴△DBE的周长为DE+BD+EB=CD+BD+EB=BC+EB=AC+EB=AE+EB=AB=6故选A",
    "numbers": [
        90.0,
        6.0
    ]
}