{
    "id": 435,
    "subject": "如图,若AB∥CD,∠A=70°,则∠1的度数是()",
    "eng_subject": "As shown in the figure, if AB ∥ CD, ∠A = 70.0, then the degree of ∠1 is ()",
    "unanswerable_subject": "如图,若∠A=70°,则∠1的度数是()",
    "unanswerable_eng_subject": "As shown in the figure, if ∠A = 70.0, then the degree of ∠1 is ()",
    "choices": [
        "20°",
        "30°",
        "70°",
        "110°"
    ],
    "label": 3,
    "formal_point": [
        "平行线",
        "同位角",
        "内错角"
    ],
    "answer": "[解析]试题解析:如图,∵AB//CD,∠A=70°∴∠2=∠A=70°∴∠1=180^{°}-∠2=180^{°}-70^{°}=110°故选D.",
    "numbers": [
        70.0
    ]
}