{
    "question": "Some friends discussed the sizes of their coin collections. Who has the most coins?",
    "choices": [
        "Erica",
        "Hunter",
        "Damon",
        "Larry"
    ],
    "answer": "Hunter",
    "unit": null,
    "table_title": "Coin collections",
    "table": "Name | Number of coins\nErica | 646\nHunter | 663\nDamon | 643\nLarry | 634",
    "table_for_pd": {
        "Name": [
            "Erica",
            "Hunter",
            "Damon",
            "Larry"
        ],
        "Number of coins": [
            "646",
            "663",
            "643",
            "634"
        ]
    },
    "row_num": 5,
    "column_num": 2,
    "solution": "Find the greatest number in the table. Remember to compare the numbers starting with the highest place value. The greatest number is 663.\n\nNow find the corresponding name. Hunter corresponds to 663.",
    "ques_type": "multi_choice",
    "ans_type": "extractive_text",
    "grade": 2,
    "split": "test"
}