{
    "id": 4403,
    "subject": "如图,直线BC与⊙O相切于点A,AD是⊙O的弦,连接OD,若∠DAC=50°,则∠ODA的度数为()",
    "eng_subject": "As shown in the figure, the straight line BC is tangent to ⊙O at point A, AD is the chord of ⊙O. Connect OD, if ∠DAC = 50.0, then the degree of ∠ODA is ()",
    "unanswerable_subject": "如图,AD是⊙O的弦,连接OD,若∠DAC=50°,则∠ODA的度数为()",
    "unanswerable_eng_subject": "As shown in the figure, AD is the chord of ⊙O. Connect OD, if ∠DAC = 50.0, then the degree of ∠ODA is ()",
    "choices": [
        "30°",
        "40°",
        "50°",
        "60°"
    ],
    "label": 1,
    "formal_point": [
        "切线"
    ],
    "answer": "解:∵直线BC与⊙O相切于点A,∴OA⊥BC,∴∠OAC=90°,∵∠DAC=50°,∴∠OAD=40°,∵OD=OA,∴∠ODA=∠OAD=40°,故选:B．",
    "numbers": [
        50.0
    ]
}