{
    "id": 1533,
    "subject": "如图,BD是△ABC的角平分线,AE⊥BD,垂足为F,若∠ABC=35°,∠C=50°,则∠CDE的度数为()",
    "eng_subject": "As shown in the figure, BD is the angular bisector of △ABC, AE ⊥ BD, and the foot of perpendicular is F. If ∠ABC = 35.0, ∠C = 50.0, then the degree of ∠CDE is ()",
    "unanswerable_subject": "如图,BD是△ABC的角平分线,AE⊥BD,垂足为F,若∠ABC=35°,则∠CDE的度数为()",
    "unanswerable_eng_subject": "As shown in the figure, BD is the angular bisector of △ABC, AE ⊥ BD, and the foot of perpendicular is F. If ∠ABC = 35.0, then the degree of ∠CDE is ()",
    "choices": [
        "35°",
        "40°",
        "45°",
        "50°"
    ],
    "label": 2,
    "formal_point": [
        "角平分线",
        "三角形的外角"
    ],
    "answer": "∵BD是△ABC的角平分线,AE⊥BD,∴∠ABD=∠EBD=\\frac{1}{2}∠ABC=\\frac{35^{°}}{2}\\quad∠AFB=∠EFB=90°,∴∠BAF=∠BEF=90°-17.5°∴AB=BE,∴AF=EF,∴AD=ED,∴∠DAF=∠DEF,∵∠BAC=180°-∠ABC-∠C=95°∴∠BED=∠BAD=95°∴∠CDE=95°-50°=45°,故选C.",
    "numbers": [
        35.0,
        50.0
    ]
}