{
    "id": 4005,
    "subject": "如图,点A、B、C在⊙O上,过点A作⊙O的切线交OC的延长线于点P,∠B=30°,OP=3,则AP的长为()",
    "eng_subject": "As shown in the figure, points A, B, and C are on ⊙O, and the tangent line of ⊙O passing through point A intersects the extended line of OC at point P, ∠B = 30.0, OP = 3.0, then the length of AP is ()",
    "unanswerable_subject": "如图,点A、B在⊙O上,过点A作⊙O的切线交OC的延长线于点P,∠B=30°,OP=3,则AP的长为()",
    "unanswerable_eng_subject": "As shown in the figure, points A, and B are on ⊙O, and the tangent line of ⊙O passing through point A intersects the extended line of OC at point P, ∠B = 30.0, OP = 3.0, then the length of AP is ()",
    "choices": [
        "3",
        "\\frac{3}{2}",
        "\\frac{2}{3}√{3}",
        "\\frac{3}{2}√{3}"
    ],
    "label": 3,
    "formal_point": [
        "切线",
        "圆周角",
        "直角三角形"
    ],
    "answer": "解:连接OA,∵∠B=30°,∴∠AOC=2∠B=60°,∵过点A作⊙O的切线交OC的延长线于点P,∴∠OAP=90°,∵OP=3,∴AP=OPsin60°=3×\\frac{√{3}}{2}=\\frac{3√{3}}{2},故选:D．",
    "numbers": [
        30.0,
        3.0
    ]
}