{
    "id": 86,
    "subject": "如图,AB∥CD,点E在CA的延长线上.若∠BAE=40°,则∠ACD的大小为()",
    "eng_subject": "As shown in the figure, AB ∥ CD, point E is on the extended line of CA. If ∠BAE = 40.0, then the size of ∠ACD is ()",
    "unanswerable_subject": "如图,点E在CA的延长线上.若∠BAE=40°,则∠ACD的大小为()",
    "unanswerable_eng_subject": "As shown in the figure, point E is on the extended line of CA. If ∠BAE = 40.0, then the size of ∠ACD is ()",
    "choices": [
        "150°",
        "140°",
        "130°",
        "120°"
    ],
    "label": 1,
    "formal_point": [
        "平行线"
    ],
    "answer": "试题分析:如图,延长DC到F,则∵AB//CD,∠BAE=40°,∴∠ECF=∠BAE=40°∴∠ACD=180^{°}-∠ECF=140^{°}.故选B.",
    "numbers": [
        40.0
    ]
}