{
    "id": 196,
    "subject": "如图,在⊙O中,弦AC∥半径OB,∠BOC=50°,则∠OAB的度数为()",
    "eng_subject": "As shown in the figure, in ⊙O, chord AC ∥ radius OB, ∠BOC = 50.0, then the degree of ∠OAB is ()",
    "unanswerable_subject": "如图,在⊙O中,∠BOC=50°,则∠OAB的度数为()",
    "unanswerable_eng_subject": "As shown in the figure, in ⊙O, ∠BOC = 50.0, then the degree of ∠OAB is ()",
    "choices": [
        "25°",
        "50°",
        "60°",
        "30°"
    ],
    "label": 0,
    "formal_point": [
        "圆周角",
        "内错角"
    ],
    "answer": "如图,∵∠BOC=50^{°},∴∠BAC=25^{°},∵AC//OB,∴∠OBA=∠BAC=25^{°},∵OA=OB∴∠OAB=∠OBA=25^{°}.故选A.",
    "numbers": [
        50.0
    ]
}