{
    "question": "Joey has $2.00. Does he have enough to buy a bottle of soy sauce and a jar of salsa?",
    "choices": [
        "yes",
        "no"
    ],
    "answer": "yes",
    "unit": null,
    "table_title": null,
    "table": "jar of tomato sauce | $0.71\nbottle of hot sauce | $0.81\nbottle of mustard | $0.95\nbottle of ketchup | $0.79\nbottle of soy sauce | $0.87\njar of salsa | $0.98",
    "table_for_pd": {
        "Column 1": [
            "jar of tomato sauce",
            "bottle of hot sauce",
            "bottle of mustard",
            "bottle of ketchup",
            "bottle of soy sauce",
            "jar of salsa"
        ],
        "Column 2": [
            "$0.71",
            "$0.81",
            "$0.95",
            "$0.79",
            "$0.87",
            "$0.98"
        ]
    },
    "row_num": 6,
    "column_num": 2,
    "solution": "Add the price of a bottle of soy sauce and the price of a jar of salsa:\n\n$0.87 + $0.98 = $1.85\n\n$1.85 is less than $2.00. Joey does have enough money.",
    "ques_type": "multi_choice",
    "ans_type": "boolean_text",
    "grade": 3,
    "split": "test"
}