{
    "id": 603,
    "subject": "已知直线a∥b,一块直角三角板如图所示放置,若∠1=37°,则∠2的度数是()",
    "eng_subject": "Given the straight line a ∥ b, a right triangle plate is placed as shown in the figure, if ∠1 = 37.0, then the degree of ∠2 is ()",
    "unanswerable_subject": "已知直线a和b,一块直角三角板如图所示放置,若∠1=37°,则∠2的度数是()",
    "unanswerable_eng_subject": "Given the straight lines a and b, a right triangle plate is placed as shown in the figure, if ∠1 = 37.0, then the degree of ∠2 is ()",
    "choices": [
        "37°",
        "53°",
        "63°",
        "27°"
    ],
    "label": 1,
    "formal_point": [
        "平行线"
    ],
    "answer": "作直线AB//a,∵a//b∴AB//a//b,∵AB//a,∴∠1=∠3,∵AB//b,∴∠2=∠4,∵∠3+∠4=90°,∴∠1+∠2=90°,∵∠1=37°,∴∠2=90^{°}-37^{°}=53^{°}故选B",
    "numbers": [
        37.0
    ]
}