{
    "question": "Look at the table. Then answer the question. At a price of $1,420, is there a shortage or a surplus?",
    "choices": [
        "shortage",
        "surplus"
    ],
    "answer": "surplus",
    "unit": null,
    "table_title": null,
    "table": "Price | Quantity demanded | Quantity supplied\n$970 | 16,500 | 2,300\n$1,120 | 14,000 | 6,800\n$1,270 | 11,500 | 11,300\n$1,420 | 9,000 | 15,800\n$1,570 | 6,500 | 20,300",
    "table_for_pd": {
        "Price": [
            "$970",
            "$1,120",
            "$1,270",
            "$1,420",
            "$1,570"
        ],
        "Quantity demanded": [
            "16,500",
            "14,000",
            "11,500",
            "9,000",
            "6,500"
        ],
        "Quantity supplied": [
            "2,300",
            "6,800",
            "11,300",
            "15,800",
            "20,300"
        ]
    },
    "row_num": 6,
    "column_num": 3,
    "solution": "At the price of $1,420, the quantity demanded is less than the quantity supplied. There is too much of the good or service for sale at that price. So, there is a surplus.\n",
    "ques_type": "multi_choice",
    "ans_type": "boolean_text",
    "grade": 5,
    "split": "test"
}