{
    "id": 7959,
    "subject": "如图,AB∥CD,AC、BD交于O,BO=6,DO=3,AC=12,则AO长为()",
    "eng_subject": "As shown in the figure, AB ∥ CD, AC, BD intersect at O, BO = 6.0, DO = 3.0, AC = 12.0, then the length of AO is ()",
    "unanswerable_subject": "如图,AB∥CD,AC、BD交于O,BO=6,DO=3,则AO长为()",
    "unanswerable_eng_subject": "As shown in the figure, AB ∥ CD, AC, BD intersect at O, BO = 6.0, DO = 3.0, then the length of AO is ()",
    "choices": [
        "4",
        "6",
        "8",
        "10"
    ],
    "label": 2,
    "formal_point": [
        "相似三角形"
    ],
    "answer": "解:∵AB∥CD,∴∠C=∠A,∠B=∠D,∴△DOC∽△BOA,∴\\frac{DO}{BO}=\\frac{OC}{AO},∴\\frac{3}{6}=\\frac{12-OA}{AO},∴AO=8．故选:C．",
    "numbers": [
        6.0,
        3.0,
        12.0
    ]
}