{
    "id": 4090,
    "subject": "AB是⊙O的直径,PA切⊙O于点A,PO交⊙O于点C；连接BC,若∠P=40°,则∠B等于()",
    "eng_subject": "AB is the diameter of ⊙O, PA is tangent to ⊙O at point A, and PO intersects ⊙O at point C; connect BC, if ∠P = 40.0, then ∠B is equal to ()",
    "unanswerable_subject": "AB是⊙O的直径,PO交⊙O于点C；连接BC,若∠P=40°,则∠B等于()",
    "unanswerable_eng_subject": "AB is the diameter of ⊙O, and PO intersects ⊙O at point C; connect BC, if ∠P = 40.0, then ∠B is equal to ()",
    "choices": [
        "20°",
        "25°",
        "30°",
        "40°"
    ],
    "label": 1,
    "formal_point": [
        "切线",
        "等腰三角形"
    ],
    "answer": "解:∵PA切⊙O于点A,∴∠PAB=90°,∵∠P=40°,∴∠POA=90°-40°=50°,∵OC=OB,∴∠B=∠BCO=25°,故选:B．",
    "numbers": [
        40.0
    ]
}