{
    "id": 8019,
    "subject": "如图,梯形ABCD中,AD∥BC,对角线AC、BD相交于O点,若S~△AOD~:S~△OCD~=1:2,则S~△AOD~:S~△BOC~=()",
    "eng_subject": "As shown in the figure, in the trapezoidal ABCD, AD ∥ BC, diagonal AC, BD intersect at point O, if S~△AOD~:S~△OCD~ = 1.0:2.0, then S~△AOD~:S~△BOC~ = ()",
    "unanswerable_subject": "如图,梯形ABCD中,对角线AC、BD相交于O点,若S~△AOD~:S~△OCD~=1:2,则S~△AOD~:S~△BOC~=()",
    "unanswerable_eng_subject": "As shown in the figure, in the trapezoidal ABCD, diagonal AC, BD intersect at point O, if S~△AOD~:S~△OCD~ = 1.0:2.0, then S~△AOD~:S~△BOC~ = ()",
    "choices": [
        "\\frac{1}{6}",
        "\\frac{1}{3}",
        "\\frac{1}{4}",
        "\\frac{√{6}}{6}"
    ],
    "label": 2,
    "formal_point": [
        "相似三角形"
    ],
    "answer": "解:设点D到AC边的距离为h,则S~△AOD~:S~△OCD~=(\\frac{1}{2}×OA×h):(\\frac{1}{2}×OC×h)=OA:OC=1:2．∵AD∥BC,∴∠DAO=∠BCO,∠ADO=∠CBO,∴△AOD∽△COB,∴S~△AOD~:S~△BOC~=(OA:OC)²=1:4．故选:C．",
    "numbers": [
        1.0,
        2.0
    ]
}