{
    "id": 5112,
    "subject": "如图,AB是⊙O的直径,O是圆心,弦CD⊥AB于E,AB=10,CD=8,则OE的长为()",
    "eng_subject": "As shown in the figure, AB is the diameter of ⊙O, O is the center of the circle, the chord CD ⊥ AB at E, AB = 10.0, CD = 8.0, then the length of OE is ()",
    "unanswerable_subject": "如图,AB是⊙O的直径,O是圆心,弦CD⊥AB于E,AB=10,则OE的长为()",
    "unanswerable_eng_subject": "As shown in the figure, AB is the diameter of ⊙O, O is the center of the circle, the chord CD ⊥ AB at E, AB = 10.0, then the length of OE is ()",
    "choices": [
        "2",
        "3",
        "4",
        "5"
    ],
    "label": 1,
    "formal_point": [
        "勾股定理",
        "直角三角形",
        "垂径定理"
    ],
    "answer": "【解答】解:连接OC,∵直径AB=10,∴OC=5,∵CD⊥AB,AB为直径,∴CD=2CE=8,∠OEC=90°,∴CE=4,由勾股定理得:OE=√{5²-4²}=3．",
    "numbers": [
        10.0,
        8.0
    ]
}