{
    "id": 95,
    "subject": "在直径为200cm的圆柱形油槽内装入一些油以后,截面如图．若油面的宽AB=160cm,则油的最大深度为()",
    "eng_subject": "After filling some oil in a cylindrical oil tank with a diameter of 200.0, the cross section is shown in the figure. If the width of the oil surface AB = 160.0, the maximum depth of oil is ()",
    "unanswerable_subject": "在最大宽度为200cm的油槽内装入一些油以后,截面如图．若油面的宽AB=160cm,则油的最大深度为()",
    "unanswerable_eng_subject": "After filling some oil in an oil tank with a maximum width of 200cm, the cross section is shown in the figure. If the width of the oil surface AB = 160.0cm, the maximum depth of oil is ()",
    "choices": [
        "40cm",
        "60cm",
        "80cm",
        "100cm"
    ],
    "label": 0,
    "formal_point": [
        "勾股定理",
        "垂径定理"
    ],
    "answer": "试题分析:连接OA,过点O作OE⊥AB,交AB于点M,由垂径定理求出AM的长,再根据勾股定理求出OM的长,进而可得出ME的长.",
    "numbers": [
        200.0,
        160.0
    ]
}