{
    "id": 1860,
    "subject": "如图,AB是圆O的直径,CD是圆O的弦,AB、CD的延长线交于点E,已知AB=2DE,∠E=16°,则∠ABC的度数是()",
    "eng_subject": "As shown in the figure, AB is the diameter of circle O, CD is the chord of circle O, and the extended lines of AB and CD intersect at point E. Given that AB = 2 DE, ∠E = 16.0, then the degree of ∠ABC is ()",
    "unanswerable_subject": "如图,AB是圆O的直径,CD是圆O的弦,AB、CD的延长线交于点E,已知∠E=16°,则∠ABC的度数是()",
    "unanswerable_eng_subject": "As shown in the figure, AB is the diameter of circle O, CD is the chord of circle O, and the extended lines of AB and CD intersect at point E. Given that ∠E = 16.0, then the degree of ∠ABC is ()",
    "choices": [
        "32°",
        "24°",
        "16°",
        "48°"
    ],
    "label": 1,
    "formal_point": [
        "圆周角",
        "等腰三角形",
        "圆心角"
    ],
    "answer": "解:连接OD,∵AB是圆O的直径,∴AB=2OD,∵AB=2DE,∴OD=DE,∴∠EOD=∠E=16°∴∠C=\\frac{1}{2}∠BOD=8°,∴∠ABC=∠C+∠E=8°+16°=24°．故选:B．",
    "numbers": [
        16.0
    ]
}