{
    "question": "Look at this table. Is this relation a function?",
    "choices": [
        "yes",
        "no"
    ],
    "answer": "no",
    "unit": null,
    "table_title": null,
    "table": "x | y\n3 | 16\n19 | 2\n19 | 4\n13 | 18",
    "table_for_pd": {
        "x": [
            "3",
            "19",
            "19",
            "13"
        ],
        "y": [
            "16",
            "2",
            "4",
            "18"
        ]
    },
    "row_num": 5,
    "column_num": 2,
    "solution": "Look at the x-values in the table.\n\nThe x-value 19 is paired with multiple y-values, so the relation is not a function.",
    "ques_type": "multi_choice",
    "ans_type": "boolean_text",
    "grade": 8,
    "split": "test"
}