{
    "id": 9445,
    "subject": "如图,平行四边形ABCD的对角线交于点O,且AB=5,△OCD的周长为23,则平行四边形ABCD的两条对角线的和是()",
    "eng_subject": "As shown in the figure, the diagonal of the parallelogram ABCD intersects at the point O, and AB = 5.0, the perimeter of △OCD is 23.0, then the sum of the two diagonals of the parallelogram ABCD is ()",
    "unanswerable_subject": "如图,平行四边形ABCD的对角线交于点O,且△OCD的周长为23,则平行四边形ABCD的两条对角线的和是()",
    "unanswerable_eng_subject": "As shown in the figure, the diagonal of the parallelogram ABCD intersects at the point O, and the perimeter of △OCD is 23.0, then the sum of the two diagonals of the parallelogram ABCD is ()",
    "choices": [
        "18",
        "28",
        "36",
        "46"
    ],
    "label": 2,
    "formal_point": [
        "平行四边形"
    ],
    "answer": "解:∵四边形ABCD是平行四边形,∴AB=CD=5,∵△OCD的周长为23,∴OD+OC=23-5=18,∵BD=2DO,AC=2OC,∴平行四边形ABCD的两条对角线的和=BD+AC=2(DO+OC)=36,故选:C．",
    "numbers": [
        5.0,
        23.0
    ]
}