{
    "question": "The school district compared how many math teachers each high school has. Which school has the most math teachers?",
    "choices": [
        "Westside High",
        "River High",
        "Central High",
        "Northside High"
    ],
    "answer": "River High",
    "unit": null,
    "table_title": "Math teachers",
    "table": "High school | Number of math teachers\nWestside High | 11\nRiver High | 19\nCentral High | 15\nNorthside High | 16",
    "table_for_pd": {
        "High school": [
            "Westside High",
            "River High",
            "Central High",
            "Northside High"
        ],
        "Number of math teachers": [
            "11",
            "19",
            "15",
            "16"
        ]
    },
    "row_num": 5,
    "column_num": 2,
    "solution": "Find the greatest number in the table. Remember to compare the numbers starting with the highest place value. The greatest number is 19.\n\nNow find the corresponding high school. River High corresponds to 19.",
    "ques_type": "multi_choice",
    "ans_type": "extractive_text",
    "grade": 2,
    "split": "test"
}