{
    "question": "Darrell has $9.00. Does he have enough to buy a book about art and a book about soccer?",
    "choices": [
        "yes",
        "no"
    ],
    "answer": "yes",
    "unit": null,
    "table_title": null,
    "table": "book about trains | $1.00\nbook about art | $2.00\nbook about birds | $7.00\nbook about soccer | $6.00",
    "table_for_pd": {
        "Column 1": [
            "book about trains",
            "book about art",
            "book about birds",
            "book about soccer"
        ],
        "Column 2": [
            "$1.00",
            "$2.00",
            "$7.00",
            "$6.00"
        ]
    },
    "row_num": 4,
    "column_num": 2,
    "solution": "Add the price of a book about art and the price of a book about soccer:\n\n$2.00 + $6.00 = $8.00\n\n$8.00 is less than $9.00. Darrell does have enough money.",
    "ques_type": "multi_choice",
    "ans_type": "boolean_text",
    "grade": 3,
    "split": "test"
}