{
    "id": 1229,
    "subject": "如图,直线a∥b,直线c与直线a,b分别相交于点A,B,AM⊥b,垂足为点M．如果∠1=58°,那么∠2=()",
    "eng_subject": "As shown in the figure, the straight line a ∥ b, the straight line c and the straight lines a, b intersect at the points A, B, AM ⊥ b, and the foot of perpendicular is the point M. If ∠1 = 58.0, then ∠2 = ()",
    "unanswerable_subject": "如图,直线c与直线a,b分别相交于点A,B,AM⊥b,垂足为点M．如果∠1=58°,那么∠2=()",
    "unanswerable_eng_subject": "As shown in the figure, the straight line c and the straight lines a, b intersect at the points A, B, AM ⊥ b, and the foot of perpendicular is the point M. If ∠1 = 58.0, then ∠2 = ()",
    "choices": [
        "32°",
        "58°",
        "42°",
        "122°"
    ],
    "label": 0,
    "formal_point": [
        "三角形内角和",
        "平行线"
    ],
    "answer": "解:∵直线a∥b,∠1=58°,∴∠ABM=∠1=58°∵AM⊥b,垂足为点M,∴∠AMB=90°∴∠2=180°-∠1-∠ABM=180°-58°-90°=32°.故选A.",
    "numbers": [
        58.0
    ]
}