{
    "id": 1858,
    "subject": "如图,已知⊙O的半径为5,弦AB、CD所对的圆心角分别是∠AOB,∠COD,且∠AOB与∠COD互补,弦CD=8,则弦AB的长为()",
    "eng_subject": "As shown in the figure, it is known that the radius of ⊙O is 5.0, the central angles of chords AB and CD are ∠AOB, ∠COD, and ∠AOB is complementary to ∠COD, chord CD = 8.0, then the length of chord AB is ()",
    "unanswerable_subject": "如图,已知⊙O的半径为5,弦AB、CD所对的圆心角分别是∠AOB,∠COD,弦CD=8,则弦AB的长为()",
    "unanswerable_eng_subject": "As shown in the figure, it is known that the radius of ⊙O is 5.0, the central angles of chords AB and CD are ∠AOB, ∠COD, chord CD = 8.0, then the length of chord AB is ()",
    "choices": [
        "6",
        "8",
        "5√{2}",
        "5√{3}"
    ],
    "label": 0,
    "formal_point": [
        "勾股定理",
        "圆周角",
        "圆心角"
    ],
    "answer": "解:解:如图,延长AO交⊙O于点E,连接BE,则∠AOB+∠BOE=180°,又∵∠AOB+∠COD=180°,∴∠BOE=∠COD,∴BE=CD,∵AE为⊙O的直径,∴∠ABE=90°,∴AB=√{AE^{2}-BE^{2}}=√{10^{2}-8^{2}}=6,故选:A．",
    "numbers": [
        5.0,
        8.0
    ]
}