{
    "question": "Look at the table. Then answer the question. At a price of $1,110, is there a shortage or a surplus?",
    "choices": [
        "shortage",
        "surplus"
    ],
    "answer": "shortage",
    "unit": null,
    "table_title": null,
    "table": "Price | Quantity demanded | Quantity supplied\n$990 | 24,400 | 4,100\n$1,110 | 24,300 | 8,100\n$1,230 | 24,200 | 12,100\n$1,350 | 24,100 | 16,100\n$1,470 | 24,000 | 20,100",
    "table_for_pd": {
        "Price": [
            "$990",
            "$1,110",
            "$1,230",
            "$1,350",
            "$1,470"
        ],
        "Quantity demanded": [
            "24,400",
            "24,300",
            "24,200",
            "24,100",
            "24,000"
        ],
        "Quantity supplied": [
            "4,100",
            "8,100",
            "12,100",
            "16,100",
            "20,100"
        ]
    },
    "row_num": 6,
    "column_num": 3,
    "solution": "At the price of $1,110, the quantity demanded is greater than the quantity supplied. There is not enough of the good or service for sale at that price. So, there is a shortage.\n",
    "ques_type": "multi_choice",
    "ans_type": "boolean_text",
    "grade": 5,
    "split": "test"
}