{
    "id": 314,
    "subject": "圆I是三角形ABC的内切圆,D,E,F为3个切点,若∠DEF=52°,则∠A的度数为()",
    "eng_subject": "Circle I is the inscribed circle of triangle ABC, D, E, F are 3.0 tangent points, if ∠DEF = 52.0, then the degree of ∠A is ()",
    "unanswerable_subject": "圆I是三角形ABC的内切圆,D,E,F为3个切点,则∠A的度数为()",
    "unanswerable_eng_subject": "Circle I is the inscribed circle of triangle ABC, D, E, F are 3.0 tangent points, the degree of ∠A is ()",
    "choices": [
        "68°",
        "52°",
        "76°",
        "38°"
    ],
    "label": 2,
    "formal_point": [
        "直角三角形"
    ],
    "answer": "试题解析:连接DI,FI,∵∠DEF=52^{°},∴∠DIF=104°,∵⊙I是△ABC的内切圆,D,E,F为三个切点,∴∠IDA=∠IFA=90°,∴∠A=360^{°}-90^{°}-90^{°}-104^{°}=76^{°}.故选C.",
    "numbers": [
        3.0,
        52.0
    ]
}