{
    "question": "For an economics project, Marcy determined the cost of ferry rides for bicycles and cars. Which charges more for a bicycle, the Ocracoke ferry or the Seattle-Bremerton ferry?",
    "choices": [
        "Ocracoke",
        "Seattle-Bremerton"
    ],
    "answer": "Seattle-Bremerton",
    "unit": null,
    "table_title": "Ferry fares",
    "table": "Ferry | Car | Bicycle\nSeattle-Bremerton | $12 | $8\nOcracoke | $15 | $3\nSouthport-Fort Fisher | $5 | $2",
    "table_for_pd": {
        "Ferry": [
            "Seattle-Bremerton",
            "Ocracoke",
            "Southport-Fort Fisher"
        ],
        "Car": [
            "$12",
            "$15",
            "$5"
        ],
        "Bicycle": [
            "$8",
            "$3",
            "$2"
        ]
    },
    "row_num": 4,
    "column_num": 3,
    "solution": "Find the Bicycle column. Compare the numbers in this column for Ocracoke and Seattle-Bremerton.\n\n$8.00 is more than $3.00. The Seattle-Bremerton ferry charges more for a bicycle.",
    "ques_type": "multi_choice",
    "ans_type": "extractive_text",
    "grade": 4,
    "split": "test"
}