{
    "id": 587,
    "subject": "如图,C、D是以线段AB为直径的⊙O上两点,若CA=CD,且∠CAB=25°,则∠ACD的度数为()",
    "eng_subject": "As shown in the figure, C and D are two points on ⊙O with the line segment AB as the diameter. If CA = CD, and ∠CAB = 25.0, then the degree of ∠ACD is ()",
    "unanswerable_subject": "如图,C、D是以线段AB为直径的⊙O上两点,若∠CAB=25°,则∠ACD的度数为()",
    "unanswerable_eng_subject": "As shown in the figure, C and D are two points on ⊙O with the line segment AB as the diameter. If ∠CAB = 25.0, then the degree of ∠ACD is ()",
    "choices": [
        "25°",
        "30°",
        "40°",
        "50°"
    ],
    "label": 3,
    "formal_point": [
        "三角形内角和",
        "圆周角",
        "等腰三角形"
    ],
    "answer": "∵CD是直径,∴∠ACB=90°,∵∠CAB=25°,∴∠ABC=65°,∴∠ADC=65°,∵CA=CD,∴∠CAD=∠ADC=65°,∴∠ACD=180°-2×65°=50°故选D.",
    "numbers": [
        25.0
    ]
}