{
    "id": 81,
    "subject": "如图,AB∥CD,点E在BC上,且CD=CE,∠D=74°,则∠B的度数为()",
    "eng_subject": "As shown in the figure, AB ∥ CD, point E is on BC, and CD = CE, ∠D = 74.0, then the degree of ∠B is ()",
    "unanswerable_subject": "如图,AB∥CD,点E在BC上,∠D=74°,则∠B的度数为()",
    "unanswerable_eng_subject": "As shown in the figure, AB ∥ CD, point E is on BC, ∠D = 74.0, then the degree of ∠B is ()",
    "choices": [
        "74°",
        "32°",
        "22°",
        "16°"
    ],
    "label": 1,
    "formal_point": [
        "等腰三角形",
        "平行线"
    ],
    "answer": "试题分析:∵CD=CE,∠D=74°∴∠C=32°又∵AB//CD故选B",
    "numbers": [
        74.0
    ]
}