{
    "id": 1293,
    "subject": "如图,在△ABC中,D、E分别是AB、AC边上的点,DE∥BC,∠ADE=35°,∠C=120°,则∠A为()",
    "eng_subject": "As shown in the figure, in △ABC, D and E are points on edges AB and AC respectively, DE ∥ BC, ∠ADE = 35.0, ∠C = 120.0, then ∠A is ()",
    "unanswerable_subject": "如图,在△ABC中,D、E分别是AB、AC边上的点,DE∥BC,∠C=120°,则∠A为()",
    "unanswerable_eng_subject": "As shown in the figure, in △ABC, D and E are points on edges AB and AC respectively, DE ∥ BC, ∠C = 120.0, then ∠A is ()",
    "choices": [
        "60°",
        "45°",
        "35°",
        "25°"
    ],
    "label": 3,
    "formal_point": [
        "三角形内角和",
        "平行线"
    ],
    "answer": "∵DE//BC,∠C=120°,∴∠AED=∠C=120°∵∠ADE=35°,∠ADE+∠AED+∠A=180°,∴∠A=180°-∠AED-∠ADE=180°-120°-35°=25°.故选D.",
    "numbers": [
        35.0,
        120.0
    ]
}