{
    "question": "Look at this table. Is this relation a function?",
    "choices": [
        "yes",
        "no"
    ],
    "answer": "no",
    "unit": null,
    "table_title": null,
    "table": "x | y\n8 | 12\n0 | 5\n0 | 7\n1 | 10",
    "table_for_pd": {
        "x": [
            "8",
            "0",
            "0",
            "1"
        ],
        "y": [
            "12",
            "5",
            "7",
            "10"
        ]
    },
    "row_num": 5,
    "column_num": 2,
    "solution": "Look at the x-values in the table.\n\nThe x-value 0 is paired with multiple y-values, so the relation is not a function.",
    "ques_type": "multi_choice",
    "ans_type": "boolean_text",
    "grade": 8,
    "split": "test"
}