{
    "id": 2231,
    "subject": "如图所示,圆锥形帐篷顶的母线长AB=10cm,底面半径长BO=5m,这个圆锥形帐篷顶的侧面积(不计接缝)是()",
    "eng_subject": "As shown in the picture, the length of the generatrix of the cone-shaped tent roof is AB = 10.0, the bottom radius is BO = 5.0, and the lateral area of ​​the cone-shaped tent roof (excluding the seams) is ()",
    "unanswerable_subject": "如图所示,圆锥形帐篷顶的母线长AB=10cm,这个圆锥形帐篷顶的侧面积(不计接缝)是()",
    "unanswerable_eng_subject": "As shown in the picture, the length of the generatrix of the cone-shaped tent roof is AB = 10.0, and the lateral area of ​​the cone-shaped tent roof (excluding the seams) is ()",
    "choices": [
        "15πm^{2}",
        "30πm^{2}",
        "50πm^{2}",
        "75πm^{2}"
    ],
    "label": 2,
    "formal_point": [
        "圆锥的计算"
    ],
    "answer": "解:由题意得,l=10cm,故可得S圆锥形帐篷顶的侧面积=πrl=50πcm^{2}．故选:C．",
    "numbers": [
        10.0,
        5.0
    ]
}