{
    "question": "Look at the table. Then answer the question. At a price of $1,190, is there a shortage or a surplus?",
    "choices": [
        "shortage",
        "surplus"
    ],
    "answer": "surplus",
    "unit": null,
    "table_title": null,
    "table": "Price | Quantity demanded | Quantity supplied\n$790 | 17,200 | 18,700\n$890 | 16,700 | 19,800\n$990 | 16,200 | 20,900\n$1,090 | 15,700 | 22,000\n$1,190 | 15,200 | 23,100",
    "table_for_pd": {
        "Price": [
            "$790",
            "$890",
            "$990",
            "$1,090",
            "$1,190"
        ],
        "Quantity demanded": [
            "17,200",
            "16,700",
            "16,200",
            "15,700",
            "15,200"
        ],
        "Quantity supplied": [
            "18,700",
            "19,800",
            "20,900",
            "22,000",
            "23,100"
        ]
    },
    "row_num": 6,
    "column_num": 3,
    "solution": "At the price of $1,190, the quantity demanded is less than the quantity supplied. There is too much of the good or service for sale at that price. So, there is a surplus.\n",
    "ques_type": "multi_choice",
    "ans_type": "boolean_text",
    "grade": 5,
    "split": "test"
}