{
    "id": 2045,
    "subject": "用圆心角为120°,半径为3cm的扇形纸片卷成一个圆锥形无底纸冒(如图所示),则这个纸冒的高是()",
    "eng_subject": "Use a sector piece of paper with a central angle of 120.0 and a radius of 3.0 to roll into a cone-shaped bottomless paper cap (as shown in the picture), then the height of the paper is ()",
    "unanswerable_subject": "用圆心角为120°的扇形纸片卷成一个圆锥形无底纸冒(如图所示),则这个纸冒的高是()",
    "unanswerable_eng_subject": "Use a sector piece of paper with a central angle of 120.0 to roll into a cone-shaped bottomless paper cap (as shown in the picture), then the height of the paper is ()",
    "choices": [
        "3cm",
        "2√{2}cm",
        "3√{2}cm",
        "4√{2}cm"
    ],
    "label": 1,
    "formal_point": [
        "圆锥的计算",
        "圆心角"
    ],
    "answer": "解:设圆锥的底面半径长为xcm,根据题意得2πx=\\frac{120\\cdotπ\\cdot3}{180}解得x=1,所以这个纸冒的高=√{3^{2}-1^{2}}=2√{2}(cm)．故选:B．",
    "numbers": [
        120.0,
        3.0
    ]
}