{
    "id": 7898,
    "subject": "如图,△ABC中,AB=AC=18,BC=12,正方形DEFG的顶点E,F在△ABC内,顶点D,G分别在AB,AC上,AD=AG,DG=6,则点F到BC的距离为()",
    "eng_subject": "As shown in the figure, in △ABC, AB = AC = 18.0, BC = 12.0, the vertices E and F of the square DEFG are in △ABC, the vertices D and G are on AB and AC respectively, AD = AG, DG = 6.0, then the distance from point F to BC is ()",
    "unanswerable_subject": "如图,△ABC中,AB=AC=18,BC=12,正方形DEFG的顶点E,F在△ABC内,顶点D,G分别在AB,AC上,AD=AG,则点F到BC的距离为()",
    "unanswerable_eng_subject": "As shown in the figure, in △ABC, AB = AC = 18.0, BC = 12.0, the vertices E and F of the square DEFG are in △ABC, the vertices D and G are on AB and AC respectively, AD = AG, then the distance from point F to BC is ()",
    "choices": [
        "1",
        "2",
        "12√{2}-6",
        "6√{2}-6"
    ],
    "label": 3,
    "formal_point": [
        "距离",
        "正方形",
        "勾股定理",
        "相似三角形",
        "等腰三角形"
    ],
    "answer": "解:过点A作AM⊥BC于点M,交DG于点N,延长GF交BC于点H,∵AB=AC,AD=AG,∴AD:AB=AG:AC,∵∠BAC=∠DAG,∴△ADG∽△ABC,∴∠ADG=∠B,∴DG∥BC,∵四边形DEFG是正方形,∴FG⊥DG,∴FH⊥BC,AN⊥DG,∵AB=AC=18,BC=12,∴BM=\\frac{1}{2}BC=6,∴AM=√{AB²-BM²}=12√{2},∴\\frac{AN}{AM}=\\frac{DG}{BC},∴\\frac{AN}{12√{2}}=\\frac{6}{12},∴AN=6√{2},∴MN=AM-AN=6√{2},∴FH=MN-GF=6√{2}-6．故选:D．",
    "numbers": [
        18.0,
        12.0,
        6.0
    ]
}