{
    "id": 4115,
    "subject": "如图,在△ABC中,∠B=20°,点O是BC边上一点,以O为圆心,OB为半径作圆,交AB边于点D,连结CD,若CD恰好与⊙O相切,则∠DCB的度数是()",
    "eng_subject": "As shown in the figure, in △ABC, ∠B = 20.0, point O is a point on the edge of BC, take O as the center and OB as the radius to make a circle, intersect the AB edge at point D, connect CD, if CD happens to be tangent of ⊙O , then the degree of ∠DCB is ()",
    "unanswerable_subject": "如图,在△ABC中,∠B=20°,点O是BC边上一点,以O为圆心,OB为半径作圆,交AB边于点D,则∠DCB的度数是()",
    "unanswerable_eng_subject": "As shown in the figure, in △ABC, ∠B = 20.0, point O is a point on the edge of BC, take O as the center and OB as the radius to make a circle, intersect the AB edge at point D, then the degree of ∠DCB is ()",
    "choices": [
        "30°",
        "40°",
        "45°",
        "50°"
    ],
    "label": 3,
    "formal_point": [
        "切线"
    ],
    "answer": "解:连接OD,∵DC为⊙O的切线,∴∠ODC=90°,∵OB=OD,∴∠B=∠ODB=20°,∴∠DCB=180°-90°-20°-20°=50°,故选:D．",
    "numbers": [
        20.0
    ]
}