{
    "id": 2999,
    "subject": "如图,在△ABC中,∠ABC和∠ACB的外角平分线交于点O,且∠BOC=40°,则∠A=()",
    "eng_subject": "As shown in the figure, in △ABC, the bisectors of the exterior angles of ∠ABC and ∠ACB intersects at point O, and ∠BOC = 40.0, then ∠A = ()",
    "unanswerable_subject": "如图,在△ABC中,∠ABC和∠ACB的外角平分线交于点O,则∠A=()",
    "unanswerable_eng_subject": "As shown in the figure, in △ABC, the bisectors of the exterior angles of ∠ABC and ∠ACB intersects at point O, then ∠A = ()",
    "choices": [
        "10°",
        "70°",
        "100°",
        "160°"
    ],
    "label": 2,
    "formal_point": [
        "角平分线",
        "三角形的外角",
        "三角形内角和"
    ],
    "answer": "解:∠BOC=40°∴∠OBC+∠OCB=140°∴∠ABC+∠ACB=180°×2-140°×2=80°∴∠A=180°-(∠ABC+∠ACB)=180°-80°=100°．故选:C．",
    "numbers": [
        40.0
    ]
}