{
    "id": 9359,
    "subject": "如图,在▱ABCD中,BD=CD,∠C=70°,AE⊥BD于点E,则∠BAE的度数为()",
    "eng_subject": "As shown in the figure, in ▱ABCD, BD = CD, ∠C = 70.0, AE ⊥ BD at point E, then the degree of ∠BAE is ()",
    "unanswerable_subject": "如图,在▱ABCD中,∠C=70°,AE⊥BD于点E,则∠BAE的度数为()",
    "unanswerable_eng_subject": "As shown in the figure, in ▱ABCD, ∠C = 70.0, AE ⊥ BD at point E, then the degree of ∠BAE is ()",
    "choices": [
        "20°",
        "30°",
        "40°",
        "50°"
    ],
    "label": 0,
    "formal_point": [
        "平行四边形",
        "等腰三角形"
    ],
    "answer": "解:在△DBC中,∵BD=CD,∠C=70°,∴∠DBC=∠C=70°,又∵在▱ABCD中,AD∥BC,∴∠ADB=∠DBC=70°,又∵AE⊥BD,∴∠DAE=90°-∠ADB=90°-70°=20°．故选:AD．",
    "numbers": [
        70.0
    ]
}