{
    "question": "Look at the table. Then answer the question. At a price of $155, is there a shortage or a surplus?",
    "choices": [
        "shortage",
        "surplus"
    ],
    "answer": "shortage",
    "unit": null,
    "table_title": null,
    "table": "Price | Quantity demanded | Quantity supplied\n$155 | 22,600 | 5,800\n$275 | 20,500 | 9,400\n$395 | 18,400 | 13,000\n$515 | 16,300 | 16,600\n$635 | 14,200 | 20,200",
    "table_for_pd": {
        "Price": [
            "$155",
            "$275",
            "$395",
            "$515",
            "$635"
        ],
        "Quantity demanded": [
            "22,600",
            "20,500",
            "18,400",
            "16,300",
            "14,200"
        ],
        "Quantity supplied": [
            "5,800",
            "9,400",
            "13,000",
            "16,600",
            "20,200"
        ]
    },
    "row_num": 6,
    "column_num": 3,
    "solution": "At the price of $155, the quantity demanded is greater than the quantity supplied. There is not enough of the good or service for sale at that price. So, there is a shortage.\n",
    "ques_type": "multi_choice",
    "ans_type": "boolean_text",
    "grade": 5,
    "split": "test"
}