{
    "id": 7219,
    "subject": "如右图,△ABC中,DE∥BC,\\frac{AD}{AB}=\\frac{2}{5},DE=3,则BC的长为()",
    "eng_subject": "As shown on the right, in △ABC, DE ∥ BC, \\frac{AD}{AB}=\\frac{2.0}{5.0},DE=3.0,then the length of BC is ()",
    "unanswerable_subject": "如右图,△ABC中,\\frac{AD}{AB}=\\frac{2}{5},DE=3,则BC的长为()",
    "unanswerable_eng_subject": "As shown on the right, in △ABC, \\frac{AD}{AB}=\\frac{2.0}{5.0},DE=3.0,then the length of BC is ()",
    "choices": [
        "7.5",
        "4.5",
        "8",
        "6"
    ],
    "label": 0,
    "formal_point": [
        "相似三角形",
        "等腰三角形",
        "平行线"
    ],
    "answer": "解:∵DE∥BC,∴△ADE∽△ABC,∴\\frac{DE}{BC}=\\frac{AD}{AB}=\\frac{2}{5},∴BC=\\frac{5}{2}DE=\\frac{5}{2}×3=\\frac{15}{2}．故选:A．",
    "numbers": [
        2.0,
        5.0,
        3.0
    ]
}