{
    "id": 2451,
    "subject": "如图,一同学在湖边看到一棵树,他目测出自己与树的距离为20m,树的顶端在水中的倒影距自己5m远,该同学的身高为1.7m,则树高为()m．",
    "eng_subject": "As shown in the figure, a student saw a tree by the lake. He visually observed that the distance between himself and the tree is 20.0, and the reflection of the top of the tree in the water is 5.0 far away from him. The student's height is 1.7, and the height of the tree is ( ).",
    "unanswerable_subject": "如图,一同学在湖边看到一棵树,他目测出自己与树的距离为20m,树的顶端在水中的倒影距自己5m远,则树高为()m．",
    "unanswerable_eng_subject": "As shown in the figure, a student saw a tree by the lake. He visually observed that the distance between himself and the tree is 20.0, and the reflection of the top of the tree in the water is 5.0 far away from him. The height of the tree is ( ).",
    "choices": [
        "3.4",
        "5.1",
        "6.8",
        "8.5"
    ],
    "label": 1,
    "formal_point": [
        "相似三角形",
        "距离"
    ],
    "answer": "解:由相似三角形的性质,设树高x米,\n则\\frac{5}{20-5}=\\frac{1.7}{x},∴x=5.1m．\n故选:B．",
    "numbers": [
        20.0,
        5.0,
        1.7
    ]
}