{
    "id": 1518,
    "subject": "如图,AB∥CD,∠B=20°,∠D=60°,则∠BED的度数为()",
    "eng_subject": "As shown in the figure, AB ∥ CD, ∠B = 20.0, ∠D = 60.0, then the degree of ∠BED is ()",
    "unanswerable_subject": "如图,AB∥CD,∠B=20°,则∠BED的度数为()",
    "unanswerable_eng_subject": "As shown in the figure, AB ∥ CD, ∠B = 20.0, then the degree of ∠BED is ()",
    "choices": [
        "40°",
        "80°",
        "90°",
        "l00°"
    ],
    "label": 1,
    "formal_point": [
        "平行线",
        "内错角"
    ],
    "answer": "解:如图:过点E做EF||AB,则CD||EF∴∠BEF=∠B=20°,∠DEF=∠D=60°∴∠BED=∠BEF+∠DEF=80°",
    "numbers": [
        20.0,
        60.0
    ]
}