{
    "id": 2554,
    "subject": "如图,已知Rt△ABC中,∠C=90°,AB=10,AC=8,则tanB的值为()",
    "eng_subject": "As shown in the figure, it is known that in Rt△ABC, ∠C = 90.0, AB = 10.0, AC = 8.0, then the value of tanB is ()",
    "unanswerable_subject": "如图,已知Rt△ABC中,∠C=90°,AB=10,则tanB的值为()",
    "unanswerable_eng_subject": "As shown in the figure, it is known that in Rt△ABC, ∠C = 90.0, AB = 10.0, then the value of tanB is ()",
    "choices": [
        "\\frac{3}{5}",
        "\\frac{3}{4}",
        "\\frac{4}{5}",
        "\\frac{4}{3}"
    ],
    "label": 3,
    "formal_point": [
        "三角函数"
    ],
    "answer": "解:在Rt△ABC中,由勾股定理,得\nBC=√{AB^{2}-AC^{2}}=√{10^{2}-8^{2}}=6,\n由正切函数的意义,得\ntanB=\\frac{AC}{BC}=\\frac{8}{6}=\\frac{4}{3},\n故选:D．",
    "numbers": [
        90.0,
        10.0,
        8.0
    ]
}