{
    "id": 377,
    "subject": "如图,AB∥CD,CP交AB于O,AO=PO,若∠C=50°,则∠A的度数为()",
    "eng_subject": "As shown in the figure, AB ∥ CD, CP intersects AB at O, AO = PO, if ∠C = 50.0, then the degree of ∠A is ()",
    "unanswerable_subject": "如图,AB∥CD,CP交AB于O,若∠C=50°,则∠A的度数为()",
    "unanswerable_eng_subject": "As shown in the figure, AB ∥ CD, CP intersects AB at O, if ∠C = 50.0, then the degree of ∠A is ()",
    "choices": [
        "25°",
        "35°",
        "15°",
        "50°"
    ],
    "label": 0,
    "formal_point": [
        "等腰三角形",
        "平行线"
    ],
    "answer": "试题解析:∵AB//CD,CP交AB于O,∴∠POB=∠C,∵∠C=50°,∴∠POB=50°,∵AO=PO,∴∠A=∠P,∴∠A=25°故选A.",
    "numbers": [
        50.0
    ]
}