{
    "id": 484,
    "subject": "把一尺与三角板如图放置,∠1=40°则∠2的度数为()",
    "eng_subject": "Place a ruler and a triangular plate as shown in the figure, ∠1 = 40.0, then the degree of ∠2 is ()",
    "unanswerable_subject": "把一尺与三角板如图放置,则∠2的度数为()",
    "unanswerable_eng_subject": "Place a ruler and a triangular plate as shown in the figure, then the degree of ∠2 is ()",
    "choices": [
        "130°",
        "140°",
        "120°",
        "125°"
    ],
    "label": 0,
    "formal_point": [
        "三角形的外角",
        "同位角",
        "平行线"
    ],
    "answer": "试题解析:如图,∵∠3=∠1+90^{°},而∠1=40°,∴∠3=130^{°},∵a//b,∴∠2=∠3=130^{°}.故选A.",
    "numbers": [
        40.0
    ]
}