{
    "id": 4165,
    "subject": "如图,△ABC中,AB=5,BC=3,AC=4,以点C为圆心的圆与AB相切,则⊙C的半径为()",
    "eng_subject": "As shown in the figure, in △ABC, AB = 5.0, BC = 3.0, AC = 4.0, the circle with point C as the center is tangent to AB, then the radius of ⊙C is ()",
    "unanswerable_subject": "如图,△ABC中,AB=5,BC=3,以点C为圆心的圆与AB相切,则⊙C的半径为()",
    "unanswerable_eng_subject": "As shown in the figure, in △ABC, AB = 5.0, BC = 3.0, the circle with point C as the center is tangent to AB, then the radius of ⊙C is ()",
    "choices": [
        "2.6",
        "2.5",
        "2.4",
        "2.3"
    ],
    "label": 2,
    "formal_point": [
        "切线",
        "直角三角形",
        "勾股定理"
    ],
    "answer": "解:在△ABC中,∵AB=5,BC=3,AC=4,∴AC²+BC²=3²+4²=5²=AB²,∴∠C=90°,如图:设切点为D,连接CD,∵AB是⊙C的切线,∴CD⊥AB,∵S_{△ABC}=\\frac{1}{2}AC•BC=\\frac{1}{2}AB•CD,∴AC•BC=AB•CD,即CD=\\frac{AC\\cdotBC}{AB}=\\frac{3×4}{5}=2.4,∴⊙C的半径为2.4,故选:C．",
    "numbers": [
        5.0,
        3.0,
        4.0
    ]
}