{
    "question": "While looking through an almanac at the library, Walter noticed some data showing the population density of various states. In 1990, which had more people per square mile, South Dakota or Montana?",
    "choices": [
        "South Dakota",
        "Montana"
    ],
    "answer": "South Dakota",
    "unit": null,
    "table_title": "Population per square mile",
    "table": "State | 1990 | 2000\nNew Mexico | 12 | 15\nSouth Dakota | 9 | 10\nNevada | 10 | 18\nMontana | 5 | 6\nIdaho | 12 | 15",
    "table_for_pd": {
        "Column 1": [
            "State",
            "New Mexico",
            "South Dakota",
            "Nevada",
            "Montana",
            "Idaho"
        ],
        "Column 2": [
            "1990",
            "12",
            "9",
            "10",
            "5",
            "12"
        ],
        "Column 3": [
            "2000",
            "15",
            "10",
            "18",
            "6",
            "15"
        ]
    },
    "row_num": 6,
    "column_num": 3,
    "solution": "Find the 1990 column. Compare the numbers in this column for South Dakota and Montana.\n\n9 is more than 5. South Dakota had more people per square mile in 1990.",
    "ques_type": "multi_choice",
    "ans_type": "extractive_text",
    "grade": 5,
    "split": "test"
}