{
    "id": 2088,
    "subject": "如图,圆锥的母线长为5cm,高线长为4cm,则圆锥的底面积是()",
    "eng_subject": "As shown in the figure, the length of the generatrix of the cone is 5.0, and the length of the height line is 4.0, then the bottom area of ​​the cone is ()",
    "unanswerable_subject": "如图,圆锥的母线长为5cm,则圆锥的底面积是()",
    "unanswerable_eng_subject": "As shown in the figure, the length of the generatrix of the cone is 5.0, then the bottom area of ​​the cone is ()",
    "choices": [
        "3πcm^{2}",
        "9πcm^{2}",
        "16πcm^{2}",
        "25πcm^{2}"
    ],
    "label": 1,
    "formal_point": [
        "圆锥的计算"
    ],
    "answer": "解:圆锥的底面圆的半径=√{5^{2}-4^{2}}=3,所以圆锥的底面积=π•3^{2}=9π(cm^{2})．故选:B．",
    "numbers": [
        5.0,
        4.0
    ]
}