{
    "id": 291,
    "subject": "如图所示,D是△ABC的角平分线BD和CD的交点,若∠A=50°,则∠D=()",
    "eng_subject": "As shown in the figure, D is the intersection point of the angular bisector BD and CD of △ABC. If ∠A = 50.0, then ∠D = ()",
    "unanswerable_subject": "如图所示,D是△ABC的角平分线BD和CD的交点,则∠D=()",
    "unanswerable_eng_subject": "As shown in the figure, D is the intersection point of the angular bisector BD and CD of △ABC. ∠D = ()",
    "choices": [
        "120°",
        "130°",
        "115°",
        "110°"
    ],
    "label": 2,
    "formal_point": [
        "角平分线",
        "三角形内角和"
    ],
    "answer": "试题分析:∵∠A=50°,∴∠ABC+∠ACB=180°-∠A=180°-50°=130°,∵D是△ABC的角平分线BD和CD的交点,∴∠DBC+∠DCB=\\frac{1}{2}(∠ABC+∠ACB)=\\frac{1}{2}×130^{°}=65^{°},在△BCD中,∠D=180°-(∠DBC+∠DCB)=180°-65°=115°.故选C.",
    "numbers": [
        50.0
    ]
}