{
    "id": 5319,
    "subject": "如图,已知∠1=40°,∠A+∠B=140°,则∠C+∠D的度数为()",
    "eng_subject": "As shown in the figure, it is known that ∠1 = 40.0, ∠A + ∠B = 140.0, then the degree of ∠C + ∠D is ()",
    "unanswerable_subject": "如图,已知∠A+∠B=140°,则∠C+∠D的度数为()",
    "unanswerable_eng_subject": "As shown in the figure, it is known that ∠A + ∠B = 140.0, then the degree of ∠C + ∠D is ()",
    "choices": [
        "40°",
        "60°",
        "80°",
        "100°"
    ],
    "label": 2,
    "formal_point": [
        "三角形内角和",
        "多边形"
    ],
    "answer": "【解答】解:连接CD,如图:∵∠1=40°,∠1+∠2+∠3=180°,∴∠2+∠3=180°-40°=140°,∵∠A+∠B+∠ADC+∠BCD=360°,∠A+∠B=140°,∴∠ADC+∠BCD=360°-140°=220°,∴∠BCE+∠ADE=(∠ADC+∠BCD)-(∠2+∠3)=220°-140°=80°,",
    "numbers": [
        40.0,
        140.0
    ]
}