{
    "id": 5181,
    "subject": "如图,在⊙O中,AB是弦,OC⊥AB,垂足为C,若AB=16,OC=6,则⊙O的直径等于()",
    "eng_subject": "As shown in the figure, in ⊙O, AB is the chord, OC ⊥ AB, the foot of perpendicular is C, if AB = 16.0, OC = 6.0, then the diameter of ⊙O is equal to ()",
    "unanswerable_subject": "如图,在⊙O中,AB是弦,OC⊥AB,垂足为C,若AB=16,则⊙O的直径等于()",
    "unanswerable_eng_subject": "As shown in the figure, in ⊙O, AB is the chord, OC ⊥ AB, the foot of perpendicular is C, if AB = 16.0, then the diameter of ⊙O is equal to ()",
    "choices": [
        "16",
        "20",
        "10",
        "8"
    ],
    "label": 1,
    "formal_point": [
        "勾股定理",
        "直角三角形",
        "垂径定理"
    ],
    "answer": "【解答】解:∵在⊙O中,AB是弦,OC⊥AB,垂足为C,AB=16,∴AC=\\frac{1}{2}AB=\\frac{1}{2}×16=8,在Rt△AOC中,∵OC=6,AC=8,∴OA=√{OC²+AC²}=√{6²+8²}=10,∴⊙O的直径=2OA=2×10=20．",
    "numbers": [
        16.0,
        6.0
    ]
}