{
    "question": "Abdul just downloaded the new game Gem Excavator on his phone. In the first level, Abdul gains points for each green gem he finds. However, he loses points for each red gem he finds. The table shows how the gems affect Abdul's points. Which color gem affects Abdul's points less?",
    "choices": [
        "green",
        "red"
    ],
    "answer": "green",
    "unit": null,
    "table_title": null,
    "table": "Gem color | Change in points\nGreen | 25\nRed | -40",
    "table_for_pd": {
        "Gem color": [
            "Green",
            "Red"
        ],
        "Change in points": [
            "25",
            "-40"
        ]
    },
    "row_num": 3,
    "column_num": 2,
    "solution": "To find the gem that affects Abdul's points less, use absolute value. Absolute value tells you how much Abdul's points change for each color gem.\nGreen: |25| = 25\nRed: |-40| = 40\nAbdul gains 25 points for each green gem he finds, and he loses 40 points for each red gem he finds. So, the green gems affect Abdul's points less.",
    "ques_type": "multi_choice",
    "ans_type": "extractive_text",
    "grade": 6,
    "split": "test"
}