{
    "question": "Erin has $39.00. Does she have enough to buy a book about sharks and a book about basketball?",
    "choices": [
        "yes",
        "no"
    ],
    "answer": "yes",
    "unit": null,
    "table_title": null,
    "table": "book about basketball | $18.00\nbook about the Olympics | $15.00\nbook about sharks | $19.00\nbook about cats | $24.00\nbook about hiking | $14.00\nbook about trains | $17.00",
    "table_for_pd": {
        "Column 1": [
            "book about basketball",
            "book about the Olympics",
            "book about sharks",
            "book about cats",
            "book about hiking",
            "book about trains"
        ],
        "Column 2": [
            "$18.00",
            "$15.00",
            "$19.00",
            "$24.00",
            "$14.00",
            "$17.00"
        ]
    },
    "row_num": 6,
    "column_num": 2,
    "solution": "Add the price of a book about sharks and the price of a book about basketball:\n\n$19.00 + $18.00 = $37.00\n\n$37.00 is less than $39.00. Erin does have enough money.",
    "ques_type": "multi_choice",
    "ans_type": "boolean_text",
    "grade": 8,
    "split": "test"
}