{
    "id": 1042,
    "subject": "如图,∠A=70°,∠2=130°,则∠1=()",
    "eng_subject": "As shown in the figure, ∠A = 70.0, ∠2 = 130.0, then ∠1 = ()",
    "unanswerable_subject": "如图,∠A=70°,则∠1=()",
    "unanswerable_eng_subject": "As shown in the figure, ∠A = 70.0, then ∠1 = ()",
    "choices": [
        "130°",
        "120°",
        "140°",
        "110°"
    ],
    "label": 1,
    "formal_point": [
        "三角形的外角",
        "邻补角"
    ],
    "answer": "如图,∵∠2=130°,∴∠3=180°-∠2=180°-130°=50°,∴∠1=∠A+∠3=70°+50°=120°.故选B",
    "numbers": [
        70.0,
        130.0
    ]
}