{
    "id": 448,
    "subject": "如图,直线AB∥CD,∠C=44°,∠E为直角,则∠1等于()",
    "eng_subject": "As shown in the figure, the straight line AB ∥ CD, ∠C = 44.0, ∠E is a right angle, then ∠1 is equal to ()",
    "unanswerable_subject": "如图,∠C=44°,∠E为直角,则∠1等于()",
    "unanswerable_eng_subject": "As shown in the figure, ∠C = 44.0, ∠E is a right angle, then ∠1 is equal to ()",
    "choices": [
        "132°",
        "134°",
        "136°",
        "138°"
    ],
    "label": 1,
    "formal_point": [
        "同位角",
        "平行线"
    ],
    "answer": "解:过E作EF//AB,∵AB//CD,∴AB//CD//EF,∴∠C=∠FEC,∠BAE=∠FEA,∵∠C=44°,∠AEC为直角,∴∠FEC=44°,∠BAE=∠AEF=90°-44°=46°∴∠1=180°-∠BAE=180°-46°=134°故选B.",
    "numbers": [
        44.0
    ]
}