{
    "question": "An amusement park manager looked up the number of ride tickets sold in the past 4 days. On which day did the amusement park sell the most tickets?",
    "choices": [
        "Tuesday",
        "Wednesday",
        "Thursday",
        "Friday"
    ],
    "answer": "Friday",
    "unit": null,
    "table_title": "Tickets sold",
    "table": "Day | Number of tickets\nTuesday | 491\nWednesday | 459\nThursday | 445\nFriday | 495",
    "table_for_pd": {
        "Day": [
            "Tuesday",
            "Wednesday",
            "Thursday",
            "Friday"
        ],
        "Number of tickets": [
            "491",
            "459",
            "445",
            "495"
        ]
    },
    "row_num": 5,
    "column_num": 2,
    "solution": "Find the greatest number in the table. Remember to compare the numbers starting with the highest place value. The greatest number is 495.\n\nNow find the corresponding day. Friday corresponds to 495.",
    "ques_type": "multi_choice",
    "ans_type": "extractive_text",
    "grade": 2,
    "split": "test"
}