{
    "id": 2110,
    "subject": "如图,在Rt△ABC中,∠ACB=90°,AC=4,BC=3,将△ABC绕AC所在的直线旋转一周得到一个旋转体,则该旋转体的侧面积为()",
    "eng_subject": "As shown in the figure, in Rt△ABC, ∠ACB = 90.0, AC = 4.0, BC = 3.0, rotate △ABC around the line where AC is located to obtain a rotating body, then the lateral area of ​​the rotating body is ()",
    "unanswerable_subject": "如图,在Rt△ABC中,∠ACB=90°,AC=4,将△ABC绕AC所在的直线旋转一周得到一个旋转体,则该旋转体的侧面积为()",
    "unanswerable_eng_subject": "As shown in the figure, in Rt△ABC, ∠ACB = 90.0, AC = 4.0, rotate △ABC around the line where AC is located to obtain a rotating body, then the lateral area of ​​the rotating body is ()",
    "choices": [
        "12π",
        "15π",
        "30π",
        "60π"
    ],
    "label": 1,
    "formal_point": [
        "勾股定理",
        "旋转",
        "扇形面积",
        "圆锥的计算"
    ],
    "answer": "解:由勾股定理得AB=5,BC=3,则圆锥的底面周长=6π,旋转体的侧面积=\\frac{1}{2}×6π×5=15π,故选:B．",
    "numbers": [
        90.0,
        4.0,
        3.0
    ]
}