{
    "id": 9676,
    "subject": "如图,AB是⊙O的直径,弦CD与AB相交,且∠ABC=32°,则∠CDB的度数为()",
    "eng_subject": "As shown in the figure, AB is the diameter of ⊙O, the chord CD and AB intersect, and ∠ABC = 32.0, then the degree of ∠CDB is ()",
    "unanswerable_subject": "如图,AB是⊙O的直径,弦CD与AB相交,则∠CDB的度数为()",
    "unanswerable_eng_subject": "As shown in the figure, AB is the diameter of ⊙O, the chord CD and AB intersect, then the degree of ∠CDB is ()",
    "choices": [
        "58°",
        "32°",
        "80°",
        "64°"
    ],
    "label": 0,
    "formal_point": [
        "圆周角",
        "圆心角"
    ],
    "answer": "解:∵线段AB为⊙O的直径,∴∠ACB=90°,∴∠BAC=180°-∠ACB-∠ABC=58°．∵∠CDB与∠BAC均为弦BC的圆周角,∴∠CDB=∠BAC=58°．故选:A．",
    "numbers": [
        32.0
    ]
}