{
    "question": "Look at this table. Is this relation a function?",
    "choices": [
        "yes",
        "no"
    ],
    "answer": "yes",
    "unit": null,
    "table_title": null,
    "table": "x | y\n6 | 10\n9 | 0\n14 | 13\n5 | 6",
    "table_for_pd": {
        "x": [
            "6",
            "9",
            "14",
            "5"
        ],
        "y": [
            "10",
            "0",
            "13",
            "6"
        ]
    },
    "row_num": 5,
    "column_num": 2,
    "solution": "Look at the x-values in the table.\n\nEach of the x-values is paired with only one y-value, so the relation is a function.",
    "ques_type": "multi_choice",
    "ans_type": "boolean_text",
    "grade": 8,
    "split": "test"
}