{
    "id": 3593,
    "subject": "如图,在圆的内接四边形ABCD中,∠ABC=120°,则四边形ABCD的外角∠ADE的度数是()",
    "eng_subject": "As shown in the figure, in the inscribed quadrilateral ABCD of the circle, ∠ABC = 120.0, then the degree of the exterior angle of the quadrilateral ABCD ∠ADE is ()",
    "unanswerable_subject": "如图,∠ABC=120°,则四边形ABCD的外角∠ADE的度数是()",
    "unanswerable_eng_subject": "As shown in the figure, ∠ABC = 120.0, then the degree of the exterior angle of the quadrilateral ABCD ∠ADE is ()",
    "choices": [
        "130°",
        "120°",
        "110°",
        "100°"
    ],
    "label": 1,
    "formal_point": [
        "圆内接四边形"
    ],
    "answer": "解:∵四边形ABCD是圆内接四边形,∴∠ADC+∠B=180°,∵∠ADC+∠ADE=180°,∴∠ADE=∠B．∵∠B=120°,∴∠ADE=120°．\n故选:B．",
    "numbers": [
        120.0
    ]
}