{
    "id": 5740,
    "subject": "如图,平行四边形ABCD中,E,F分别是AD,BC的中点,P是边DC上的动点,G,H分别是PE,PF的中点,已知DC=10cm,则GH的长是()",
    "eng_subject": "As shown in the figure, in the parallelogram ABCD, E and F are the midpoints of AD and BC respectively, P is the moving point on the edge DC, G and H are the midpoints of PE and PF respectively, it is known that DC = 10.0, then length of GH is ()",
    "unanswerable_subject": "如图,平行四边形ABCD中,E是AD的中点,P是边DC上的动点,G,H分别是PE,PF的中点,已知DC=10cm,则GH的长是()",
    "unanswerable_eng_subject": "As shown in the figure, in the parallelogram ABCD, E is the midpoint of AD, P is the moving point on the edge DC, G and H are the midpoints of PE and PF respectively, it is known that DC = 10.0, then length of GH is ()",
    "choices": [
        "7cm",
        "6cm",
        "5cm",
        "4cm"
    ],
    "label": 2,
    "formal_point": [
        "平行四边形",
        "三角形中位线"
    ],
    "answer": "解:连接EF,∵四边形ABCD是平行四边形,∴AB=CD,AD=BD,AD∥BC,∵E,F分别是AD,BC的中点,∴AE=BF,∴四边形ABFE是平行四边形,∴AB=EF=10cm,∵G,H分别是PE,PF的中点,∴GH是△PEF的中位线,∴GH=\\frac{1}{2}EF=\\frac{1}{2}×10=5cm,故选:C．",
    "numbers": [
        10.0
    ]
}