{
    "id": 4248,
    "subject": "如图,Rt△ABC中,AC=4,AB=5,∠C=90°,经过点C且与边AB相切的圆与△ABC的边CB,CA分别相交于点E、F,线段EF长度的最小值为()",
    "eng_subject": "As shown in the figure, in Rt△ABC, AC = 4.0, AB = 5.0, ∠C = 90.0, the circle passing through point C which is tangent to the edge AB intersects the edges CB and CA of △ABC at points E, F. The minimum length of the line segment EF is ()",
    "unanswerable_subject": "如图,Rt△ABC中,AC=4,∠C=90°,经过点C且与边AB相切的圆与△ABC的边CB,CA分别相交于点E、F,线段EF长度的最小值为()",
    "unanswerable_eng_subject": "As shown in the figure, in Rt△ABC, AC = 4.0, ∠C = 90.0, the circle passing through point C which is tangent to the edge AB intersects the edges CB and CA of △ABC at points E, F. The minimum length of the line segment EF is ()",
    "choices": [
        "2.4",
        "2",
        "2.5",
        "2√{2}"
    ],
    "label": 0,
    "formal_point": [
        "切线",
        "直角三角形"
    ],
    "answer": "解:取EF的中点O,作OG⊥AB于G,CH⊥AB于H,连结OC,如图,在Rt△ABC中,∵AC=4,AB=5,∠C=90°,∴BC=√{5^{2}-4^{2}}=3,∵\\frac{1}{2}CH•AB=\\frac{1}{2}BC•AC,∴CH=\\frac{3×4}{5}=2.4,∵∠ECF=90°,∴EF为经过点C且与边AB相切的圆的直径,点O为圆心,∵AB为⊙O的切线,∴OG为⊙O的半径,∴EF=OC+OG,当OC、OG共线时,OC+OG的值最小,最小值为CH的长,∴EF的最小值为2.4．故选:A．",
    "numbers": [
        4.0,
        5.0,
        90.0
    ]
}