{
    "id": 7251,
    "subject": "如图,在△ABC中,DE∥BC,分别交AB,AC于点D,E．若AE=3,EC=6,则\\frac{DE}{BC}的值为()",
    "eng_subject": "As shown in the figure, in △ABC, DE ∥ BC, intersect AB and AC at points D and E respectively. If AE = 3.0, EC = 6.0, then the value of \\frac DEBC is ()",
    "unanswerable_subject": "如图,在△ABC中,DE∥BC,分别交AB,AC于点D,E．若EC=6,则\\frac{DE}{BC}的值为()",
    "unanswerable_eng_subject": "As shown in the figure, in △ABC, DE ∥ BC, intersect AB and AC at points D and E respectively. If EC = 6.0, then the value of \\frac DEBC is ()",
    "choices": [
        "\\frac{1}{9}",
        "\\frac{1}{6}",
        "\\frac{1}{4}",
        "\\frac{1}{3}"
    ],
    "label": 3,
    "formal_point": [
        "相似三角形",
        "平行线",
        "平行线分线段成比例"
    ],
    "answer": "解:∵△ABC中,DE∥BC,∴\\frac{DE}{BC}=\\frac{AE}{AC}=\\frac{AE}{AE+EC}=\\frac{3}{3+6}=\\frac{1}{3},故选:D．",
    "numbers": [
        3.0,
        6.0
    ]
}