{
    "id": 9328,
    "subject": "如图,在平行四边形ABCD中,CE平分∠BCD交AD边于点E,且DE=3,则AB的长为()",
    "eng_subject": "As shown in the figure, in the parallelogram ABCD, CE bisects ∠BCD and it intersects the AD edge at point E, and DE = 3.0, then the length of AB is ()",
    "unanswerable_subject": "如图,在ABCD中,CE平分∠BCD交AD边于点E,且DE=3,则AB的长为()",
    "unanswerable_eng_subject": "As shown in the figure, in ABCD, CE bisects ∠BCD and it intersects the AD edge at point E, and DE = 3.0, then the length of AB is ()",
    "choices": [
        "1",
        "2",
        "3",
        "6"
    ],
    "label": 2,
    "formal_point": [
        "角平分线",
        "平行四边形",
        "等腰三角形",
        "平行线"
    ],
    "answer": "解:∵四边形ABCD是平行四边形,∴AB=DC,AD∥BC,∴∠DEC=∠BCE,∵CE平分∠DCB,∴∠DCE=∠BCE,∴∠DEC=∠DCE,∴DE=DC=AB=3,故选:C．",
    "numbers": [
        3.0
    ]
}