{
    "id": 964,
    "subject": "如图,△ABC中,∠A=90°,AB=AC,BD平分∠ABE,DE⊥BC,如果BC=10cm,则△DEC的周长是()",
    "eng_subject": "As shown in the figure, in △ABC, ∠A = 90.0, AB = AC, BD bisects ∠ABE, DE ⊥ BC, if BC = 10.0, then the perimeter of △DEC is ()",
    "unanswerable_subject": "如图,△ABC中,∠A=90°,AB=AC,DE⊥BC,如果BC=10cm,则△DEC的周长是()",
    "unanswerable_eng_subject": "As shown in the figure, in △ABC, ∠A = 90.0, AB = AC, DE ⊥ BC, if BC = 10.0, then the perimeter of △DEC is ()",
    "choices": [
        "8cm",
        "10cm",
        "11cm",
        "12cm"
    ],
    "label": 1,
    "formal_point": [
        "角平分线"
    ],
    "answer": "解:∵BD平分∠ABE,DE⊥BC,DA⊥ABAD=DE又∵BD=BD,∴△BAD≌△BED(HL)AB=BE又∵AB=ACBE=ACBC=BE+EC=AC+EC=AD+DC+EC=DE+DC+EC=10cm∴△DEC的周长是10cm,故选B.",
    "numbers": [
        90.0,
        10.0
    ]
}