{
    "question": "Dakota has $3.66. Does she have enough to buy a box of crackers and a carton of ice cream?",
    "choices": [
        "yes",
        "no"
    ],
    "answer": "yes",
    "unit": null,
    "table_title": null,
    "table": "box of gingersnaps | $4.02\npackage of chocolate cookies | $1.53\nbag of rice | $2.04\nbox of crackers | $1.43\nbox of cereal | $4.60\ncarton of ice cream | $2.18",
    "table_for_pd": {
        "Column 1": [
            "box of gingersnaps",
            "package of chocolate cookies",
            "bag of rice",
            "box of crackers",
            "box of cereal",
            "carton of ice cream"
        ],
        "Column 2": [
            "$4.02",
            "$1.53",
            "$2.04",
            "$1.43",
            "$4.60",
            "$2.18"
        ]
    },
    "row_num": 6,
    "column_num": 2,
    "solution": "Add the price of a box of crackers and the price of a carton of ice cream:\n\n$1.43 + $2.18 = $3.61\n\n$3.61 is less than $3.66. Dakota does have enough money.",
    "ques_type": "multi_choice",
    "ans_type": "boolean_text",
    "grade": 8,
    "split": "test"
}