{
    "id": 4039,
    "subject": "如图,AB是⊙O的直径,BP是⊙O的切线,AP与⊙O交于点G,点D为⁀{BC}上一点,若∠P=40°,则∠ADC等于()",
    "eng_subject": "As shown in the figure, AB is the diameter of ⊙O, BP is the tangent of ⊙O, AP and ⊙O intersect at point G, point D is the point on ⁀BC, if ∠P = 40.0, then ∠ADC is equal to ()",
    "unanswerable_subject": "如图,AB是⊙O的直径,BP是⊙O的切线,AP与⊙O交于点G,若∠P=40°,则∠ADC等于()",
    "unanswerable_eng_subject": "As shown in the figure, AB is the diameter of ⊙O, BP is the tangent of ⊙O, AP and ⊙O intersect at point G, if ∠P = 40.0, then ∠ADC is equal to ()",
    "choices": [
        "20°",
        "25°",
        "40°",
        "50°"
    ],
    "label": 2,
    "formal_point": [
        "切线",
        "圆周角"
    ],
    "answer": "解:连接BC．∵PB是切线,∴AB⊥PB,∴∠ABP=90°,∵AB是直径,∴∠ACB=90°,∴∠ABC+∠BAC=90°,∠P+∠BAC=90°,∴∠ABC=∠P=40°,∴∠ADC=∠ABC=40°,故选:C．",
    "numbers": [
        40.0
    ]
}