{
    "id": 3626,
    "subject": "如图,⊙O是四边形ABCD的外接圆,若∠O=110°,则∠C的度数为()",
    "eng_subject": "As shown in the figure, ⊙O is the circumscribed circle of the quadrilateral ABCD, if ∠O = 110.0, then the degree of ∠C is ()",
    "unanswerable_subject": "如图,若∠O=110°,则∠C的度数为()",
    "unanswerable_eng_subject": "As shown in the figure, if ∠O = 110.0, then the degree of ∠C is ()",
    "choices": [
        "125°",
        "120°",
        "105°",
        "90°"
    ],
    "label": 0,
    "formal_point": [
        "圆周角",
        "外接圆",
        "圆内接四边形"
    ],
    "answer": "解:由圆周角定理得,∠A=\\frac{1}{2}∠O=55°,∵⊙O是四边形ABCD的外接圆,∴∠A+∠C=180°,∴∠C=125°,\n故选:A．",
    "numbers": [
        110.0
    ]
}