{
    "id": 4508,
    "subject": "如图,在△ABC中,DE∥BC,AE=3,AC=9,AD=4,则AB的值为()",
    "eng_subject": "As shown in the figure, in △ABC, DE ∥ BC, AE = 3.0, AC = 9.0, AD = 4.0, then the value of AB is ()",
    "unanswerable_subject": "如图,在△ABC中,AE=3,AC=9,AD=4,则AB的值为()",
    "unanswerable_eng_subject": "As shown in the figure, in △ABC, AE = 3.0, AC = 9.0, AD = 4.0, then the value of AB is ()",
    "choices": [
        "6",
        "8",
        "9",
        "12"
    ],
    "label": 3,
    "formal_point": [
        "平行线",
        "平行线分线段成比例"
    ],
    "answer": "解:∵DE∥BC,∴\\frac{AD}{AB}=\\frac{AE}{AC},即\\frac{4}{AB}=\\frac{3}{9},∴AB=12．故选:D．",
    "numbers": [
        3.0,
        9.0,
        4.0
    ]
}