{
    "id": 3921,
    "subject": "如图,已知BA是⊙O的切线,切点为A,连接OB交⊙O于点C,若∠B=45°,AB长为2,则BC的长度为()",
    "eng_subject": "As shown in the figure, it is known that BA is the tangent of ⊙O, and connect OB to intersect ⊙O at point C. If ∠B = 45.0 and the length of AB is 2.0, then the length of BC is ()",
    "unanswerable_subject": "如图,已知BA是⊙O的切线,切点为A,连接OB交⊙O于点C,若AB长为2,则BC的长度为()",
    "unanswerable_eng_subject": "As shown in the figure, it is known that BA is the tangent of ⊙O, and connect OB to intersect ⊙O at point C. If the length of AB is 2.0, then the length of BC is ()",
    "choices": [
        "2√{2}-1",
        "√{2}",
        "2√{2}-2",
        "2-√{2}"
    ],
    "label": 2,
    "formal_point": [
        "切线",
        "圆周角",
        "直角三角形",
        "勾股定理"
    ],
    "answer": ":连接OA,∵BA是⊙O的切线,切点为A,∴∠OAB=90°,∵∠B=45°,∴△OAB是等腰直角三角形,∵AB长为2,∴AO=2,则BO=2√{2},故BC=2√{2}-2,故选:C．",
    "numbers": [
        45.0,
        2.0
    ]
}