{
    "question": "Lucia's Candies has been studying how much chocolate people have been eating in different countries. Which country consumed the least chocolate per capita in 2002?",
    "choices": [
        "Switzerland",
        "Belgium",
        "Austria",
        "Australia"
    ],
    "answer": "Australia",
    "unit": null,
    "table_title": "Chocolate consumption per capita (kg)",
    "table": "Country | 2002 | 2005\nBelgium | 8 | 11\nSwitzerland | 11 | 10\nAustralia | 4 | 5\nGermany | 10 | 11\nAustria | 8 | 9",
    "table_for_pd": {
        "Column 1": [
            "Country",
            "Belgium",
            "Switzerland",
            "Australia",
            "Germany",
            "Austria"
        ],
        "Column 2": [
            "2002",
            "8",
            "11",
            "4",
            "10",
            "8"
        ],
        "Column 3": [
            "2005",
            "11",
            "10",
            "5",
            "11",
            "9"
        ]
    },
    "row_num": 6,
    "column_num": 3,
    "solution": "Look at the numbers in the 2002 column. Find the least number in this column.\n\nThe least number is 4, which is in the Australia row. Australia consumed the least chocolate per capita in 2002.",
    "ques_type": "multi_choice",
    "ans_type": "extractive_text",
    "grade": 5,
    "split": "test"
}