{
    "id": 2020,
    "subject": "如图是一顶圆锥形烟囱小纸帽,它的母线长l是13cm,高h为12cm,则制作这顶纸帽所需纸张的面积是(接缝忽略不计)()",
    "eng_subject": "The picture shows a small paper cap with a conical chimney. The length of its generatrix l is 13.0 and its height h is 12.0. The area of ​​paper required to make this paper cap is (the seams are ignored) ()",
    "unanswerable_subject": "如图是一顶圆锥形烟囱小纸帽,它的母线长l是13cm,则制作这顶纸帽所需纸张的面积是(接缝忽略不计)()",
    "unanswerable_eng_subject": "The picture shows a small paper cap with a conical chimney. The length of its generatrix l is 13.0. The area of ​​paper required to make this paper cap is (the seams are ignored) ()",
    "choices": [
        "60π",
        "65π",
        "78π",
        "156π"
    ],
    "label": 1,
    "formal_point": [
        "圆锥的计算"
    ],
    "answer": "解:∵圆锥的母线长l是13cm,高h为12cm,∴圆锥的底面半径为r=√{13^{2}-12^{2}}=5cm,∴这张扇形纸板的面积=\\frac{1}{2}×2π×5×13=65π(cm^{2})．故选:B．",
    "numbers": [
        13.0,
        12.0
    ]
}