{
    "id": 7348,
    "subject": "如图,在△ABC中,点D、E分别是AB、AC的中点,若△ADE的面积为4,则△ABC的面积为()",
    "eng_subject": "As shown in the figure, in △ABC, points D and E are the midpoints of AB and AC respectively. If the area of ​​△ADE is 4.0, then the area of ​​△ABC is ()",
    "unanswerable_subject": "如图,在△ABC中,点D是AB的中点,若△ADE的面积为4,则△ABC的面积为()",
    "unanswerable_eng_subject": "As shown in the figure, in △ABC, D is the midpoint of AB. If the area of ​​△ADE is 4.0, then the area of ​​△ABC is ()",
    "choices": [
        "8",
        "12",
        "14",
        "16"
    ],
    "label": 3,
    "formal_point": [
        "相似三角形"
    ],
    "answer": "解:∵在△ABC中,点D、E分别是AB、AC的中点,∴DE∥BC,DE=\\frac{1}{2}BC,∴△ADE∽△ABC,∵\\frac{DE}{BC}=\\frac{1}{2},∴\\frac{S_{\\bigtriangleupADE}}{S_{\\bigtriangleupABC}}=\\frac{1}{4},∵△ADE的面积为4,∴△ABC的面积为:16,故选:D．",
    "numbers": [
        4.0
    ]
}