{
    "question": "In science class, Betty is learning about places with extreme temperatures. She learns that the highest temperature ever recorded was in Death Valley, California. She also learns that the lowest temperature ever recorded was in Vostok Station, Antarctica. The record-setting temperatures of the two locations are shown in the table. Which location's temperature was further from zero?",
    "choices": [
        "Death Valley",
        "Vostok Station"
    ],
    "answer": "Death Valley",
    "unit": null,
    "table_title": null,
    "table": "Location | Temperature (°F)\nDeath Valley | 134\nVostok Station | -128",
    "table_for_pd": {
        "Location": [
            "Death Valley",
            "Vostok Station"
        ],
        "Temperature (°F)": [
            "134",
            "-128"
        ]
    },
    "row_num": 3,
    "column_num": 2,
    "solution": "A positive number means the temperature was above zero. A negative number means the temperature was below zero.\nTo find which temperature was further from zero, use absolute value. Absolute value tells you how far a temperature is from zero.\nDeath Valley: |134| = 134\nVostok Station: |-128| = 128\nThe temperature of Death Valley was further from zero. It was 134 degrees above zero.",
    "ques_type": "multi_choice",
    "ans_type": "extractive_text",
    "grade": 6,
    "split": "test"
}