{
    "id": 1805,
    "subject": "如图,点A,B,P是⊙O上的三点,若∠AOB=40°,则∠APB的度数为()",
    "eng_subject": "As shown in the figure, points A, B, and P are three points on ⊙O, if ∠AOB = 40.0, then the degree of ∠APB is ()",
    "unanswerable_subject": "如图,点A,B是⊙O上的两点,若∠AOB=40°,则∠APB的度数为()",
    "unanswerable_eng_subject": "As shown in the figure, points A, and B are two points on ⊙O, if ∠AOB = 40.0, then the degree of ∠APB is ()",
    "choices": [
        "80°",
        "140°",
        "20°",
        "50°"
    ],
    "label": 2,
    "formal_point": [
        "圆周角",
        "圆心角"
    ],
    "answer": "解:∠APB=\\frac{1}{2}∠AOB=\\frac{1}{2}×40°=20°．故选:C．",
    "numbers": [
        40.0
    ]
}