{
    "id": 3308,
    "subject": "如图,点A、B、C、D在⊙O上,DE⊥OA,DF⊥OB,垂足分别为E,F,若∠EDF=50°,则∠C的度数为()",
    "eng_subject": "As shown in the figure, points A, B, C, D are on ⊙O, DE ⊥ OA, DF ⊥ OB, and the feet of perpendicular are E, F respectively. If ∠EDF = 50.0, then the degree of ∠C is ()",
    "unanswerable_subject": "如图,点A、B、C、D在⊙O上,DF⊥OB,垂足分别为E,F,若∠EDF=50°,则∠C的度数为()",
    "unanswerable_eng_subject": "As shown in the figure, points A, B, C, D are on ⊙O, DF ⊥ OB, and the feet of perpendicular are E, F respectively. If ∠EDF = 50.0, then the degree of ∠C is ()",
    "choices": [
        "40°",
        "50°",
        "65°",
        "130°"
    ],
    "label": 2,
    "formal_point": [
        "圆周角",
        "多边形",
        "圆心角"
    ],
    "answer": "解:∵DE⊥OA,DF⊥OB,∴∠OED=∠OFD=90°,∴∠AOB=360°-90°-90°-50°=130°,\n由圆周角定理得,∠C=\\frac{1}{2}∠AOB=65°,\n故选:C．",
    "numbers": [
        50.0
    ]
}