{
    "id": 9658,
    "subject": "如图,AB是半圆的直径,∠ABC=50°,点D是⁀{AC}的中点,则∠DAB等于()",
    "eng_subject": "As shown in the figure, AB is the diameter of the semicircle, ∠ABC = 50.0, point D is the midpoint of ⁀AC, then ∠DAB is equal to ()",
    "unanswerable_subject": "如图,AB是半圆的直径,∠ABC=50°,则∠DAB等于()",
    "unanswerable_eng_subject": "As shown in the figure, AB is the diameter of the semicircle, ∠ABC = 50.0, then ∠DAB is equal to ()",
    "choices": [
        "40°",
        "50°",
        "65°",
        "70°"
    ],
    "label": 2,
    "formal_point": [
        "圆周角"
    ],
    "answer": "解:连结BD,如图,∵点D是⁀{AC}的中点,即弧CD=弧AD,∴∠ABD=∠CBD,∵∠ABC=50°,∴∠ABD=\\frac{1}{2}×50°=25°,∵AB是半圆的直径,∴∠ADB=90°,∴∠DAB=90°-25°=65°．故选:C．",
    "numbers": [
        50.0
    ]
}