{
    "id": 3705,
    "subject": "如图,△ABC中,AB=AC,∠BAC=70°,⊙O是△ABC的外接圆,点D在劣弧⁀{AC}上,则∠D的度数是()",
    "eng_subject": "As shown in the figure, in △ABC, AB = AC, ∠BAC = 70.0, ⊙O is the circumscribed circle of △ABC, point D is on the minor arc ⁀AC, then the degree of ∠D is ()",
    "unanswerable_subject": "如图,△ABC中,∠BAC=70°,⊙O是△ABC的外接圆,点D在劣弧⁀{AC}上,则∠D的度数是()",
    "unanswerable_eng_subject": "As shown in the figure, in △ABC, ∠BAC = 70.0, ⊙O is the circumscribed circle of △ABC, point D is on the minor arc ⁀AC, then the degree of ∠D is ()",
    "choices": [
        "55°",
        "110°",
        "125°",
        "140°"
    ],
    "label": 2,
    "formal_point": [
        "圆周角",
        "圆内接四边形",
        "外接圆",
        "三角形的外接圆与外心",
        "等腰三角形"
    ],
    "answer": "解:∵AB=AC,∠BAC=70°,∴∠B=∠ACB=55°,∵四边形ABCD是⊙O的内接四边形,∴∠D=180°-∠A=125°,\n故选:C．",
    "numbers": [
        70.0
    ]
}