{
    "id": 5082,
    "subject": "如图,在△ABC中,∠B=∠C,D为BC边上一点,E点在AC边上,∠ADE=∠AED,若∠BAD=24°,则∠CDE=()",
    "eng_subject": "As shown in the figure, in △ABC, ∠B = ∠C, D is a point on edge BC, point E is on edge AC, ∠ADE = ∠AED, if ∠BAD = 24.0, then ∠CDE = ()",
    "unanswerable_subject": "如图,在△ABC中,∠B=∠C,D为BC边上一点,E点在AC边上,若∠BAD=24°,则∠CDE=()",
    "unanswerable_eng_subject": "As shown in the figure, in △ABC, ∠B = ∠C, D is a point on edge BC, point E is on edge AC, if ∠BAD = 24.0, then ∠CDE = ()",
    "choices": [
        "24°",
        "20°",
        "15°",
        "12°"
    ],
    "label": 3,
    "formal_point": [
        "三角形内角和",
        "三角形的外角"
    ],
    "answer": "【解答】解:∵∠ADC是△ABD的外角,∴∠ADC=∠B+∠BAD=∠B+24°,∵∠AED是△CDE的外角,∴∠AED=∠C+∠EDC,∵∠B=∠C,∠ADE=∠AED,∴∠C+∠EDC=∠ADC-∠EDC=∠B+24°-∠EDC,解得∠EDC=12°．",
    "numbers": [
        24.0
    ]
}