{
    "question": "Sarah has $9,781. Does she have enough to buy an antique hand-painted trunk and an antique cedar cabinet?",
    "choices": [
        "yes",
        "no"
    ],
    "answer": "no",
    "unit": null,
    "table_title": null,
    "table": "antique cedar cabinet | $2,427\nantique hand-painted trunk | $7,639\nantique pine chest of drawers | $9,889\nantique cast-iron bench | $3,071",
    "table_for_pd": {
        "Column 1": [
            "antique cedar cabinet",
            "antique hand-painted trunk",
            "antique pine chest of drawers",
            "antique cast-iron bench"
        ],
        "Column 2": [
            "$2,427",
            "$7,639",
            "$9,889",
            "$3,071"
        ]
    },
    "row_num": 4,
    "column_num": 2,
    "solution": "Add the price of an antique hand-painted trunk and the price of an antique cedar cabinet:\n\n$7,639 + $2,427 = $10,066\n\n$10,066 is more than $9,781. Sarah does not have enough money.",
    "ques_type": "multi_choice",
    "ans_type": "boolean_text",
    "grade": 8,
    "split": "test"
}