{
    "question": "Look at the following schedule. When does the relay race end?",
    "choices": [
        "2:50 P.M.",
        "12:25 P.M.",
        "3:40 P.M.",
        "1:10 P.M."
    ],
    "answer": "1:10 P.M.",
    "unit": null,
    "table_title": "Field day schedule",
    "table": "Event | Begin | End\ntug-of-war | 11:40 A.M. | 12:10 P.M.\nrelay race | 12:25 P.M. | 1:10 P.M.\njump rope race | 1:20 P.M. | 2:15 P.M.\nhula hoop contest | 2:30 P.M. | 2:40 P.M.\nwater balloon toss | 2:50 P.M. | 3:40 P.M.\nscooter race | 3:50 P.M. | 4:45 P.M.\npotato sack race | 4:55 P.M. | 5:30 P.M.",
    "table_for_pd": {
        "Event": [
            "tug-of-war",
            "relay race",
            "jump rope race",
            "hula hoop contest",
            "water balloon toss",
            "scooter race",
            "potato sack race"
        ],
        "Begin": [
            "11:40 A.M.",
            "12:25 P.M.",
            "1:20 P.M.",
            "2:30 P.M.",
            "2:50 P.M.",
            "3:50 P.M.",
            "4:55 P.M."
        ],
        "End": [
            "12:10 P.M.",
            "1:10 P.M.",
            "2:15 P.M.",
            "2:40 P.M.",
            "3:40 P.M.",
            "4:45 P.M.",
            "5:30 P.M."
        ]
    },
    "row_num": 8,
    "column_num": 3,
    "solution": "Find the relay race on the schedule. Find the end time for the relay race.\n\nrelay race: 1:10 P. M.",
    "ques_type": "multi_choice",
    "ans_type": "extractive_text",
    "grade": 3,
    "split": "test"
}