{
    "id": 1561,
    "subject": "如图,a//b,将一块三角板的直角顶点放在直线a上,∠1=42°,则∠2的度数为()",
    "eng_subject": "As shown in the figure, a // b, put the right-angled vertex of a triangular plate on the straight line a, ∠1 = 42.0, then the degree of ∠2 is ()",
    "unanswerable_subject": "如图,将一块三角板的直角顶点放在直线a上,∠1=42°,则∠2的度数为()",
    "unanswerable_eng_subject": "As shown in the figure, put the right-angled vertex of a triangular plate on the straight line a, ∠1 = 42.0, then the degree of ∠2 is ()",
    "choices": [
        "46°",
        "48°",
        "56°",
        "72°"
    ],
    "label": 1,
    "formal_point": [
        "平行线",
        "内错角"
    ],
    "answer": "∵∠1=42°∴∠3=90^{°}-42^{°}=48^{°},∵a||b,∴∠2=∠3,∴∠2=48°故选:B",
    "numbers": [
        42.0
    ]
}