{
    "id": 4224,
    "subject": "如图,PA,PB分别与⊙O相切于A,B两点,∠P=70°,则∠C为()",
    "eng_subject": "As shown in the figure, PA and PB are tangent to ⊙O at A and B respectively, ∠P = 70.0, then ∠C is ()",
    "unanswerable_subject": "如图,PA与⊙O相切于A点,∠P=70°,则∠C为()",
    "unanswerable_eng_subject": "As shown in the figure, PA is tangent to ⊙O at A, ∠P = 70.0, then ∠C is ()",
    "choices": [
        "55°",
        "70°",
        "110°",
        "140°"
    ],
    "label": 0,
    "formal_point": [
        "切线",
        "圆周角"
    ],
    "answer": "解:连接OA、OB,∵直线PA、PB分别与⊙O相切于点A、B,∴OA⊥PA,OB⊥PB,∵∠P=70°,∴∠AOB=110°,∵C是⊙O上一点,∴∠ACB=55°．故选:A．",
    "numbers": [
        70.0
    ]
}