{
    "question": "Vijay has $9.00. Does he have enough to buy a book about music and a book about hiking?",
    "choices": [
        "yes",
        "no"
    ],
    "answer": "no",
    "unit": null,
    "table_title": null,
    "table": "book about hiking | $9.00\nbook about outer space | $2.00\nbook about animals | $5.00\nbook about music | $2.00",
    "table_for_pd": {
        "Column 1": [
            "book about hiking",
            "book about outer space",
            "book about animals",
            "book about music"
        ],
        "Column 2": [
            "$9.00",
            "$2.00",
            "$5.00",
            "$2.00"
        ]
    },
    "row_num": 4,
    "column_num": 2,
    "solution": "Add the price of a book about music and the price of a book about hiking:\n\n$2.00 + $9.00 = $11.00\n\n$11.00 is more than $9.00. Vijay does not have enough money.",
    "ques_type": "multi_choice",
    "ans_type": "boolean_text",
    "grade": 3,
    "split": "test"
}