{
    "id": 3287,
    "subject": "如图,AB是⊙O直径,点C为⊙O上一点,∠C=20°,则∠BOC度数为()",
    "eng_subject": "As shown in the figure, AB is the diameter of ⊙O, point C is a point on ⊙O, ∠C = 20.0, then the degree of ∠BOC is ()",
    "unanswerable_subject": "如图,AB是⊙O直径,∠C=20°,则∠BOC度数为()",
    "unanswerable_eng_subject": "As shown in the figure, AB is the diameter of ⊙O, ∠C = 20.0, then the degree of ∠BOC is ()",
    "choices": [
        "20°",
        "30°",
        "40°",
        "60°"
    ],
    "label": 2,
    "formal_point": [
        "圆周角",
        "圆心角"
    ],
    "answer": "解:∵OA=OC,∴∠A=∠C=20°,\n由圆周角定理得,∠BOC=2∠A=40°\n故选:C．",
    "numbers": [
        20.0
    ]
}