{
    "id": 5675,
    "subject": "如图,∠BAC=110°,若A,B关于直线MP对称,A,C关于直线NQ对称,则∠PAQ的大小是()",
    "eng_subject": "As shown in the figure, ∠BAC = 110.0, if A and B are symmetrical with respect to the line MP, A and C are symmetrical with respect to the line NQ, then the size of ∠PAQ is ()",
    "unanswerable_subject": "如图,∠BAC=110°,若A,B关于直线MP对称,则∠PAQ的大小是()",
    "unanswerable_eng_subject": "As shown in the figure, ∠BAC = 110.0, if A and B are symmetrical with respect to the line MP, then the size of ∠PAQ is ()",
    "choices": [
        "70°",
        "55°",
        "40°",
        "30°"
    ],
    "label": 2,
    "formal_point": [
        "垂直平分线",
        "对称"
    ],
    "answer": "解:∵∠BAC=110°,∴∠B+∠C=70°,∵A,B关于直线MP对称,A,C关于直线NQ对称,又∵MP,NQ为AB,AC的垂直平分线,∴∠BAP=∠B,∠QAC=∠C,∴∠BAP+∠CAQ=70°,∴∠PAQ=∠BAC-∠BAP-∠CAQ=110°-70°=40°故选:C．",
    "numbers": [
        110.0
    ]
}