{
    "id": 4676,
    "subject": "如图,在△ABC中,点D,E分别在边AB,AC上,DE∥BC,已知EC=6,\\frac{AD}{DB}=\\frac{2}{3},则AE的长是()",
    "eng_subject": "As shown in the figure, in △ABC, the points D and E are on the edges AB and AC respectively, DE ∥ BC, given that EC = 6.0, \\frac{AD}{DB}=\\frac{2.0}{3.0}, then the length of AE is ()",
    "unanswerable_subject": "如图,在△ABC中,点D,E分别在边AB,AC上,已知EC=6,\\frac{AD}{DB}=\\frac{2}{3},则AE的长是()",
    "unanswerable_eng_subject": "As shown in the figure, in △ABC, the points D and E are on the edges AB and AC respectively, given that EC = 6.0, \\frac{AD}{DB}=\\frac{2.0}{3.0}, then the length of AE is ()",
    "choices": [
        "1",
        "4",
        "5",
        "9"
    ],
    "label": 1,
    "formal_point": [
        "平行线",
        "平行线分线段成比例"
    ],
    "answer": "解:∵DE∥BC,∴\\frac{AD}{DB}=\\frac{AE}{EC},∵EC=6,\\frac{AD}{DB}=\\frac{2}{3},∴\\frac{AE}{6}=\\frac{2}{3},解得:AE=4．故选:B．",
    "numbers": [
        6.0,
        2.0,
        3.0
    ]
}