{
    "id": 9171,
    "subject": "如图,菱形ABCD中,AB=15,∠ADC=120°,则B、D两点之间的距离为()",
    "eng_subject": "As shown in the figure, in the diamond ABCD, AB = 15.0, ∠ADC = 120.0, then the distance between the two points B and D is ()",
    "unanswerable_subject": "如图,菱形ABCD中,AB=15,则B、D两点之间的距离为()",
    "unanswerable_eng_subject": "As shown in the figure, in the diamond ABCD, AB = 15.0, then the distance between the two points B and D is ()",
    "choices": [
        "15",
        "\\frac{15}{2}√{3}",
        "7.5",
        "15√{3}"
    ],
    "label": 0,
    "formal_point": [
        "菱形",
        "距离"
    ],
    "answer": "解:连接BD,∵∠ADC=120°,∴∠A=180°-120°=60°,∵AB=AD,∴△ABD是等边三角形,∴BD=AB=15．故选:A．",
    "numbers": [
        15.0,
        120.0
    ]
}