{
    "id": 3275,
    "subject": "已知:如图,在⊙O中,OA⊥BC,∠AOB=70°,则∠ADC的度数为()",
    "eng_subject": "Known: As shown in the figure, in ⊙O, OA ⊥ BC, ∠AOB = 70.0, then the degree of ∠ADC is ()",
    "unanswerable_subject": "已知:如图,在⊙O中,∠AOB=70°,则∠ADC的度数为()",
    "unanswerable_eng_subject": "Known: As shown in the figure, in ⊙O, ∠AOB = 70.0, then the degree of ∠ADC is ()",
    "choices": [
        "30°",
        "35°",
        "45°",
        "70°"
    ],
    "label": 1,
    "formal_point": [
        "圆周角",
        "垂径定理",
        "圆心角"
    ],
    "answer": "解:∵OA⊥BC,∠AOB=70°,∴⁀{AB}=⁀{AC},∴∠ADC=\\frac{1}{2}∠AOB=35°．\n故选:B．",
    "numbers": [
        70.0
    ]
}