{
    "id": 3328,
    "subject": "如图,点A、B、C、P在⊙O上,CD⊥OA,CE⊥OB,垂足分别为D,E,∠DCE=40°,则∠P的度数为()",
    "eng_subject": "As shown in the figure, points A, B, C, and P are on ⊙O, CD ⊥ OA, CE ⊥ OB, and the feet of perpendicular are D, E, ∠DCE = 40.0, then the degree of ∠P is ()",
    "unanswerable_subject": "如图,点A、B、P在⊙O上,CD⊥OA,CE⊥OB,垂足分别为D,E,∠DCE=40°,则∠P的度数为()",
    "unanswerable_eng_subject": "As shown in the figure, points A, B, and P are on ⊙O, CD ⊥ OA, CE ⊥ OB, and the feet of perpendicular are D, E, ∠DCE = 40.0, then the degree of ∠P is ()",
    "choices": [
        "70°",
        "60°",
        "40°",
        "35°"
    ],
    "label": 0,
    "formal_point": [
        "圆周角",
        "圆心角"
    ],
    "answer": "解:∵CD⊥OA,CE⊥OB,垂足分别为D,E,∠DCE=40°,∴∠DOE=180°-40°=140°,∴∠P=\\frac{1}{2}∠DOE=70°．\n故选:A．",
    "numbers": [
        40.0
    ]
}