{
    "id": 7198,
    "subject": "如图,AD•AB=AE•AC,∠ADE=80°,∠A=60°,则∠B=()",
    "eng_subject": "As shown in the figure, AD•AB = AE•AC, ∠ADE = 80.0, ∠A = 60.0, then ∠B = ()",
    "unanswerable_subject": "如图,AD•AB=AE•AC,∠ADE=80°,则∠B=()",
    "unanswerable_eng_subject": "As shown in the figure, AD•AB = AE•AC, ∠ADE = 80.0, then ∠B = ()",
    "choices": [
        "40°",
        "60°",
        "80°",
        "100°"
    ],
    "label": 0,
    "formal_point": [
        "相似三角形"
    ],
    "answer": "解:∵AD•AB=AE•AC,∴\\frac{AD}{AC}=\\frac{AE}{AB},且∠A为公共角,∴△ADE∽△ACB,∴∠C=∠ADE=80°,∴∠B=180°-∠A-∠C=180°-60°-80°=40°,故选:A．",
    "numbers": [
        80.0,
        60.0
    ]
}