{
    "id": 7603,
    "subject": "如图,已知⊙O的半径为6,M是⊙O外一点,且OM=12,过M的直线与⊙O交于A、B,点A、B关于OM的对称点分别为C、D,AD与BC交于点P,则OP的长为()",
    "eng_subject": "As shown in the figure, it is known that the radius of ⊙O is 6.0, M is a point outside ⊙O, and OM = 12.0, the line passing M and ⊙O intersect at A and B, the symmetrical points of points A and B with respect to OM are C, D, AD and BC intersect at point P, then the length of OP is ()",
    "unanswerable_subject": "如图,已知⊙O的半径为6,M是⊙O外一点,过M的直线与⊙O交于A、B,点A、B关于OM的对称点分别为C、D,AD与BC交于点P,则OP的长为()",
    "unanswerable_eng_subject": "As shown in the figure, it is known that the radius of ⊙O is 6.0, M is a point outside ⊙O, the line passing M and ⊙O intersect at A and B, the symmetrical points of points A and B with respect to OM are C, D, AD and BC intersect at point P, then the length of OP is ()",
    "choices": [
        "4",
        "3.5",
        "3",
        "2.5"
    ],
    "label": 2,
    "formal_point": [
        "圆周角",
        "相似三角形",
        "对称"
    ],
    "answer": "解:如图所示,连接AC,与MO交于点N,连接OA,OC,根据对称性可知:MN⊥AC且AN=CN,∴点P在MN上；则AP=CP,∴∠APN=∠CPN,∴∠BPM=∠APO,根据垂径定理知:∠AON=∠CON=\\frac{1}{2}∠AOC,又∠ABC=\\frac{1}{2}∠AOC(同弧圆周角是圆心角的一半),∴∠AON=∠ABC,∵∠AON=180°-(∠OAM+∠AMO),∠ABC=180°-(∠BPM+∠AMO),∴∠OAM=∠BPM,∴∠OAM=∠APO．又∠AOP=∠MOA,∵△AOP∽△MOA,∴\\frac{OP}{OA}=\\frac{OA}{OM}；即\\frac{OP}{6}=\\frac{6}{12},解得:OP=3．故选:C．",
    "numbers": [
        6.0,
        12.0
    ]
}