{
    "question": "A concession stand worker at the movie theater looked up how many bags of popcorn were sold in the past 4 days. On which day did the movie theater sell the fewest bags of popcorn?",
    "choices": [
        "Tuesday",
        "Wednesday",
        "Thursday",
        "Friday"
    ],
    "answer": "Wednesday",
    "unit": null,
    "table_title": "Bags of popcorn sold",
    "table": "Day | Number of bags of popcorn\nTuesday | 881\nWednesday | 836\nThursday | 863\nFriday | 869",
    "table_for_pd": {
        "Day": [
            "Tuesday",
            "Wednesday",
            "Thursday",
            "Friday"
        ],
        "Number of bags of popcorn": [
            "881",
            "836",
            "863",
            "869"
        ]
    },
    "row_num": 5,
    "column_num": 2,
    "solution": "Find the least number in the table. Remember to compare the numbers starting with the highest place value. The least number is 836.\n\nNow find the corresponding day. Wednesday corresponds to 836.",
    "ques_type": "multi_choice",
    "ans_type": "extractive_text",
    "grade": 2,
    "split": "test"
}