{
    "id": 4188,
    "subject": "如图,AB是⊙O的直径,AC切⊙O于A,BC交⊙O于点D,若∠C=70°,则∠AOD的度数为()",
    "eng_subject": "As shown in the figure, AB is the diameter of ⊙O, AC is tangent to ⊙O at A, BC intersects ⊙O at point D, if ∠C = 70.0, then the degree of ∠AOD is ()",
    "unanswerable_subject": "如图,AB是⊙O的直径,BC交⊙O于点D,若∠C=70°,则∠AOD的度数为()",
    "unanswerable_eng_subject": "As shown in the figure, AB is the diameter of ⊙O, BC intersects ⊙O at point D, if ∠C = 70.0, then the degree of ∠AOD is ()",
    "choices": [
        "70°",
        "35°",
        "20°",
        "40°"
    ],
    "label": 3,
    "formal_point": [
        "切线",
        "圆周角",
        "直角三角形"
    ],
    "answer": "解:∵AC是圆O的切线,AB是圆O的直径,∴AB⊥AC．∴∠CAB=90°．又∵∠C=70°,∴∠CBA=20°．∴∠DOA=40°．故选:D．",
    "numbers": [
        70.0
    ]
}