{
    "question": "Look at the following schedule. When does the zebra feeding begin?",
    "choices": [
        "1:35 P.M.",
        "8:55 A.M.",
        "12:15 P.M.",
        "10:30 A.M."
    ],
    "answer": "8:55 A.M.",
    "unit": null,
    "table_title": "Zoo schedule",
    "table": "Event | Begin | End\nzebra feeding | 8:55 A.M. | 9:55 A.M.\npenguin feeding | 10:30 A.M. | 11:30 A.M.\ntiger lecture | 12:15 P.M. | 1:00 P.M.\ngiraffe feeding | 1:00 P.M. | 1:55 P.M.\npanda lecture | 1:35 P.M. | 2:55 P.M.",
    "table_for_pd": {
        "Event": [
            "zebra feeding",
            "penguin feeding",
            "tiger lecture",
            "giraffe feeding",
            "panda lecture"
        ],
        "Begin": [
            "8:55 A.M.",
            "10:30 A.M.",
            "12:15 P.M.",
            "1:00 P.M.",
            "1:35 P.M."
        ],
        "End": [
            "9:55 A.M.",
            "11:30 A.M.",
            "1:00 P.M.",
            "1:55 P.M.",
            "2:55 P.M."
        ]
    },
    "row_num": 6,
    "column_num": 3,
    "solution": "Find the zebra feeding on the schedule. Find the beginning time for the zebra feeding.\n\nzebra feeding: 8:55 A. M.",
    "ques_type": "multi_choice",
    "ans_type": "extractive_text",
    "grade": 3,
    "split": "test"
}