{
    "id": 8650,
    "subject": "如图,圆内的两条弦AB、CD相交于E,∠D=35°,∠AEC=105°,则∠C=()",
    "eng_subject": "As shown in the figure, the two chords AB and CD in the circle intersect at E, ∠D = 35.0, ∠AEC = 105.0, then ∠C = ()",
    "unanswerable_subject": "如图,圆内的两条弦AB、CD相交于E,∠AEC=105°,则∠C=()",
    "unanswerable_eng_subject": "As shown in the figure, the two chords AB and CD in the circle intersect at E, ∠AEC = 105.0, then ∠C = ()",
    "choices": [
        "60°",
        "70°",
        "80°",
        "85°"
    ],
    "label": 1,
    "formal_point": [
        "圆周角",
        "圆心角"
    ],
    "answer": "解:∵∠D=35°,∠AEC=105°,∴∠A=∠AEC-∠D=70°,∴∠C=∠A=70°．故选:B．",
    "numbers": [
        35.0,
        105.0
    ]
}