{
    "question": "Vincent has $14,929.00. Does he have enough to buy a Morgan horse and a Palomino horse?",
    "choices": [
        "yes",
        "no"
    ],
    "answer": "no",
    "unit": null,
    "table_title": null,
    "table": "Morgan horse | $5,483.00\nPalomino horse | $9,636.00\nArabian horse | $4,815.00\nPinto horse | $3,778.00\nHanoverian horse | $8,799.00",
    "table_for_pd": {
        "Column 1": [
            "Morgan horse",
            "Palomino horse",
            "Arabian horse",
            "Pinto horse",
            "Hanoverian horse"
        ],
        "Column 2": [
            "$5,483.00",
            "$9,636.00",
            "$4,815.00",
            "$3,778.00",
            "$8,799.00"
        ]
    },
    "row_num": 5,
    "column_num": 2,
    "solution": "Add the price of a Morgan horse and the price of a Palomino horse:\n\n$5,483.00 + $9,636.00 = $15,119.00\n\n$15,119.00 is more than $14,929.00. Vincent does not have enough money.",
    "ques_type": "multi_choice",
    "ans_type": "boolean_text",
    "grade": 8,
    "split": "test"
}