{
    "id": 218,
    "subject": "如图,AB是⊙O的直径,C、D是⊙O上的两点,分别连结AC、BC、CD、OD.若∠DOB=140°,则∠ACD=()",
    "eng_subject": "As shown in the figure, AB is the diameter of ⊙O, C and D are two points on ⊙O. Connect AC, BC, CD, and OD respectively. If ∠DOB = 140.0, then ∠ACD = ()",
    "unanswerable_subject": "如图,C、D是⊙O上的两点,分别连结AC、BC、CD、OD.若∠DOB=140°,则∠ACD=()",
    "unanswerable_eng_subject": "As shown in the figure, C and D are two points on ⊙O. Connect AC, BC, CD, and OD respectively. If ∠DOB = 140.0, then ∠ACD = ()",
    "choices": [
        "20°",
        "30°",
        "40°",
        ".70°A70°"
    ],
    "label": 0,
    "formal_point": [
        "圆周角"
    ],
    "answer": "试题分析:∵∠DOB=140°,∴∠AOD=40^{°},∴∠ACD=\\frac{1}{2}∠AOD=20^{°},故选A.",
    "numbers": [
        140.0
    ]
}