{
    "question": "Kelly has $1.09. Does she have enough to buy a can of fruit cocktail and a jar of olives?",
    "choices": [
        "yes",
        "no"
    ],
    "answer": "yes",
    "unit": null,
    "table_title": null,
    "table": "can of corn | $0.97\ncan of tuna fish | $0.60\njar of olives | $0.55\ncan of fruit cocktail | $0.50\njar of pickles | $0.81",
    "table_for_pd": {
        "Column 1": [
            "can of corn",
            "can of tuna fish",
            "jar of olives",
            "can of fruit cocktail",
            "jar of pickles"
        ],
        "Column 2": [
            "$0.97",
            "$0.60",
            "$0.55",
            "$0.50",
            "$0.81"
        ]
    },
    "row_num": 5,
    "column_num": 2,
    "solution": "Add the price of a can of fruit cocktail and the price of a jar of olives:\n\n$0.50 + $0.55 = $1.05\n\n$1.05 is less than $1.09. Kelly does have enough money.",
    "ques_type": "multi_choice",
    "ans_type": "boolean_text",
    "grade": 3,
    "split": "test"
}