{
    "question": "Noah has $7.50. Does he have enough to buy a blue shirt and a black jacket?",
    "choices": [
        "yes",
        "no"
    ],
    "answer": "no",
    "unit": null,
    "table_title": null,
    "table": "pair of white socks | $2.07\npair of black socks | $4.13\nblue shirt | $2.38\nblack jacket | $5.45\npair of shoes | $6.94",
    "table_for_pd": {
        "Column 1": [
            "pair of white socks",
            "pair of black socks",
            "blue shirt",
            "black jacket",
            "pair of shoes"
        ],
        "Column 2": [
            "$2.07",
            "$4.13",
            "$2.38",
            "$5.45",
            "$6.94"
        ]
    },
    "row_num": 5,
    "column_num": 2,
    "solution": "Add the price of a blue shirt and the price of a black jacket:\n\n$2.38 + $5.45 = $7.83\n\n$7.83 is more than $7.50. Noah does not have enough money.",
    "ques_type": "multi_choice",
    "ans_type": "boolean_text",
    "grade": 7,
    "split": "test"
}