{
    "question": "Look at this table. Is this relation a function?",
    "choices": [
        "yes",
        "no"
    ],
    "answer": "no",
    "unit": null,
    "table_title": null,
    "table": "x | y\n6 | 2\n6 | 19\n2 | 11",
    "table_for_pd": {
        "x": [
            "6",
            "6",
            "2"
        ],
        "y": [
            "2",
            "19",
            "11"
        ]
    },
    "row_num": 4,
    "column_num": 2,
    "solution": "Look at the x-values in the table.\n\nThe x-value 6 is paired with multiple y-values, so the relation is not a function.",
    "ques_type": "multi_choice",
    "ans_type": "boolean_text",
    "grade": 8,
    "split": "test"
}