{
    "id": 202,
    "subject": "如图所示,a∥b,∠1=158°,∠2=42°,∠4=50°．那么∠3=()",
    "eng_subject": "As shown in the figure, a ∥ b, ∠1 = 158.0, ∠2 = 42.0, ∠4 = 50.0. Then ∠3 = ()",
    "unanswerable_subject": "如图所示,∠1=158°,∠2=42°,∠4=50°．那么∠3=()",
    "unanswerable_eng_subject": "As shown in the figure, ∠1 = 158.0, ∠2 = 42.0, ∠4 = 50.0. Then ∠3 = ()",
    "choices": [
        "50°",
        "60°",
        "70°",
        "80°"
    ],
    "label": 2,
    "formal_point": [
        "平行线"
    ],
    "answer": "试题解析:作BC//a,BE//b,∵a//b,∴a//b//BC//DE,∵∠1=158°,∠2=42°,∠4=50°∴∠ABC=180°-158°=22°∴∠CBD=∠BDE=42°-22°=20°,∠EDF=∠4=50°∴∠3=∠BDE+∠EDF=20°+50°=70°.故选C.",
    "numbers": [
        158.0,
        42.0,
        50.0
    ]
}