{
    "question": "A food industry researcher compiled the revenues of several pizzerias. Which restaurant made the most from pepperoni pizza sales?",
    "choices": [
        "Pizzeria Italiano",
        "The Big Cheese",
        "Pizza Italia",
        "Pizza, Pasta and More"
    ],
    "answer": "The Big Cheese",
    "unit": null,
    "table_title": "Pizza sales",
    "table": "Restaurant | Supreme pizzas | Pepperoni pizzas\nPizzas Only | $12 | $9\nPizza, Pasta and More | $20 | $17\nThe Big Cheese | $15 | $19\nPizzeria Italiano | $13 | $9\nPizza Italia | $8 | $10",
    "table_for_pd": {
        "Restaurant": [
            "Pizzas Only",
            "Pizza, Pasta and More",
            "The Big Cheese",
            "Pizzeria Italiano",
            "Pizza Italia"
        ],
        "Supreme pizzas": [
            "$12",
            "$20",
            "$15",
            "$13",
            "$8"
        ],
        "Pepperoni pizzas": [
            "$9",
            "$17",
            "$19",
            "$9",
            "$10"
        ]
    },
    "row_num": 6,
    "column_num": 3,
    "solution": "Look at the numbers in the Pepperoni pizzas column. Find the greatest number in this column.\n\nThe greatest number is $19.00, which is in the The Big Cheese row. The Big Cheese made the most from pepperoni pizza sales.",
    "ques_type": "multi_choice",
    "ans_type": "extractive_text",
    "grade": 5,
    "split": "test"
}