{
    "id": 9336,
    "subject": "如图,平行四边形ABCD的对角线AC、BD相交于点O,点E是CD的中点,△ABD的周长为16cm,则△DOE的周长是()",
    "eng_subject": "As shown in the figure, the diagonals AC and BD of the parallelogram ABCD intersect at point O, point E is the midpoint of CD, and the perimeter of △ABD is 16.0, then the perimeter of △DOE is ()",
    "unanswerable_subject": "如图,平行四边形ABCD的对角线AC、BD相交于点O,△ABD的周长为16cm,则△DOE的周长是()",
    "unanswerable_eng_subject": "As shown in the figure, the diagonals AC and BD of the parallelogram ABCD intersect at point O, and the perimeter of △ABD is 16.0, then the perimeter of △DOE is ()",
    "choices": [
        "8cm",
        "10cm",
        "12cm",
        "16cm"
    ],
    "label": 0,
    "formal_point": [
        "平行四边形",
        "三角形中位线"
    ],
    "answer": "解:∵四边形ABCD是平行四边形,∴O是BD中点,△ABD≌△CDB,又∵E是CD中点,∴OE是△BCD的中位线,∴OE=\\frac{1}{2}BC,即△DOE的周长=\\frac{1}{2}△BCD的周长,∴△DOE的周长=\\frac{1}{2}△DAB的周长．∴△DOE的周长=\\frac{1}{2}×16=8cm．故选:A．",
    "numbers": [
        16.0
    ]
}