{
    "question": "Wanda has $1.00. Does she have enough to buy a roll of packaging tape and a large yellow envelope?",
    "choices": [
        "yes",
        "no"
    ],
    "answer": "no",
    "unit": null,
    "table_title": null,
    "table": "large yellow envelope | $0.46\nroll of packaging tape | $0.59\nrobot stamp | $0.13\nbutterfly stamp | $0.17\nmountain postcard | $0.47",
    "table_for_pd": {
        "Column 1": [
            "large yellow envelope",
            "roll of packaging tape",
            "robot stamp",
            "butterfly stamp",
            "mountain postcard"
        ],
        "Column 2": [
            "$0.46",
            "$0.59",
            "$0.13",
            "$0.17",
            "$0.47"
        ]
    },
    "row_num": 5,
    "column_num": 2,
    "solution": "Add the price of a roll of packaging tape and the price of a large yellow envelope:\n\n$0.59 + $0.46 = $1.05\n\n$1.05 is more than $1.00. Wanda does not have enough money.",
    "ques_type": "multi_choice",
    "ans_type": "boolean_text",
    "grade": 3,
    "split": "test"
}