{
    "id": 5380,
    "subject": "如图,已知点A、B、C在同一直线上,AB=7,BC=3,点D为线段AC的中点,线段DB的长度为()",
    "eng_subject": "As shown in the figure, it is known that points A, B, and C are on the same straight line, AB = 7.0, BC = 3.0, point D is the midpoint of line segment AC, and the length of line segment DB is ()",
    "unanswerable_subject": "如图,已知点A、B、C在同一直线上,AB=7,点D为线段AC的中点,线段DB的长度为()",
    "unanswerable_eng_subject": "As shown in the figure, it is known that points A, B, and C are on the same straight line, AB = 7.0, point D is the midpoint of line segment AC, and the length of line segment DB is ()",
    "choices": [
        "2",
        "4",
        "6",
        "8"
    ],
    "label": 0,
    "formal_point": [
        "距离"
    ],
    "answer": "【解答】解:∵AB=7,BC=3,∴AC=AB+BC=10．∵点D为线段AC的中点,∴CD=\\frac{1}{2}AC=5,∴DB=CD-BC=2．",
    "numbers": [
        7.0,
        3.0
    ]
}