{
    "id": 4193,
    "subject": "如图,PA、PB分别切⊙O于点A、B,点E是⊙O上一点,且∠AEB=60°,则∠P=()",
    "eng_subject": "As shown in the figure, PA and PB are tangent to ⊙O at points A and B respectively, point E is a point on ⊙O, and ∠AEB = 60.0, then ∠P = ()",
    "unanswerable_subject": "如图,PA切⊙O于点A,点E是⊙O上一点,且∠AEB=60°,则∠P=()",
    "unanswerable_eng_subject": "As shown in the figure, PA is tangent to ⊙O at point A, point E is a point on ⊙O, and ∠AEB = 60.0, then ∠P = ()",
    "choices": [
        "90°",
        "60°",
        "45°",
        "30°"
    ],
    "label": 1,
    "formal_point": [
        "切线",
        "圆周角"
    ],
    "answer": "解:连接OA,BO；∵∠AOB=2∠E=120°,∴∠OAP=∠OBP=90°,∴∠P=180°-∠AOB=60°．故选:B．",
    "numbers": [
        60.0
    ]
}