{
    "question": "Look at the following schedule. When does the bus depart from the train station?",
    "choices": [
        "12:35 P.M.",
        "1:10 P.M.",
        "11:15 A.M.",
        "10:45 A.M."
    ],
    "answer": "12:35 P.M.",
    "unit": null,
    "table_title": "Hotel shuttle bus schedule",
    "table": "Location | Arrive | Depart\nfootball stadium | 10:20 A.M. | 10:25 A.M.\npark | 10:35 A.M. | 10:45 A.M.\nhotel | 11:10 A.M. | 11:15 A.M.\nairport | 12:05 P.M. | 12:10 P.M.\ntrain station | 12:25 P.M. | 12:35 P.M.\nbaseball stadium | 12:40 P.M. | 12:50 P.M.\nbus station | 1:00 P.M. | 1:10 P.M.",
    "table_for_pd": {
        "Location": [
            "football stadium",
            "park",
            "hotel",
            "airport",
            "train station",
            "baseball stadium",
            "bus station"
        ],
        "Arrive": [
            "10:20 A.M.",
            "10:35 A.M.",
            "11:10 A.M.",
            "12:05 P.M.",
            "12:25 P.M.",
            "12:40 P.M.",
            "1:00 P.M."
        ],
        "Depart": [
            "10:25 A.M.",
            "10:45 A.M.",
            "11:15 A.M.",
            "12:10 P.M.",
            "12:35 P.M.",
            "12:50 P.M.",
            "1:10 P.M."
        ]
    },
    "row_num": 8,
    "column_num": 3,
    "solution": "Find the train station on the schedule. Find the departure time for the train station.\n\ntrain station: 12:35 P. M.",
    "ques_type": "multi_choice",
    "ans_type": "extractive_text",
    "grade": 3,
    "split": "test"
}