{
    "id": 2432,
    "subject": "如图,点A、B、C在⊙O上,∠ABO=40°,∠ACO=30°,则∠BOC的度数为()",
    "eng_subject": "As shown in the figure, points A, B, and C are on ⊙O, ∠ABO = 40.0, ∠ACO = 30.0, then the degree of ∠BOC is ()",
    "unanswerable_subject": "如图,点A、C在⊙O上,∠ABO=40°,∠ACO=30°,则∠BOC的度数为()",
    "unanswerable_eng_subject": "As shown in the figure, points A and C are on ⊙O, ∠ABO = 40.0, ∠ACO = 30.0, then the degree of ∠BOC is ()",
    "choices": [
        "60°",
        "70°",
        "120°",
        "140°"
    ],
    "label": 3,
    "formal_point": [
        "圆周角",
        "三角形的外角",
        "等腰三角形"
    ],
    "answer": "解:过A作⊙O的直径,交⊙O于D；在△OAB中,OA=OB,即∠OBA=∠OAB,则∠BOD=∠ABO+∠OAB=2×40°=80°,同理可得:∠COD=∠ACO+∠OAC=2×30°=60°,故∠BOC=∠BOD+∠COD=140°,故选:D．",
    "numbers": [
        40.0,
        30.0
    ]
}