{
    "question": "Look at the table. Then answer the question. At a price of $1,020, is there a shortage or a surplus?",
    "choices": [
        "shortage",
        "surplus"
    ],
    "answer": "shortage",
    "unit": null,
    "table_title": null,
    "table": "Price | Quantity demanded | Quantity supplied\n$940 | 21,200 | 12,700\n$980 | 20,000 | 13,500\n$1,020 | 18,800 | 14,300\n$1,060 | 17,600 | 15,100\n$1,100 | 16,400 | 15,900",
    "table_for_pd": {
        "Price": [
            "$940",
            "$980",
            "$1,020",
            "$1,060",
            "$1,100"
        ],
        "Quantity demanded": [
            "21,200",
            "20,000",
            "18,800",
            "17,600",
            "16,400"
        ],
        "Quantity supplied": [
            "12,700",
            "13,500",
            "14,300",
            "15,100",
            "15,900"
        ]
    },
    "row_num": 6,
    "column_num": 3,
    "solution": "At the price of $1,020, the quantity demanded is greater than the quantity supplied. There is not enough of the good or service for sale at that price. So, there is a shortage.\n",
    "ques_type": "multi_choice",
    "ans_type": "boolean_text",
    "grade": 5,
    "split": "test"
}