{
    "question": "Paula has $9. Does she have enough to buy a long-sleeved shirt and a denim skirt?",
    "choices": [
        "yes",
        "no"
    ],
    "answer": "no",
    "unit": null,
    "table_title": null,
    "table": "red sweater | $4\npair of jeans | $9\ndenim skirt | $3\nwhite polo shirt | $8\npair of shorts | $9\nlong-sleeved shirt | $7",
    "table_for_pd": {
        "Column 1": [
            "red sweater",
            "pair of jeans",
            "denim skirt",
            "white polo shirt",
            "pair of shorts",
            "long-sleeved shirt"
        ],
        "Column 2": [
            "$4",
            "$9",
            "$3",
            "$8",
            "$9",
            "$7"
        ]
    },
    "row_num": 6,
    "column_num": 2,
    "solution": "Add the price of a long-sleeved shirt and the price of a denim skirt:\n\n$7 + $3 = $10\n\n$10 is more than $9. Paula does not have enough money.",
    "ques_type": "multi_choice",
    "ans_type": "boolean_text",
    "grade": 3,
    "split": "test"
}