{
    "id": 9145,
    "subject": "如图,菱形ABCD中,∠BAD=120°,BC=10,则对角线AC的长等于()",
    "eng_subject": "As shown in the figure, in the diamond ABCD, ∠BAD = 120.0, BC = 10.0, then the length of the diagonal AC is equal to ()",
    "unanswerable_subject": "如图,菱形ABCD中,BC=10,则对角线AC的长等于()",
    "unanswerable_eng_subject": "As shown in the figure, in the diamond ABCD, BC = 10.0, then the length of the diagonal AC is equal to ()",
    "choices": [
        "5",
        "10",
        "15",
        "20"
    ],
    "label": 1,
    "formal_point": [
        "等边三角形",
        "菱形"
    ],
    "answer": "解:∵四边形ABCD是菱形,且∠BAD=120°,∴AB=BC,∠BAC=∠DAC=\\frac{1}{2}∠BAD=60°,∴△ABC是等边三角形,∴AC=BC=10．故选:B．",
    "numbers": [
        120.0,
        10.0
    ]
}