{
    "id": 728,
    "subject": "如图△ABC中,∠ACB=90°,AD平分∠BAC交BC于D,DE垂直AB于E,若DE=1.5cm,BD=3cm,则BC=()",
    "eng_subject": "As shown in △ABC, ∠ACB = 90.0, AD bisects ∠BAC and it intersects BC at D, DE is perpendicular to AB to E, if DE = 1.5, BD = 3.0, then BC = ()",
    "unanswerable_subject": "如图△ABC中,∠ACB=90°,AD交BC于D,DE垂直AB于E,若DE=1.5cm,BD=3cm,则BC=()",
    "unanswerable_eng_subject": "As shown in △ABC, ∠ACB = 90.0, AD intersects BC at D, DE is perpendicular to AB to E, if DE = 1.5, BD = 3.0, then BC = ()",
    "choices": [
        "3cm",
        "7.5cm",
        "6cm",
        "4.5cm"
    ],
    "label": 3,
    "formal_point": [
        "角平分线"
    ],
    "answer": "∠ACB=90^{°},DE垂直AB于E,AD平分∠BAC交BC于D,所以DC=DE=1.5.BD=3cm∴BC=4.5cm所以选D.",
    "numbers": [
        90.0,
        1.5,
        3.0
    ]
}