{
    "id": 103,
    "subject": "如图,AB与⊙O相切于点B,AO的延长线交⊙O于点C,连接BC,若∠A=36°,则∠C等于()",
    "eng_subject": "As shown in the figure, AB ia tangent to ⊙O at point B, and the extended line of AO intersects ⊙O at point C. Connect BC, if ∠A = 36.0, then ∠C is equal to ()",
    "unanswerable_subject": "如图,AO的延长线交⊙O于点C,连接BC,若∠A=36°,则∠C等于()",
    "unanswerable_eng_subject": "As shown in the figure, the extended line of AO intersects ⊙O at point C. Connect BC, if ∠A = 36.0, then ∠C is equal to ()",
    "choices": [
        "36°",
        "54°",
        "60°",
        "27°"
    ],
    "label": 3,
    "formal_point": [
        "切线"
    ],
    "answer": "∵AB与⊙O相切于点B,∴∠ABO=90°,∵∠A=36°,∴∠BOA=54°∴由圆周角定理得:∠C=\\frac{1}{2}∠BOA=27^{°},故选D.",
    "numbers": [
        36.0
    ]
}