{
    "id": 3671,
    "subject": "如图,△ABC是⊙O的内接三角形,AB为⊙O的直径,点D为⊙O上一点,若∠ACD=40°,则∠BAD的大小为()",
    "eng_subject": "As shown in the figure, △ABC is the inscribed triangle of ⊙O, AB is the diameter of ⊙O, point D is a point on ⊙O, if ∠ACD = 40.0, then the size of ∠BAD is ()",
    "unanswerable_subject": "如图,△ABC是⊙O的内接三角形,AB为⊙O的直径,若∠ACD=40°,则∠BAD的大小为()",
    "unanswerable_eng_subject": "As shown in the figure, △ABC is the inscribed triangle of ⊙O, AB is the diameter of ⊙O, if ∠ACD = 40.0, then the size of ∠BAD is ()",
    "choices": [
        "35°",
        "50°",
        "40°",
        "60°"
    ],
    "label": 1,
    "formal_point": [
        "圆周角",
        "外接圆",
        "三角形的外接圆与外心"
    ],
    "answer": "解:连接BD,∵AB为圆O的直径,∴∠ADB=90°,∵∠ACD=∠ABD=40°,∴∠BAD=90°-40°=50°．\n故选:B．",
    "numbers": [
        40.0
    ]
}