{
    "id": 56,
    "subject": "如图,AB∥CD,∠CED=90°,∠AEC=35°,则∠D的大小()",
    "eng_subject": "As shown in the figure, AB ∥ CD, ∠CED = 90.0, ∠AEC = 35.0, then the size of ∠D is ()",
    "unanswerable_subject": "如图,AB∥CD,∠CED=90°,则∠D的大小()",
    "unanswerable_eng_subject": "As shown in the figure, AB ∥ CD, ∠CED = 90.0, then the size of ∠D is ()",
    "choices": [
        "65°",
        "55°",
        "45°",
        "35°"
    ],
    "label": 1,
    "formal_point": [
        "内错角"
    ],
    "answer": "∵AB//CD,∴∠D=∠BED.∵∠CED=90°,∠AEC=35°∴∠BED=180°-90°-35°=55°.故选B.",
    "numbers": [
        90.0,
        35.0
    ]
}