{
    "id": 777,
    "subject": "如图,DE为△ABC的边BC的垂直平分线,交BC于E,交AB于D,且∠B=40°,∠A=60°,则∠ACD的度数为()",
    "eng_subject": "As shown in the figure, DE is the perpendicular bisector of BC of △ABC, and it intersects BC at E as well as intersects AB at D, and ∠B = 40.0, ∠A = 60.0, then the degree of ∠ACD is ()",
    "unanswerable_subject": "如图,DE为△ABC的边BC的垂直平分线,交BC于E,交AB于D,且∠A=60°,则∠ACD的度数为()",
    "unanswerable_eng_subject": "As shown in the figure, DE is the perpendicular bisector of BC of △ABC, and it intersects BC at E as well as intersects AB at D, and ∠A = 60.0, then the degree of ∠ACD is ()",
    "choices": [
        "40°",
        "50°",
        "30°",
        "45°"
    ],
    "label": 0,
    "formal_point": [
        "垂直平分线"
    ],
    "answer": "试题解析:∵∠B=40°,∠A=60°,∴∠ACB=180^{°}-60^{°}-40^{°}=80^{°},∵DE为△ABC边BC的垂直平分线,∴∠BCD=∠B=40°,∴∠ACD=∠ACB-angleBCD=80^{°}-40^{°}=40^{°}.故选A.",
    "numbers": [
        40.0,
        60.0
    ]
}