{
    "id": 50,
    "subject": "如图,⊙O的直径CD过弦EF的中点G,∠DCF=20°,则∠EOD等于()",
    "eng_subject": "As shown in the figure, the diameter CD of ⊙O crosses the midpoint G of chord EF, ∠DCF = 20.0, then ∠EOD is equal to ()",
    "unanswerable_subject": "如图,⊙O的直径CD过弦EF的点G,∠DCF=20°,则∠EOD等于()",
    "unanswerable_eng_subject": "As shown in the figure, the diameter CD of ⊙O crosses the point G of chord EF, ∠DCF = 20.0, then ∠EOD is equal to ()",
    "choices": [
        "10°",
        "20°",
        "40°",
        "80°"
    ],
    "label": 2,
    "formal_point": [
        "圆周角",
        "垂径定理"
    ],
    "answer": "试题分析:∵⊙O的直径CD过弦EF的中点G,∠DCF=20°DF=DE,且弧的度数是40°.∴∠DOE=40°.故选C",
    "numbers": [
        20.0
    ]
}