{
    "question": "Lara has $116.00. Does she have enough to buy a stuffed animal and a model railroad set?",
    "choices": [
        "yes",
        "no"
    ],
    "answer": "yes",
    "unit": null,
    "table_title": null,
    "table": "toy guitar | $17.00\nmodel railroad set | $98.00\nvideo game | $38.00\nstuffed animal | $13.00\nboard game | $17.00",
    "table_for_pd": {
        "Column 1": [
            "toy guitar",
            "model railroad set",
            "video game",
            "stuffed animal",
            "board game"
        ],
        "Column 2": [
            "$17.00",
            "$98.00",
            "$38.00",
            "$13.00",
            "$17.00"
        ]
    },
    "row_num": 5,
    "column_num": 2,
    "solution": "Add the price of a stuffed animal and the price of a model railroad set:\n\n$13.00 + $98.00 = $111.00\n\n$111.00 is less than $116.00. Lara does have enough money.",
    "ques_type": "multi_choice",
    "ans_type": "boolean_text",
    "grade": 7,
    "split": "test"
}