{
    "id": 3317,
    "subject": "如图,AB是⊙O的直径,弦CD⊥AB于E,连结OC、AD,且∠A=35°,则∠AOC=()",
    "eng_subject": "As shown in the figure, AB is the diameter of ⊙O, chord CD ⊥ AB at E. Connect OC and AD, and ∠A = 35.0, then ∠AOC = ()",
    "unanswerable_subject": "如图,AB是⊙O的直径,连结OC、AD,且∠A=35°,则∠AOC=()",
    "unanswerable_eng_subject": "As shown in the figure, AB is the diameter of ⊙O. Connect OC and AD, and ∠A = 35.0, then ∠AOC = ()",
    "choices": [
        "70°",
        "105°",
        "110°",
        "140°"
    ],
    "label": 2,
    "formal_point": [
        "圆周角",
        "圆心角"
    ],
    "answer": "解:连接OD,∵∠A=35°,∴∠BOD=70°．∵AB是⊙0的直径,弦CD⊥AB于E,∴∠BOC=∠BOD=70°,∴∠AOC=180°-70°=110°．\n故选:C．",
    "numbers": [
        35.0
    ]
}