{
    "question": "Look at this table. Is this relation a function?",
    "choices": [
        "yes",
        "no"
    ],
    "answer": "no",
    "unit": null,
    "table_title": null,
    "table": "x | y\n7 | 10\n20 | 3\n12 | 11\n7 | 6",
    "table_for_pd": {
        "x": [
            "7",
            "20",
            "12",
            "7"
        ],
        "y": [
            "10",
            "3",
            "11",
            "6"
        ]
    },
    "row_num": 5,
    "column_num": 2,
    "solution": "Look at the x-values in the table.\n\nThe x-value 7 is paired with multiple y-values, so the relation is not a function.",
    "ques_type": "multi_choice",
    "ans_type": "boolean_text",
    "grade": 8,
    "split": "test"
}