{
    "question": "Emmett has $172.00. Does he have enough to buy a silver coat rack and a crystal sculpture?",
    "choices": [
        "yes",
        "no"
    ],
    "answer": "no",
    "unit": null,
    "table_title": null,
    "table": "silver coat rack | $88.00\ncrystal sculpture | $85.00\ncrystal vase | $51.00\nchandelier | $50.00",
    "table_for_pd": {
        "Column 1": [
            "silver coat rack",
            "crystal sculpture",
            "crystal vase",
            "chandelier"
        ],
        "Column 2": [
            "$88.00",
            "$85.00",
            "$51.00",
            "$50.00"
        ]
    },
    "row_num": 4,
    "column_num": 2,
    "solution": "Add the price of a silver coat rack and the price of a crystal sculpture:\n\n$88.00 + $85.00 = $173.00\n\n$173.00 is more than $172.00. Emmett does not have enough money.",
    "ques_type": "multi_choice",
    "ans_type": "boolean_text",
    "grade": 3,
    "split": "test"
}