{
    "id": 4261,
    "subject": "如图,⊙O是△ABC的外接圆,AD是⊙O的直径,EA是⊙O的切线．若∠EAC=120°,则∠ABC的度数是()",
    "eng_subject": "As shown in the figure, ⊙O is the circumscribed circle of △ABC, AD is the diameter of ⊙O, and EA is the tangent of ⊙O. If ∠EAC = 120.0, then the degree of ∠ABC is ()",
    "unanswerable_subject": "如图,⊙O是△ABC的外接圆,AD是⊙O的直径．若∠EAC=120°,则∠ABC的度数是()",
    "unanswerable_eng_subject": "As shown in the figure, ⊙O is the circumscribed circle of △ABC, AD is the diameter of ⊙O. If ∠EAC = 120.0, then the degree of ∠ABC is ()",
    "choices": [
        "80°",
        "70°",
        "60°",
        "50°"
    ],
    "label": 2,
    "formal_point": [
        "切线",
        "外接圆",
        "圆周角"
    ],
    "answer": "解:∵EA是⊙O的切线,AD是⊙O的直径,∴∠EAD=90°,∵∠EAC=120°,∴∠DAC=∠EAC-∠EAD=30°,∵AD是⊙O的直径,∴∠ACD=90°,∴∠ADC=180°-∠ACD-∠DAC=60°,∴∠ABC=∠ADC=60°(圆周角定理),故选:C．",
    "numbers": [
        120.0
    ]
}