{
    "id": 7124,
    "subject": "如图,在△ABC中,DE∥BC,若AD=3,DB=6,DE=2.5,则BC长为()",
    "eng_subject": "As shown in the figure, in △ABC, DE ∥ BC, if AD = 3.0, DB = 6.0, DE = 2.5, then the length of BC is ()",
    "unanswerable_subject": "如图,在△ABC中,DE∥BC,若AD=3,DB=6,则BC长为()",
    "unanswerable_eng_subject": "As shown in the figure, in △ABC, DE ∥ BC, if AD = 3.0, DB = 6.0, then the length of BC is ()",
    "choices": [
        "5",
        "5.5",
        "7.5",
        "10"
    ],
    "label": 2,
    "formal_point": [
        "相似三角形"
    ],
    "answer": "解:∵DE∥BC,∴△ADE∽△ABC．∴\\frac{AD}{AB}=\\frac{DE}{BC},即\\frac{3}{9}=\\frac{2.5}{BC},解得BC=7.5．故选:C．",
    "numbers": [
        3.0,
        6.0,
        2.5
    ]
}