{
    "id": 413,
    "subject": "直线a、b、c、d的位置如图,如果∠1=100°,∠2=100°,∠3=125°,那么∠4等于()",
    "eng_subject": "The positions of straight lines a, b, c, and d are shown in the figure. If ∠1 = 100.0, ∠2 = 100.0, ∠3 = 125.0, then ∠4 is equal to ()",
    "unanswerable_subject": "直线a、b、c、d的位置如图,如果∠1=100°,∠2=100°,那么∠4等于()",
    "unanswerable_eng_subject": "The positions of straight lines a, b, c, and d are shown in the figure. If ∠1 = 100.0, ∠2 = 100.0, then ∠4 is equal to ()",
    "choices": [
        "80°",
        "65°",
        "60°",
        "55°"
    ],
    "label": 3,
    "formal_point": [
        "平行线"
    ],
    "answer": "∵∠1=100°,∠2=100°,∴∠1=∠2,∴a//b,∴∠4=∠5,∵∠3+∠5=180°,∴∠5=180^{°}-∠3=180^{°}-125^{°}=55^{°},∴∠4=55°故选D.",
    "numbers": [
        100.0,
        100.0,
        125.0
    ]
}