{
    "question": "Look at this table. Is this relation a function?",
    "choices": [
        "yes",
        "no"
    ],
    "answer": "no",
    "unit": null,
    "table_title": null,
    "table": "x | y\n4 | 15\n19 | 18\n11 | 10\n11 | 1",
    "table_for_pd": {
        "x": [
            "4",
            "19",
            "11",
            "11"
        ],
        "y": [
            "15",
            "18",
            "10",
            "1"
        ]
    },
    "row_num": 5,
    "column_num": 2,
    "solution": "Look at the x-values in the table.\n\nThe x-value 11 is paired with multiple y-values, so the relation is not a function.",
    "ques_type": "multi_choice",
    "ans_type": "boolean_text",
    "grade": 8,
    "split": "test"
}