{
    "id": 419,
    "subject": "如图,△ODC是由△OAB绕点O顺时针旋转30°后得到的图形,若点D恰好落在AB上,且∠AOC的度数为100°,则∠DOB的度数是()",
    "eng_subject": "As shown in the figure, △ODC is the figure obtained by rotating △OAB clockwise around point O by 30.0. If point D happens to fall on AB, and the degree of ∠AOC is 100.0, then the degree of ∠DOB is ()",
    "unanswerable_subject": "如图,△ODC是由△OAB绕点O顺时针旋转后得到的图形,若点D恰好落在AB上,且∠AOC的度数为100°,则∠DOB的度数是()",
    "unanswerable_eng_subject": "As shown in the figure, △ODC is the figure obtained by rotating △OAB clockwise around point O. If point D happens to fall on AB, and the degree of ∠AOC is 100.0, then the degree of ∠DOB is ()",
    "choices": [
        "40°",
        "30°",
        "38°",
        "15°"
    ],
    "label": 0,
    "formal_point": [
        "旋转"
    ],
    "answer": "解:由题意得,∠AOD=30°,∠BOC=30°,又∠AOC=100°,∴∠DOB=100°-30°-30°=40°.故选A.",
    "numbers": [
        30.0,
        100.0
    ]
}