{
    "id": 7522,
    "subject": "如图所示,△ABC中,∠BAC=90°,AD⊥BC于D,若AB=3,BC=5,则DC的长度()",
    "eng_subject": "As shown in the figure, in △ABC, ∠BAC = 90.0, AD ⊥ BC at D, if AB = 3.0, BC = 5.0, then the length of DC ()",
    "unanswerable_subject": "如图所示,△ABC中,∠BAC=90°,AD⊥BC于D,若AB=3,则DC的长度()",
    "unanswerable_eng_subject": "As shown in the figure, in △ABC, ∠BAC = 90.0, AD ⊥ BC at D, if AB = 3.0, then the length of DC ()",
    "choices": [
        "\\frac{16}{5}",
        "\\frac{4}{5}",
        "\\frac{8}{5}",
        "\\frac{22}{5}"
    ],
    "label": 0,
    "formal_point": [
        "勾股定理",
        "相似三角形"
    ],
    "answer": "解:∵∠B=∠B,∠ADB=∠CAB=90°,∴△ABD∽△ABC,∴AB²=BD•BC,∴BD=\\frac{9}{5}∴DC=BC-BD=5-\\frac{9}{5}=\\frac{16}{5}故选:A．",
    "numbers": [
        90.0,
        3.0,
        5.0
    ]
}