{
    "question": "A farmer examined each building on his farm to determine how many lights needed repair. Which building has the fewest broken lights?",
    "choices": [
        "stable",
        "greenhouse",
        "garage"
    ],
    "answer": "stable",
    "unit": null,
    "table_title": "Lights on the farm",
    "table": "Building | Working lights | Broken lights\nGarage | 4 | 5\nGreenhouse | 9 | 8\nStable | 8 | 3",
    "table_for_pd": {
        "Building": [
            "Garage",
            "Greenhouse",
            "Stable"
        ],
        "Working lights": [
            "4",
            "9",
            "8"
        ],
        "Broken lights": [
            "5",
            "8",
            "3"
        ]
    },
    "row_num": 4,
    "column_num": 3,
    "solution": "Look at the numbers in the Broken lights column. Find the least number in this column.\n\nThe least number is 3, which is in the Stable row. The stable has the fewest broken lights.",
    "ques_type": "multi_choice",
    "ans_type": "extractive_text",
    "grade": 4,
    "split": "test"
}