{
    "id": 735,
    "subject": "如图,已知D为BC上一点,∠B=∠1,∠BAC=78°,则∠2=()",
    "eng_subject": "As shown in the figure, it is known that D is a point on BC, ∠B = ∠1, ∠BAC = 78.0, then ∠2 = ()",
    "unanswerable_subject": "如图,已知D为BC上一点,∠BAC=78°,则∠2=()",
    "unanswerable_eng_subject": "As shown in the figure, it is known that D is a point on BC, ∠BAC = 78.0, then ∠2 = ()",
    "choices": [
        "78°",
        "80°",
        "50°",
        "60°"
    ],
    "label": 0,
    "formal_point": [
        "三角形的外角"
    ],
    "answer": "∵∠2=∠B+∠BAD,∠BAC=∠1+∠BAD,又∵∠B=∠1,∴∠2=∠BAC,∵∠BAC=78°,∴∠2=78°.故选A.",
    "numbers": [
        78.0
    ]
}