{
    "id": 8422,
    "subject": "如图,在△ABC中,AB=BC=2,以AB为直径的⊙O与BC相切于点B,则AC等于()",
    "eng_subject": "As shown in the figure, in △ABC, AB = BC = 2.0, ⊙O with AB as the diameter is tangent to BC at point B, then AC is equal to ()",
    "unanswerable_subject": "如图,在△ABC中,AB=2,以AB为直径的⊙O与BC相切于点B,则AC等于()",
    "unanswerable_eng_subject": "As shown in the figure, in △ABC, AB = 2.0, ⊙O with AB as the diameter is tangent to BC at point B, then AC is equal to ()",
    "choices": [
        "√{2}",
        "√{3}",
        "2√{2}",
        "2√{3}"
    ],
    "label": 2,
    "formal_point": [
        "切线",
        "直角三角形",
        "等腰三角形",
        "勾股定理"
    ],
    "answer": "解:∵BC是⊙O的切线,且切点为B,∴∠ABC=90°,故△ABC是等腰直角三角形；由勾股定理,得:AC=√{AB²+BC²}=√{2BC²}=2√{2}；故选C．",
    "numbers": [
        2.0
    ]
}