{
    "id": 4149,
    "subject": "如图,点P是⊙O的直径AB延长线上的一点,过点P作⊙O的切线PC,切点为C,若AO=OB=PB=1,则PC的长是()",
    "eng_subject": "As shown in the figure, point P is a point on the extended line AB of the diameter of ⊙O, passing point P to draw the tangent PC of ⊙O, and the tangent point is C. If AO = OB = PB = 1.0, then the length of PC is ()",
    "unanswerable_subject": "如图,点P是⊙O的直径AB延长线上的一点,过点P作⊙O的切线PC,切点为C,若AO=OB=1,则PC的长是()",
    "unanswerable_eng_subject": "As shown in the figure, point P is a point on the extended line AB of the diameter of ⊙O, passing point P to draw the tangent PC of ⊙O, and the tangent point is C. If AO = OB = 1.0, then the length of PC is ()",
    "choices": [
        "1",
        "√{3}",
        "2",
        "√{5}"
    ],
    "label": 1,
    "formal_point": [
        "切线",
        "直角三角形"
    ],
    "answer": "解:连接OC．∵PC是切线,∴OC⊥PC．在直角△OPC中,OC=OB=1,OP=OB+PB=2．∴PC=√{0P^{2}-0C^{2}}=√{3}．故选:B．",
    "numbers": [
        1.0
    ]
}