{
    "id": 9333,
    "subject": "▱ABCD中,对角线AC与BD交于点O,∠DAC=42°,∠CBD=23°,则∠COD是()",
    "eng_subject": "In ▱ABCD, the diagonal AC and BD intersect at the point O, ∠DAC = 42.0, ∠CBD = 23.0, then ∠COD is ()",
    "unanswerable_subject": "▱ABCD中,对角线AC与BD交于点O,∠DAC=42°,则∠COD是()",
    "unanswerable_eng_subject": "In ▱ABCD, the diagonal AC and BD intersect at the point O, ∠DAC = 42.0, then ∠COD is ()",
    "choices": [
        "61°",
        "63°",
        "65°",
        "67°"
    ],
    "label": 2,
    "formal_point": [
        "平行四边形",
        "三角形的外角"
    ],
    "answer": "解:∵四边形ABCD是平行四边形,∴AD∥BC,∴∠DAC=∠BCA=42°,∴∠COD=∠CBD+∠BCA=65°,故选:C．",
    "numbers": [
        42.0,
        23.0
    ]
}