{
    "question": "Jeffrey has $87.00. Does he have enough to buy a photograph signed by a famous television star and a photograph signed by a famous movie star?",
    "choices": [
        "yes",
        "no"
    ],
    "answer": "yes",
    "unit": null,
    "table_title": null,
    "table": "photograph signed by a famous television star | $46.43\nphotograph signed by a famous movie star | $39.65\njersey signed by a famous hockey player | $77.83\nball signed by a famous football player | $99.67",
    "table_for_pd": {
        "Column 1": [
            "photograph signed by a famous television star",
            "photograph signed by a famous movie star",
            "jersey signed by a famous hockey player",
            "ball signed by a famous football player"
        ],
        "Column 2": [
            "$46.43",
            "$39.65",
            "$77.83",
            "$99.67"
        ]
    },
    "row_num": 4,
    "column_num": 2,
    "solution": "Add the price of a photograph signed by a famous television star and the price of a photograph signed by a famous movie star:\n\n$46.43 + $39.65 = $86.08\n\n$86.08 is less than $87.00. Jeffrey does have enough money.",
    "ques_type": "multi_choice",
    "ans_type": "boolean_text",
    "grade": 5,
    "split": "test"
}