{
    "id": 222,
    "subject": "如图,在菱形ABCD中,M,N分别为AB、CD上,且AM=CN,MN与AC交于点O,连接BO.若∠DAC=28°,则∠OBC的度数为()",
    "eng_subject": "As shown in the figure, in the diamond ABCD, M and N are respectively AB and CD, and AM = CN, MN and AC intersect at point O. Connect BO. If ∠DAC = 28.0, then the degree of ∠OBC is ()",
    "unanswerable_subject": "如图,在ABCD中,M,N分别为AB、CD上,且AM=CN,MN与AC交于点O,连接BO.若∠DAC=28°,则∠OBC的度数为()",
    "unanswerable_eng_subject": "As shown in the figure, in ABCD, M and N are respectively AB and CD, and AM = CN, MN and AC intersect at point O. Connect BO. If ∠DAC = 28.0, then the degree of ∠OBC is ()",
    "choices": [
        "28°",
        "52°",
        "62°",
        "72°"
    ],
    "label": 2,
    "formal_point": [
        "垂线",
        "菱形"
    ],
    "answer": "∵四边形ABCD为菱形,∴AB//CD,AB=BC,∴∠MAO=∠NCO,∠AMO=∠CNO,在△AMO和△CNO中,∴△AMO≌△CNO(ASA),∴AO=CO,∵AB=BC,∴BO⊥AC,∴∠BOC=90°,∵∠DAC=28°,BC//AD,∴∠BCA=∠DAC=28°,∴∠OBC=90°-28°=62°,故选C.",
    "numbers": [
        28.0
    ]
}