{
    "id": 4747,
    "subject": "如图,E是平行四边形ABCD的AD边上一点,过点E作EF∥AB交BD于F,若DE:EA=2:3,EF=4,则CD的长为()",
    "eng_subject": "As shown in the figure, E is a point on AD of the parallelogram ABCD, passing the point E to draw EF ∥ AB and it intersects BD at F, if DE:EA=2.0:3.0,EF=4.0, then the length of CD is ()",
    "unanswerable_subject": "如图,E是平行四边形ABCD的AD边上一点,过点E作EF∥AB交BD于F,若EF=4,则CD的长为()",
    "unanswerable_eng_subject": "As shown in the figure, E is a point on AD of the parallelogram ABCD, passing the point E to draw EF ∥ AB and it intersects BD at F, if EF=4.0, then the length of CD is ()",
    "choices": [
        "\\frac{16}{3}",
        "8",
        "10",
        "16"
    ],
    "label": 2,
    "formal_point": [
        "平行四边形",
        "平行线",
        "平行线分线段成比例"
    ],
    "answer": "解:∵DE:EA=2:3,∴DE:DA=2:5,∵EF∥AB,∴\\frac{DE}{DA}=\\frac{EF}{AB},∵EF=4,∴\\frac{2}{5}=\\frac{4}{AB},解得:AB=10,∵四边形ABCD是平行四边形,∴CD=AB=10．故选:C．",
    "numbers": [
        2.0,
        3.0,
        4.0
    ]
}