{
    "id": 1809,
    "subject": "如图,AB是⊙O的弦,OC⊥AB,交⊙O于点C,连接OA,OB,BC,若∠ABC=25°,则∠AOB的大小是()",
    "eng_subject": "As shown in the figure, AB is the chord of ⊙O, OC ⊥ AB and it intersects ⊙O at point C. Connect OA, OB, BC, if ∠ABC = 25.0, then the size of ∠AOB is ()",
    "unanswerable_subject": "如图,AB是⊙O的弦,连接OA,OB,BC,若∠ABC=25°,则∠AOB的大小是()",
    "unanswerable_eng_subject": "As shown in the figure, AB is the chord of ⊙O. Connect OA, OB, BC, if ∠ABC = 25.0, then the size of ∠AOB is ()",
    "choices": [
        "80°",
        "90°",
        "100°",
        "120°"
    ],
    "label": 2,
    "formal_point": [
        "圆周角",
        "垂径定理",
        "圆心角"
    ],
    "answer": "解:∵OC⊥AB,∴⁀{AC}=⁀{BC},∴∠AOC=∠BOC,∵∠AOC=2∠ABC=2×25°=50°,∴∠AOB=2∠AOC=100°．故选:C．",
    "numbers": [
        25.0
    ]
}