{
    "id": 7165,
    "subject": "如图,在△ABC中,DE∥BC,分别交AB,AC于点D,E．若AD=2,DB=3,BC=6,则DE的长为()",
    "eng_subject": "As shown in the figure, in △ABC, DE ∥ BC, intersect AB and AC at points D and E respectively. If AD = 2.0, DB = 3.0, BC = 6.0, then the length of DE is ()",
    "unanswerable_subject": "如图,在△ABC中,DE∥BC,分别交AB,AC于点D,E．若AD=2,DB=3,则DE的长为()",
    "unanswerable_eng_subject": "As shown in the figure, in △ABC, DE ∥ BC, intersect AB and AC at points D and E respectively. If AD = 2.0, DB = 3.0, then the length of DE is ()",
    "choices": [
        "4",
        "2.5",
        "\\frac{12}{5}",
        "10"
    ],
    "label": 2,
    "formal_point": [
        "相似三角形"
    ],
    "answer": "解:∵AD=2,DB=3,∴AB=5,∵DE∥BC,∴△ADE∽△ABC,∴\\frac{AD}{AB}=\\frac{DE}{BC},∴\\frac{2}{5}=\\frac{DE}{6},∴DE=\\frac{12}{5},故选:C．．",
    "numbers": [
        2.0,
        3.0,
        6.0
    ]
}