{
    "id": 5198,
    "subject": "如图,AB是⊙O的直径,CD是弦,AB⊥CD于点E,若半径为5,OE=3,则CD的长是()",
    "eng_subject": "As shown in the figure, AB is the diameter of ⊙O, CD is the chord, AB ⊥ CD at point E, if the radius is 5.0, OE = 3.0, then the length of CD is ()",
    "unanswerable_subject": "如图,AB是⊙O的直径,CD是弦,AB⊥CD于点E,若半径为5,则CD的长是()",
    "unanswerable_eng_subject": "As shown in the figure, AB is the diameter of ⊙O, CD is the chord, AB ⊥ CD at point E, if the radius is 5.0, then the length of CD is ()",
    "choices": [
        "4",
        "6",
        "8",
        "7"
    ],
    "label": 2,
    "formal_point": [
        "勾股定理",
        "直角三角形",
        "垂径定理"
    ],
    "answer": "【解答】解:∵AB是⊙O的直径,CD是弦,AB⊥CD于点E,∴CE=\\frac{1}{2}CD．在Rt△OCE中,∵OC=5,OE=3,∴CE=√{OC²-OE²}=√{5²-3²}=4,∴CD=2CE=8．",
    "numbers": [
        5.0,
        3.0
    ]
}