{
    "id": 121,
    "subject": "如图,△ABC≌△DEF,点A与D,B与E分别是对应顶点,且测得BC=5cm,BF=7cm,则EC长为()",
    "eng_subject": "As shown in the figure, △ABC ≌ △DEF, points A and D, B and E are the corresponding vertices, and the measured BC = 5.0, BF = 7.0, then the length of EC is ()",
    "unanswerable_subject": "如图,点A与D,B与E分别是对应顶点,且测得BC=5cm,BF=7cm,则EC长为()",
    "unanswerable_eng_subject": "As shown in the figure, points A and D, B and E are the corresponding vertices, and the measured BC = 5.0, BF = 7.0, then the length of EC is ()",
    "choices": [
        "1cm",
        "2cm",
        "3cm",
        "4cm"
    ],
    "label": 2,
    "formal_point": [],
    "answer": "解:∵△ABC≌△BAD∴EF=BC=5cm,∵BF=7cm,BC=5cm∴CF=EF-CF=3cm,故选C.",
    "numbers": [
        5.0,
        7.0
    ]
}