{
    "id": 4619,
    "subject": "如图,已知AB∥CD∥EF,AD:AF=3:5,BE=15,那么CE的长等于()",
    "eng_subject": "As shown in the figure, given that AB ∥ CD ∥ EF, AD:AF=3.0:5.0,BE=15.0, then the length of CE is equal to ()",
    "unanswerable_subject": "如图,已知AB∥CD,AD:AF=3:5,BE=15,那么CE的长等于()",
    "unanswerable_eng_subject": "As shown in the figure, given that AB ∥ CD, AD:AF=3.0:5.0,BE=15.0, then the length of CE is equal to ()",
    "choices": [
        "9",
        "6",
        "\\frac{15}{2}",
        "\\frac{9}{2}"
    ],
    "label": 0,
    "formal_point": [
        "平行线",
        "平行线分线段成比例"
    ],
    "answer": "解:∵AB∥CD∥EF,∴\\frac{BC}{BE}=\\frac{AD}{AF},即\\frac{BC}{15}=\\frac{3}{5},∴BC=9,∴CE=BE-BC=15-9=6．故选:B．",
    "numbers": [
        3.0,
        5.0,
        15.0
    ]
}