{
    "id": 1929,
    "subject": "绍兴是著名的桥乡．如图,圆拱桥的桥顶到水面的距离CD为8m,桥拱半径OC为5m,则水面宽AB为()",
    "eng_subject": "Shaoxing is a famous bridge township. As shown in the figure, the distance CD from the top of the round arch bridge to the water surface is 8.0, and the arch radius OC is 5.0, so the width of the water surface AB is ()",
    "unanswerable_subject": "绍兴是著名的桥乡．如图,圆拱桥的桥顶到水面的距离CD为8m,则水面宽AB为()",
    "unanswerable_eng_subject": "Shaoxing is a famous bridge township. As shown in the figure, the distance CD from the top of the round arch bridge to the water surface is 8.0, so the width of the water surface AB is ()",
    "choices": [
        "4m",
        "5m",
        "6m",
        "8m"
    ],
    "label": 3,
    "formal_point": [
        "勾股定理",
        "垂径定理",
        "距离"
    ],
    "answer": "解:连接OA,如图所示．∵CD⊥AB,∴AD=BD=\\frac{1}{2}AB．在Rt△ADO中,OA=OC=5m,OD=CD-OC=3m,∠ADO=90°,∴AD=√{0A^{2}-0D^{2}}=4m,∴AB=2AD=8m．故选:D．",
    "numbers": [
        8.0,
        5.0
    ]
}