{
    "id": 2099,
    "subject": "如图用圆心角为120°,半径为6的扇形围成一个圆锥的侧面(接缝忽略不计),则这个圆锥的高是()",
    "eng_subject": "As shown in the figure, a sector with a central angle of 120.0 and a radius of 6.0 encloses the side of a cone (the joints are ignored), then the height of the cone is ()",
    "unanswerable_subject": "如图用圆心角为120°的扇形围成一个圆锥的侧面(接缝忽略不计),则这个圆锥的高是()",
    "unanswerable_eng_subject": "As shown in the figure, a sector with a central angle of 120.0 encloses the side of a cone (the joints are ignored), then the height of the cone is ()",
    "choices": [
        "6",
        "8",
        "3√{3}",
        "4√{2}"
    ],
    "label": 3,
    "formal_point": [
        "圆锥的计算",
        "圆心角"
    ],
    "answer": "解:设圆锥的底面圆的半径为r,根据题意得2πr=\\frac{120\\cdotπ\\cdot6}{180},解得r=2,所以圆锥的高=√{6^{2}-2^{2}}=4√{2}．故选:D．",
    "numbers": [
        120.0,
        6.0
    ]
}