{
    "question": "Linda has $6.00. Does she have enough to buy a dog leash and a bag of birdseed?",
    "choices": [
        "yes",
        "no"
    ],
    "answer": "yes",
    "unit": null,
    "table_title": null,
    "table": "fish bowl | $7.00\ndog bowl | $5.00\nbag of birdseed | $3.00\ndog leash | $3.00\nbag of cat treats | $2.00",
    "table_for_pd": {
        "Column 1": [
            "fish bowl",
            "dog bowl",
            "bag of birdseed",
            "dog leash",
            "bag of cat treats"
        ],
        "Column 2": [
            "$7.00",
            "$5.00",
            "$3.00",
            "$3.00",
            "$2.00"
        ]
    },
    "row_num": 5,
    "column_num": 2,
    "solution": "Add the price of a dog leash and the price of a bag of birdseed:\n\n$3.00 + $3.00 = $6.00\n\nSince Linda has $6.00, she has just enough money.",
    "ques_type": "multi_choice",
    "ans_type": "boolean_text",
    "grade": 5,
    "split": "test"
}