{
    "question": "Look at this table. Is this relation a function?",
    "choices": [
        "yes",
        "no"
    ],
    "answer": "yes",
    "unit": null,
    "table_title": null,
    "table": "x | y\n13 | 9\n7 | 0\n17 | 6\n18 | 7",
    "table_for_pd": {
        "x": [
            "13",
            "7",
            "17",
            "18"
        ],
        "y": [
            "9",
            "0",
            "6",
            "7"
        ]
    },
    "row_num": 5,
    "column_num": 2,
    "solution": "Look at the x-values in the table.\n\nEach of the x-values is paired with only one y-value, so the relation is a function.",
    "ques_type": "multi_choice",
    "ans_type": "boolean_text",
    "grade": 8,
    "split": "test"
}