{
    "question": "Some companies compared how many phone calls they made. Which company made the fewest phone calls?",
    "choices": [
        "Nature Now",
        "Melbourne Medical Devices",
        "Henderson Co.",
        "Critical Insight Consulting"
    ],
    "answer": "Nature Now",
    "unit": null,
    "table_title": "Phone calls",
    "table": "Company | Number of phone calls\nNature Now | 436\nMelbourne Medical Devices | 463\nHenderson Co. | 443\nCritical Insight Consulting | 464",
    "table_for_pd": {
        "Company": [
            "Nature Now",
            "Melbourne Medical Devices",
            "Henderson Co.",
            "Critical Insight Consulting"
        ],
        "Number of phone calls": [
            "436",
            "463",
            "443",
            "464"
        ]
    },
    "row_num": 5,
    "column_num": 2,
    "solution": "Find the least number in the table. Remember to compare the numbers starting with the highest place value. The least number is 436.\n\nNow find the corresponding company. Nature Now corresponds to 436.",
    "ques_type": "multi_choice",
    "ans_type": "extractive_text",
    "grade": 2,
    "split": "test"
}