{
    "id": 2438,
    "subject": "如图,小东用长3.2m的竹竿做测量工具测量学校旗杆的高度,移动竹竿,使竹竿、旗杆顶端的影子恰好落在地面的同一点．此时,竹竿与这一点相距8m,与旗杆相距22m,则旗杆的高为()",
    "eng_subject": "As shown in the figure, Xiaodong uses a bamboo pole with a length of 3.2 as a measuring tool to measure the height of the school flagpole, and moves the bamboo pole so that the shadow on the top of the pole and the flag pole falls on the same point on the ground. At this time, the distance between the bamboo pole and this point is 8.0, and the distance from the flag pole is 22.0, then the height of the flag pole is ()",
    "unanswerable_subject": "如图,小东用竹竿做测量工具测量学校旗杆的高度,移动竹竿,使竹竿、旗杆顶端的影子恰好落在地面的同一点．此时,竹竿与这一点相距8m,与旗杆相距22m,则旗杆的高为()",
    "unanswerable_eng_subject": "As shown in the figure, Xiaodong uses a bamboo pole as a measuring tool to measure the height of the school flagpole, and moves the bamboo pole so that the shadow on the top of the pole and the flag pole falls on the same point on the ground. At this time, the distance between the bamboo pole and this point is 8.0, and the distance from the flag pole is 22.0, then the height of the flag pole is ()",
    "choices": [
        "12m",
        "10m",
        "8m",
        "7m"
    ],
    "label": 0,
    "formal_point": [
        "相似三角形"
    ],
    "answer": "解:因为BE∥CD,所以△AEB∽△ADC,\n于是\\frac{AE}{AD}=\\frac{BE}{CD},即\\frac{8}{22+8}=\\frac{3.2}{CD},\n解得:CD=12．\n旗杆的高为12m．\n故选:A．",
    "numbers": [
        3.2,
        8.0,
        22.0
    ]
}