{
    "id": 3575,
    "subject": "如图,四边形ABCD是圆内接四边形,E是AD延长线上一点,若∠CBA=120°,则∠EDC的大小是()",
    "eng_subject": "As shown in the figure, the quadrilateral ABCD is a quadrilateral inscribed in the circle, and E is a point on the extended line of AD. If ∠CBA = 120.0, then the size of ∠EDC is ()",
    "unanswerable_subject": "如图,E是AD延长线上一点,若∠CBA=120°,则∠EDC的大小是()",
    "unanswerable_eng_subject": "As shown in the figure, E is a point on the extended line of AD. If ∠CBA = 120.0, then the size of ∠EDC is ()",
    "choices": [
        "60°",
        "120°",
        "150°",
        "130°"
    ],
    "label": 1,
    "formal_point": [
        "圆内接四边形"
    ],
    "answer": "解:∵四边形ABCD是圆内接四边形,∠CBA=120°,∴∠ADC=180°-120°=60°．∵∠ADC+∠EDC=180°,∴∠EDC=180°-60°=120°．\n故选:B．",
    "numbers": [
        120.0
    ]
}