{
    "id": 417,
    "subject": "如图是小刘做的一个风筝支架示意图,已知BC∥PQ,AB:AP=2:5,AQ=20cm,则CQ的长是()",
    "eng_subject": "The figure is a schematic diagram of a kite stand made by Xiao Liu. It is known that BC ∥ PQ, AB: AP = 2.0:5.0, AQ = 20.0, then the length of CQ is ()",
    "unanswerable_subject": "如图是小刘做的一个风筝支架示意图,已知BC∥PQ,AQ=20cm,则CQ的长是()",
    "unanswerable_eng_subject": "The figure is a schematic diagram of a kite stand made by Xiao Liu. It is known that BC ∥ PQ, AQ = 20.0, then the length of CQ is ()",
    "choices": [
        "8cm",
        "12cm",
        "30cm",
        "50cm"
    ],
    "label": 1,
    "formal_point": [],
    "answer": "[解析]试题解析:∵BC//PQ,∴△ABC\\sim△APQ,∴\\frac{AB}{AP}=\\frac{AC}{AQ},∵AB:AP=2:5,AQ=20cm,∴\\frac{Ac}{20}=\\frac{2}{5}解得:AC=8cm,∴CQ=AQ-AC=20-8=12(cm),故选B.",
    "numbers": [
        2.0,
        5.0,
        20.0
    ]
}