{
    "question": "Gavin has $4.50. Does he have enough to buy a trip through the Haunted House and a ride on the Log Ride Splasher?",
    "choices": [
        "yes",
        "no"
    ],
    "answer": "yes",
    "unit": null,
    "table_title": null,
    "table": "ride on the Log Ride Splasher | $1.53\nride on Wild Raft River | $5.88\nride on the Upside-Down Twister | $2.02\ntrip through the Haunted House | $2.71",
    "table_for_pd": {
        "Column 1": [
            "ride on the Log Ride Splasher",
            "ride on Wild Raft River",
            "ride on the Upside-Down Twister",
            "trip through the Haunted House"
        ],
        "Column 2": [
            "$1.53",
            "$5.88",
            "$2.02",
            "$2.71"
        ]
    },
    "row_num": 4,
    "column_num": 2,
    "solution": "Add the price of a trip through the Haunted House and the price of a ride on the Log Ride Splasher:\n\n$2.71 + $1.53 = $4.24\n\n$4.24 is less than $4.50. Gavin does have enough money.",
    "ques_type": "multi_choice",
    "ans_type": "boolean_text",
    "grade": 8,
    "split": "test"
}