{
    "id": 2203,
    "subject": "如图,有一圆心角为120°、半径长为6cm的扇形,若将OA、OB重合后围成一圆锥侧面,那么圆锥底面的直径是()",
    "eng_subject": "As shown in the figure, there is a sector with a central angle of 120.0 and a radius of 6.0. If OA and OB are overlapped to form a cone side, the diameter of the bottom of the cone is ()",
    "unanswerable_subject": "如图,有一圆心角为120°的扇形,若将OA、OB重合后围成一圆锥侧面,那么圆锥底面的直径是()",
    "unanswerable_eng_subject": "As shown in the figure, there is a sector with a central angle of 120.0. If OA and OB are overlapped to form a cone side, the diameter of the bottom of the cone is ()",
    "choices": [
        "2cm",
        "4cm",
        "3cm",
        "5cm"
    ],
    "label": 1,
    "formal_point": [
        "圆锥的计算",
        "圆心角"
    ],
    "answer": "解:扇形的弧长是:\\frac{120π×6}{180}=4π,即底面周长是4π．设底面半径是r,则2πr=4π,解得:2r=4cm．故选:B．",
    "numbers": [
        120.0,
        6.0
    ]
}