{
    "id": 2356,
    "subject": "如图,光源P在横杆AB的正上方,AB在灯光下的影子为CD,AB∥CD,AB=2m,CD=5m,点P到CD的距离是3m,则AB与CD的距离是()m．",
    "eng_subject": "As shown in the figure, the light source P is directly above the crossbar AB, the shadow of AB under the light is CD, AB ∥ CD, AB = 2.0, CD = 5.0, the distance between point P and CD is 3.0, then the distance between AB and CD is ().",
    "unanswerable_subject": "如图,光源P在横杆AB的正上方,AB在灯光下的影子为CD,AB=2m,CD=5m,点P到CD的距离是3m,则AB与CD的距离是()m．",
    "unanswerable_eng_subject": "As shown in the figure, the light source P is directly above the crossbar AB, the shadow of AB under the light is CD, AB = 2.0, CD = 5.0, the distance between point P and CD is 3.0, then the distance between AB and CD is ().",
    "choices": [
        "\\frac{6}{5}",
        "\\frac{7}{6}",
        "\\frac{9}{5}",
        "\\frac{15}{2}"
    ],
    "label": 2,
    "formal_point": [
        "相似三角形",
        "距离"
    ],
    "answer": "解:设点P到AB的距离为xm,∵AB∥CD,∴△PAB∽△PCD,∴\\frac{x}{3}=\\frac{AB}{CD}=\\frac{2}{5},解得x=\\frac{6}{5}m．3-\\frac{6}{5}=\\frac{9}{5}m,故选:C．",
    "numbers": [
        2.0,
        5.0,
        3.0
    ]
}