{
    "id": 1,
    "subject": "如图,AB∥CD,直线EF交AB于点E,交CD于点F,EG平分∠BEF,交CD于点G,∠1=50°,则∠2等于()",
    "eng_subject": "As shown in the figure, AB ∥ CD, straight line EF intersects AB at point E, intersects CD at point F, EG bisects ∠BEF, and it intersects CD at point G, ∠1 = 50.0, then ∠2 is equal to ()",
    "unanswerable_subject": "如图,AB∥CD,直线EF交AB于点E,交CD于点F,交CD于点G,∠1=50°,则∠2等于()",
    "unanswerable_eng_subject": "As shown in the figure, AB ∥ CD, straight line EF intersects AB at point E, intersects CD at point F, and it intersects CD at point G, ∠1 = 50.0, then ∠2 is equal to ()",
    "choices": [
        "50°",
        "60°",
        "65°",
        "90°"
    ],
    "label": 2,
    "formal_point": [
        "平行线"
    ],
    "answer": "∵ABIICD,∴∠BEF+∠1=180°(两直线平行,同旁内角互补)∵∠1=50°,∴∠BEF=130°∵EG平分∠BEF,∴∠BEG=\\frac{1}{2}∠BEF=65°(角平分线的定义)5°(角平分线的定义)∴∠2=∠BEG=65°(两直线平行1内错角相等),故选C",
    "numbers": [
        50.0
    ]
}