{
    "question": "Nancy has $106.00. Does she have enough to buy a trampoline and a trivia game?",
    "choices": [
        "yes",
        "no"
    ],
    "answer": "no",
    "unit": null,
    "table_title": null,
    "table": "toy guitar | $29.00\ntrivia game | $17.00\nboard game | $15.00\nvideo game | $41.00\ntrampoline | $91.00",
    "table_for_pd": {
        "Column 1": [
            "toy guitar",
            "trivia game",
            "board game",
            "video game",
            "trampoline"
        ],
        "Column 2": [
            "$29.00",
            "$17.00",
            "$15.00",
            "$41.00",
            "$91.00"
        ]
    },
    "row_num": 5,
    "column_num": 2,
    "solution": "Add the price of a trampoline and the price of a trivia game:\n\n$91.00 + $17.00 = $108.00\n\n$108.00 is more than $106.00. Nancy does not have enough money.",
    "ques_type": "multi_choice",
    "ans_type": "boolean_text",
    "grade": 8,
    "split": "test"
}