{
    "id": 361,
    "subject": "如图,AB是⊙O的直径,点C在⊙O上,过点C作⊙O的切线交AB的延长线于点D,连接AC．若∠D=50°,则∠A的度数是()",
    "eng_subject": "As shown in the figure, AB is the diameter of ⊙O, point C is on ⊙O, passing point C to draw the tangent of ⊙O and it intersects the extended line of AB at point D. Connect AC. If ∠D = 50.0, then the degree of ∠A is ()",
    "unanswerable_subject": "如图,点C在⊙O上,过点C作⊙O的切线交AB的延长线于点D,连接AC．若∠D=50°,则∠A的度数是()",
    "unanswerable_eng_subject": "As shown in the figure, point C is on ⊙O, passing point C to draw the tangent of ⊙O and it intersects the extended line of AB at point D. Connect AC. If ∠D = 50.0, then the degree of ∠A is ()",
    "choices": [
        "20°",
        "25°",
        ".40°",
        "50°"
    ],
    "label": 0,
    "formal_point": [
        "切线"
    ],
    "answer": "试题解析:∵CD切⊙O于C,∴OC⊥CD,∴∠OCD=90°,∵∠D=50^{°},∴∠COD=180^{°}-90^{°}-50^{°}=40^{°},∵OA=OC,∴∠A=∠OCA,∵∠A+∠OCA=∠COD=40^{°},∴∠A=20°故选A.",
    "numbers": [
        50.0
    ]
}