{
    "question": "Some friends compared the sizes of their stuffed animal collections. Who has the most stuffed animals?",
    "choices": [
        "Dylan",
        "Rose",
        "Troy",
        "Edmond"
    ],
    "answer": "Troy",
    "unit": null,
    "table_title": "Stuffed animal collections",
    "table": "Name | Number of stuffed animals\nDylan | 151\nRose | 118\nTroy | 185\nEdmond | 158",
    "table_for_pd": {
        "Name": [
            "Dylan",
            "Rose",
            "Troy",
            "Edmond"
        ],
        "Number of stuffed animals": [
            "151",
            "118",
            "185",
            "158"
        ]
    },
    "row_num": 5,
    "column_num": 2,
    "solution": "Find the greatest number in the table. Remember to compare the numbers starting with the highest place value. The greatest number is 185.\n\nNow find the corresponding name. Troy corresponds to 185.",
    "ques_type": "multi_choice",
    "ans_type": "extractive_text",
    "grade": 2,
    "split": "test"
}