{
    "id": 5927,
    "subject": "如图,OA、OB分别是线段MC、MD的垂直平分线,MD=5cm,MC=7cm,CD=10cm,一只小蚂蚁从点M出发爬到OA边上任意一点E,再爬到OB边上任意一点F,然后爬回M点处,则小蚂蚁爬行的路径最短可为()",
    "eng_subject": "As shown in the figure, OA and OB are the perpendicular bisectors of the line segments MC and MD respectively, MD = 5.0, MC = 7.0, CD = 10.0, a small ant starts from point M and climbs to any point E on OA, and then climbs to any point F on OB , and then climbs back to point M, the shortest path the little ant crawls can be ()",
    "unanswerable_subject": "如图,OA、OB分别是线段MC、MD的垂直平分线,MC=7cm,CD=10cm,一只小蚂蚁从点M出发爬到OA边上任意一点E,再爬到OB边上任意一点F,然后爬回M点处,则小蚂蚁爬行的路径最短可为()",
    "unanswerable_eng_subject": "As shown in the figure, OA and OB are the perpendicular bisectors of the line segments MC and MD respectively, MC = 7.0, CD = 10.0, a small ant starts from point M and climbs to any point E on OA, and then climbs to any point F on OB , and then climbs back to point M, the shortest path the little ant crawls can be ()",
    "choices": [
        "12cm",
        "10cm",
        "7cm",
        "5cm"
    ],
    "label": 1,
    "formal_point": [
        "勾股定理",
        "垂直平分线",
        "直角三角形",
        "对称"
    ],
    "answer": "解:设CD与OA的交点为E,与OB的交点于F,∵OA、OB分别是线段MC、MD的垂直平分线,∴ME=CE,MF=DF,∴小蚂蚁爬行的路径最短=CD=10cm,故选:B．",
    "numbers": [
        5.0,
        7.0,
        10.0
    ]
}