{
    "id": 2287,
    "subject": "如图,为了估计荆河的宽度,在荆河的对岸选定一个目标点P,在近岸取点Q和S,使点P、Q、S在一条直线上,且直线PS与河垂直,在过点S且与PS垂直的直线a上选择适当的点T,PT与过点Q且与PS垂直的直线b的交点为R,如果QS=60m,ST=120m,QR=80m,则荆河的宽度PQ为()",
    "eng_subject": "As shown in the figure, in order to estimate the width of the Jing River, a target point P is selected on the opposite bank of the Jing River, and points Q and S are taken near the bank, so that the points P, Q, and S are in a straight line, and the straight line PS is perpendicular to the river. Choose an appropriate point T on the straight line a passing point S and perpendicular to PS. The intersection of PT and the straight line b passing point Q and perpendicular to PS is R. If QS = 60.0, ST = 120.0, QR = 80.0, then the width of the river PQ is ()",
    "unanswerable_subject": "如图,为了估计荆河的宽度,在荆河的对岸选定一个目标点P,在近岸取点Q和S,使点P、Q、S在一条直线上,且直线PS与河垂直,在过点S且与PS垂直的直线a上选择适当的点T,PT与过点Q且与PS垂直的直线b的交点为R,如果QS=60m,ST=120m,则荆河的宽度PQ为()",
    "unanswerable_eng_subject": "As shown in the figure, in order to estimate the width of the Jing River, a target point P is selected on the opposite bank of the Jing River, and points Q and S are taken near the bank, so that the points P, Q, and S are in a straight line, and the straight line PS is perpendicular to the river. Choose an appropriate point T on the straight line a passing point S and perpendicular to PS. The intersection of PT and the straight line b passing point Q and perpendicular to PS is R. If QS = 60.0, ST = 120.0, then the width of the river PQ is ()",
    "choices": [
        "40m",
        "120m",
        "60m",
        "180m"
    ],
    "label": 1,
    "formal_point": [
        "相似三角形"
    ],
    "answer": "解:由题意可知:QR∥ST,∴△PQR∽△PST,∴\\frac{PQ}{PS}=\\frac{QR}{ST}设PQ=x,∴\\frac{x}{x+60}=\\frac{80}{120}解得:x=120故PQ=120m故选:B．",
    "numbers": [
        60.0,
        120.0,
        80.0
    ]
}