{
    "id": 1280,
    "subject": "如图,在△ABE中,AE的垂直平分线MN交BE于点C,∠E=30°,且AB=CE,则∠BAE的度数是()",
    "eng_subject": "As shown in the figure, in △ABE, the perpendicular bisector of AE MN intersects BE at point C, ∠E = 30.0, and AB = CE, then the degree of ∠BAE is ()",
    "unanswerable_subject": "如图,在△ABE中,AE的垂直平分线MN交BE于点C,∠E=30°,则∠BAE的度数是()",
    "unanswerable_eng_subject": "As shown in the figure, in △ABE, the perpendicular bisector of AE MN intersects BE at point C, ∠E = 30.0, then the degree of ∠BAE is ()",
    "choices": [
        "80°",
        "85°",
        "90°",
        "105°"
    ],
    "label": 2,
    "formal_point": [
        "角平分线",
        "垂直平分线"
    ],
    "answer": "解:已知在△ABE中,AE的垂直平分线MN交BE于点C,∠E=30°,且AB=CE,故CE=CA=AB,∠ACB=∠ABC=∠CEA+∠CAE=60°,故∠CAB=60°即∠BAE=∠CAB+∠CAE=60+30°=90°.故选C.",
    "numbers": [
        30.0
    ]
}