{
    "question": "Look at this table. Is this relation a function?",
    "choices": [
        "yes",
        "no"
    ],
    "answer": "no",
    "unit": null,
    "table_title": null,
    "table": "x | y\n3 | 15\n15 | 10\n9 | 3\n9 | 20",
    "table_for_pd": {
        "x": [
            "3",
            "15",
            "9",
            "9"
        ],
        "y": [
            "15",
            "10",
            "3",
            "20"
        ]
    },
    "row_num": 5,
    "column_num": 2,
    "solution": "Look at the x-values in the table.\n\nThe x-value 9 is paired with multiple y-values, so the relation is not a function.",
    "ques_type": "multi_choice",
    "ans_type": "boolean_text",
    "grade": 8,
    "split": "test"
}