{
    "id": 430,
    "subject": "如图,C是⊙O上一点,O是圆心,若∠C=35°,则∠AOB的度数为()",
    "eng_subject": "As shown in the figure, C is a point on ⊙O, O is the center of the circle, if ∠C = 35.0, then the degree of ∠AOB is ()",
    "unanswerable_subject": "如图,O是圆心,若∠C=35°,则∠AOB的度数为()",
    "unanswerable_eng_subject": "As shown in the figure, O is the center of the circle, if ∠C = 35.0, then the degree of ∠AOB is ()",
    "choices": [
        "35°",
        "70°",
        "105°",
        "150°"
    ],
    "label": 1,
    "formal_point": [
        "圆周角",
        "圆心角"
    ],
    "answer": "试题分析:同弧所对的圆心角的度数等于圆周角度数的两倍,则∠AOB=2∠C=70°.",
    "numbers": [
        35.0
    ]
}