{
    "id": 9677,
    "subject": "如图,⁀{AB}是半圆,连接AB,点O为AB的中点,点C、D在⁀{AB}上,连接AD、CO、BC、BD、OD．若∠COD=62°,且AD∥OC,则∠ABD的大小是()",
    "eng_subject": "As shown in the figure, ⁀AB is a semicircle. Connect AB, point O is the midpoint of AB, points C and D are on ⁀AB, connecting AD, CO, BC, BD, OD. If ∠COD = 62.0 and AD ∥ OC, then the size of ∠ABD is ()",
    "unanswerable_subject": "如图,⁀{AB}是半圆,连接AB,点O为AB的中点,点C、D在⁀{AB}上,连接AD、CO、BC、BD、OD．若∠COD=62°,则∠ABD的大小是()",
    "unanswerable_eng_subject": "As shown in the figure, ⁀AB is a semicircle. Connect AB, point O is the midpoint of AB, points C and D are on ⁀AB, connecting AD, CO, BC, BD, OD. If ∠COD = 62.0, then the size of ∠ABD is ()",
    "choices": [
        "26°",
        "28°",
        "30°",
        "32°"
    ],
    "label": 1,
    "formal_point": [
        "圆周角",
        "直角三角形",
        "平行线",
        "圆心角"
    ],
    "answer": "解:∵AB是半圆的直径,∴∠ADB=90°,∵AD∥OC,∴∠A=∠COD=62°,∴∠ABD=90°-∠A=28°；故选:B．",
    "numbers": [
        62.0
    ]
}