{
    "id": 9387,
    "subject": "如图,在平行四边形ABCD中,AB=4,BC=6,AC的垂直平分线交AD于点E,则△CDE的周长是()",
    "eng_subject": "As shown in the figure, in the parallelogram ABCD, AB = 4.0, BC = 6.0, and the perpendicular bisector of AC intersects AD at point E, then the perimeter of △CDE is ()",
    "unanswerable_subject": "如图,在平行四边形ABCD中,AB=4,AC的垂直平分线交AD于点E,则△CDE的周长是()",
    "unanswerable_eng_subject": "As shown in the figure, in the parallelogram ABCD, AB = 4.0, and the perpendicular bisector of AC intersects AD at point E, then the perimeter of △CDE is ()",
    "choices": [
        "7",
        "10",
        "11",
        "12"
    ],
    "label": 1,
    "formal_point": [
        "平行四边形",
        "垂直平分线"
    ],
    "answer": "解:∵AC的垂直平分线交AD于E,∴AE=EC,∵四边形ABCD是平行四边形,∴DC=AB=4,AD=BC=6,∴△CDE的周长为:EC+CD+ED=AD+CD=6+4=10,故选:B．",
    "numbers": [
        4.0,
        6.0
    ]
}