{
    "id": 9438,
    "subject": "如图,▱ABCD中,∠AEB=36°,BE平分∠ABC,则∠C等于()",
    "eng_subject": "As shown in the figure, in ▱ABCD, ∠AEB = 36.0, BE bisectes ∠ABC, then ∠C is equal to ()",
    "unanswerable_subject": "如图,▱ABCD中,∠AEB=36°,则∠C等于()",
    "unanswerable_eng_subject": "As shown in the figure, in ▱ABCD, ∠AEB = 36.0, then ∠C is equal to ()",
    "choices": [
        "36°",
        "72°",
        "108°",
        "144°"
    ],
    "label": 2,
    "formal_point": [
        "平行四边形"
    ],
    "answer": "解:∵四边形ABCD是平行四边形,∴AD∥BC,∴∠AEB=∠EBC；∵BE平分∠ABC,∠AEB=36°,∴∠ABC=2∠EBC=2∠AEB=72°,又∵AB∥CD,∴∠C+∠ABC=180°,∴∠C=108°；故选:C．",
    "numbers": [
        36.0
    ]
}