{
    "id": 5879,
    "subject": "如图,在△ABC中,∠ACB=90°,∠ABC=60°,BD平分∠ABC,P点是BD的中点,若BD=6,则CP的长为()",
    "eng_subject": "As shown in the figure, in △ABC, ∠ACB = 90.0, ∠ABC = 60.0, BD bisects ∠ABC, P point is the midpoint of BD, if BD = 6.0, the length of CP is ()",
    "unanswerable_subject": "如图,在△ABC中,∠ACB=90°,∠ABC=60°,BD平分∠ABC,若BD=6,则CP的长为()",
    "unanswerable_eng_subject": "As shown in the figure, in △ABC, ∠ACB = 90.0, ∠ABC = 60.0, BD bisects ∠ABC, if BD = 6.0, the length of CP is ()",
    "choices": [
        "3",
        "3.5",
        "4",
        "4.5"
    ],
    "label": 0,
    "formal_point": [
        "含30度角的直角三角形",
        "角平分线",
        "等腰三角形",
        "直角三角形"
    ],
    "answer": "解:∵∠ACB=90°,∠ABC=60°,∴∠A=30°,∵BD平分∠ABC,∴∠CBD=∠DBA=30°,∴BD=AD=6,∵P点是BD的中点,∴CP=\\frac{1}{2}BD=3,故选:A．",
    "numbers": [
        90.0,
        60.0,
        6.0
    ]
}