{
    "id": 9540,
    "subject": "如图,▱ABCD的对角线AC、BD相交于点O,若AC+BD=10,BC=4,则△BOC的周长为()",
    "eng_subject": "As shown in the figure, the diagonal AC and BD of ▱ABCD intersect at point O, if AC + BD = 10.0, BC = 4.0, then the perimeter of △BOC is ()",
    "unanswerable_subject": "如图,▱ABCD的对角线AC、BD相交于点O,若AC+BD=10,则△BOC的周长为()",
    "unanswerable_eng_subject": "As shown in the figure, the diagonal AC and BD of ▱ABCD intersect at point O, if AC + BD = 10.0, then the perimeter of △BOC is ()",
    "choices": [
        "8",
        "9",
        "10",
        "14"
    ],
    "label": 1,
    "formal_point": [
        "平行四边形"
    ],
    "answer": "解:∵ABCD是平行四边形,∴BD=AC,BO=OD,AO=OC,又∵AC+BD=10,∴BO+OC=5,∴△BOC的周长为5+4=9．故选:B．",
    "numbers": [
        10.0,
        4.0
    ]
}