{
    "id": 4817,
    "subject": "如图,Rt△ABC中,∠C=90°,BC=3,AC=4,若△ABC∽△BDC,则CD=()",
    "eng_subject": "As shown in the figure, in Rt△ABC, ∠C = 90.0, BC = 3.0, AC = 4.0, if △ABC ∽ △BDC, then CD = ()",
    "unanswerable_subject": "如图,Rt△ABC中,∠C=90°,BC=3,若△ABC∽△BDC,则CD=()",
    "unanswerable_eng_subject": "As shown in the figure, in Rt△ABC, ∠C = 90.0, BC = 3.0, if △ABC ∽ △BDC, then CD = ()",
    "choices": [
        "2",
        "\\frac{3}{2}",
        "\\frac{4}{3}",
        "\\frac{9}{4}"
    ],
    "label": 3,
    "formal_point": [
        "相似三角形"
    ],
    "answer": "解:∵△ABC∽△BDC,∴\\frac{BC}{CD}=\\frac{AC}{BC},即\\frac{3}{CD}=\\frac{4}{3},解得CD=\\frac{9}{4}．故选:D．",
    "numbers": [
        90.0,
        3.0,
        4.0
    ]
}