{
    "question": "Roxanne has $32.50. Does she have enough to buy a CD and a blender?",
    "choices": [
        "yes",
        "no"
    ],
    "answer": "yes",
    "unit": null,
    "table_title": null,
    "table": "blender | $14.02\nCD | $18.35\ncomputer mouse | $10.65\nCD player | $21.84\nDVD player | $53.57\nradio | $15.42",
    "table_for_pd": {
        "Column 1": [
            "blender",
            "CD",
            "computer mouse",
            "CD player",
            "DVD player",
            "radio"
        ],
        "Column 2": [
            "$14.02",
            "$18.35",
            "$10.65",
            "$21.84",
            "$53.57",
            "$15.42"
        ]
    },
    "row_num": 6,
    "column_num": 2,
    "solution": "Add the price of a CD and the price of a blender:\n\n$18.35 + $14.02 = $32.37\n\n$32.37 is less than $32.50. Roxanne does have enough money.",
    "ques_type": "multi_choice",
    "ans_type": "boolean_text",
    "grade": 7,
    "split": "test"
}