{
    "question": "Jonathan has $544. Does he have enough to buy a silver coat rack and a grandfather clock?",
    "choices": [
        "yes",
        "no"
    ],
    "answer": "no",
    "unit": null,
    "table_title": null,
    "table": "rug | $339\ncrystal sculpture | $856\nsilver coat rack | $374\nchandelier | $231\noil painting | $766\ngrandfather clock | $191",
    "table_for_pd": {
        "Column 1": [
            "rug",
            "crystal sculpture",
            "silver coat rack",
            "chandelier",
            "oil painting",
            "grandfather clock"
        ],
        "Column 2": [
            "$339",
            "$856",
            "$374",
            "$231",
            "$766",
            "$191"
        ]
    },
    "row_num": 6,
    "column_num": 2,
    "solution": "Add the price of a silver coat rack and the price of a grandfather clock:\n\n$374 + $191 = $565\n\n$565 is more than $544. Jonathan does not have enough money.",
    "ques_type": "multi_choice",
    "ans_type": "boolean_text",
    "grade": 7,
    "split": "test"
}