{
    "id": 8501,
    "subject": "如图,△ABC内接于⊙O,∠BAC=120°,AB=AC,BD为⊙O的直径,AB=3,则AD的值为()",
    "eng_subject": "As shown in the figure, △ABC is inscribed in ⊙O, ∠BAC = 120.0, AB = AC, BD is the diameter of ⊙O, AB = 3.0, then the value of AD is ()",
    "unanswerable_subject": "如图,△ABC内接于⊙O,∠BAC=120°,BD为⊙O的直径,AB=3,则AD的值为()",
    "unanswerable_eng_subject": "As shown in the figure, △ABC is inscribed in ⊙O, ∠BAC = 120.0, BD is the diameter of ⊙O, AB = 3.0, then the value of AD is ()",
    "choices": [
        "6",
        "3√{5}",
        "5",
        "3√{3}"
    ],
    "label": 3,
    "formal_point": [
        "圆周角"
    ],
    "answer": "解:∵∠BAC=120°,AB=AC,∴∠ACB=30°,∴∠ACB=∠ADB=30°,∵BD是⊙O的直径,∴∠BAD=90°,∵AB=3,∴AD=\\frac{AB}{tan30°}=\\frac{3}{\\frac{√{3}}{3}}=3√{3}．故选:D．",
    "numbers": [
        120.0,
        3.0
    ]
}