{
    "question": "A county agency recorded the money donated to several charitable causes over time. Which cause raised less money in April, hunger or medical research?",
    "choices": [
        "hunger",
        "medical research"
    ],
    "answer": "medical research",
    "unit": null,
    "table_title": "Donations received",
    "table": "Cause | April | May\nMedical research | $4 | $18\nParks | $13 | $19\nHunger | $7 | $17",
    "table_for_pd": {
        "Cause": [
            "Medical research",
            "Parks",
            "Hunger"
        ],
        "April": [
            "$4",
            "$13",
            "$7"
        ],
        "May": [
            "$18",
            "$19",
            "$17"
        ]
    },
    "row_num": 4,
    "column_num": 3,
    "solution": "Find the April column. Compare the numbers in this column for hunger and medical research.\n\n$4.00 is less than $7.00. In April, less money was raised for medical research.",
    "ques_type": "multi_choice",
    "ans_type": "extractive_text",
    "grade": 5,
    "split": "test"
}