{
    "question": "Franklin has $27.00. Does he have enough to buy a chocolate cheesecake and an apple tart?",
    "choices": [
        "yes",
        "no"
    ],
    "answer": "yes",
    "unit": null,
    "table_title": null,
    "table": "carrot cake | $26.09\npear tart | $18.02\nchocolate cheesecake | $10.12\napple tart | $16.88\nbirthday cake | $24.29",
    "table_for_pd": {
        "Column 1": [
            "carrot cake",
            "pear tart",
            "chocolate cheesecake",
            "apple tart",
            "birthday cake"
        ],
        "Column 2": [
            "$26.09",
            "$18.02",
            "$10.12",
            "$16.88",
            "$24.29"
        ]
    },
    "row_num": 5,
    "column_num": 2,
    "solution": "Add the price of a chocolate cheesecake and the price of an apple tart:\n\n$10.12 + $16.88 = $27.00\n\nSince Franklin has $27.00, he has just enough money.",
    "ques_type": "multi_choice",
    "ans_type": "boolean_text",
    "grade": 8,
    "split": "test"
}