{
    "id": 5059,
    "subject": "如图,线段AB=20,C为AB的中点,D为CB上一点,E为DB的中点,且EB=3,则CD等于()",
    "eng_subject": "As shown in the figure, the line segment AB = 20.0, C is the midpoint of AB, D is the point on CB, E is the midpoint of DB, and EB = 3.0, then CD is equal to ()",
    "unanswerable_subject": "如图,线段AB=20,D为CB上一点,E为DB的中点,且EB=3,则CD等于()",
    "unanswerable_eng_subject": "As shown in the figure, the line segment AB = 20.0, D is the point on CB, E is the midpoint of DB, and EB = 3.0, then CD is equal to ()",
    "choices": [
        "10",
        "6",
        "4",
        "2"
    ],
    "label": 2,
    "formal_point": [
        "距离"
    ],
    "answer": "【解答】解:∵E为DB的中点,且EB=3,∴BD=2BE=6,∵线段AB=20,C为AB的中点,∴CB=AC=10,∵CD=BC-BD∴CD=4",
    "numbers": [
        20.0,
        3.0
    ]
}