{
    "id": 1444,
    "subject": "已知:AB∥CD,∠ABE=120°,∠C=25°,则∠α度数为()",
    "eng_subject": "Given: AB ∥ CD, ∠ABE = 120.0, ∠C = 25.0, then the degree of ∠α is ()",
    "unanswerable_subject": "已知:AB∥CD,∠ABE=120°,则∠α度数为()",
    "unanswerable_eng_subject": "Given: AB ∥ CD, ∠ABE = 120.0, then the degree of ∠α is ()",
    "choices": [
        "60°",
        "75°",
        "85°",
        "80°"
    ],
    "label": 2,
    "formal_point": [
        "平行线"
    ],
    "answer": "过点E作EF//CD∴∠C=∠FEC(两直线平行,内错角相等),∴∠FEC=25°∵AB//CD(已知),∴EF//AB(平行于同一直线的两直线平行),∴∠B+∠BEF=180°(两直线平行1同旁内角互补)∴∠BEF=60°∴∠α=∠BEF+∠FEC=85°.故选:C.",
    "numbers": [
        120.0,
        25.0
    ]
}