{
    "question": "Look at the table. Then answer the question. At a price of $1,280, is there a shortage or a surplus?",
    "choices": [
        "shortage",
        "surplus"
    ],
    "answer": "surplus",
    "unit": null,
    "table_title": null,
    "table": "Price | Quantity demanded | Quantity supplied\n$980 | 11,000 | 7,100\n$1,130 | 9,300 | 8,600\n$1,280 | 7,600 | 10,100\n$1,430 | 5,900 | 11,600\n$1,580 | 4,200 | 13,100",
    "table_for_pd": {
        "Price": [
            "$980",
            "$1,130",
            "$1,280",
            "$1,430",
            "$1,580"
        ],
        "Quantity demanded": [
            "11,000",
            "9,300",
            "7,600",
            "5,900",
            "4,200"
        ],
        "Quantity supplied": [
            "7,100",
            "8,600",
            "10,100",
            "11,600",
            "13,100"
        ]
    },
    "row_num": 6,
    "column_num": 3,
    "solution": "At the price of $1,280, the quantity demanded is less than the quantity supplied. There is too much of the good or service for sale at that price. So, there is a surplus.\n",
    "ques_type": "multi_choice",
    "ans_type": "boolean_text",
    "grade": 5,
    "split": "test"
}