{
    "id": 4591,
    "subject": "如图,四边形ABCD中,AD∥BC,对角线AC、BD相交于O,若\\frac{S_{\riangleADO}}{S_{\riangleDOC}}=\\frac{1}{3},则的值为()",
    "eng_subject": "As shown in the figure, in the quadrilateral ABCD, AD ‖ BC, diagonal AC and BD intersect at O, if \\\\ frac {s {\\triangle ADO} {s {\\triangle DOC}} = \\\\frac {1}{3}",
    "unanswerable_subject": "如图,四边形ABCD中,对角线AC、BD相交于O,若\\frac{S_{\riangleADO}}{S_{\riangleDOC}}=\\frac{1}{3},则的值为()",
    "unanswerable_eng_subject": "As shown in the figure, in the quadrilateral ABCD, diagonal AC and BD intersect at O, if \\\\ frac {s {\\triangle ADO} {s {\\triangle DOC}} = \\\\frac {1}{3}",
    "choices": [
        "\\frac{1}{2}",
        "\\frac{1}{3}",
        "\\frac{1}{9}",
        "\\frac{√{3}}{3}"
    ],
    "label": 1,
    "formal_point": [
        "相似三角形",
        "平行线"
    ],
    "answer": "解:∵\\frac{S_{\riangleADO}}{S_{\riangleDOC}}=\\frac{1}{3},∴\\frac{OA}{OC}=\\frac{1}{3},∵AD∥BC,∴△ADO∽△CBO,∴\\frac{AD}{BC}=\\frac{OA}{OC}=\\frac{1}{3},故选:B．",
    "numbers": [
        1.0,
        3.0
    ]
}