{
    "question": "Look at this table. Is this relation a function?",
    "choices": [
        "yes",
        "no"
    ],
    "answer": "no",
    "unit": null,
    "table_title": null,
    "table": "x | y\n5 | 13\n5 | 7\n4 | 8",
    "table_for_pd": {
        "x": [
            "5",
            "5",
            "4"
        ],
        "y": [
            "13",
            "7",
            "8"
        ]
    },
    "row_num": 4,
    "column_num": 2,
    "solution": "Look at the x-values in the table.\n\nThe x-value 5 is paired with multiple y-values, so the relation is not a function.",
    "ques_type": "multi_choice",
    "ans_type": "boolean_text",
    "grade": 8,
    "split": "test"
}