{
    "id": 9175,
    "subject": "如图,在菱形ABCD中,两条对角线AC=12,BD=16,则此菱形的边长为()",
    "eng_subject": "As shown in the figure, in the diamond ABCD, two diagonal lines AC = 12.0, BD = 16.0, then the edge length of this diamond is ()",
    "unanswerable_subject": "如图,在菱形ABCD中,两条对角线AC=12,则此菱形的边长为()",
    "unanswerable_eng_subject": "As shown in the figure, in the diamond ABCD, two diagonal lines AC = 12.0, then the edge length of this diamond is ()",
    "choices": [
        "10",
        "8",
        "6",
        "5"
    ],
    "label": 0,
    "formal_point": [
        "勾股定理",
        "菱形"
    ],
    "answer": "解:∵四边形ABCD是菱形,∴OA=\\frac{1}{2}AC=\\frac{1}{2}×12=6,OB=\\frac{1}{2}BD=\\frac{1}{2}×16=8,AC⊥BD,∴AB=√{OA²{+OB}²}=10．∴此菱形的边长为10．故选:A．",
    "numbers": [
        12.0,
        16.0
    ]
}