{
    "id": 2801,
    "subject": "如图,在Rt△ABC中,∠C=90°,AC=4,AB=5,则sinB的值是()",
    "eng_subject": "As shown in the figure, in Rt△ABC, ∠C = 90.0, AC = 4.0, AB = 5.0, then the value of sinB is ()",
    "unanswerable_subject": "如图,在Rt△ABC中,∠C=90°,AC=4,则sinB的值是()",
    "unanswerable_eng_subject": "As shown in the figure, in Rt△ABC, ∠C = 90.0, AC = 4.0, then the value of sinB is ()",
    "choices": [
        "\\frac{2}{3}",
        "\\frac{3}{5}",
        "\\frac{3}{4}",
        "\\frac{4}{5}"
    ],
    "label": 3,
    "formal_point": [
        "三角函数"
    ],
    "answer": "解:∵在△ABC中,∠C=90°,AC=4,AB=5,∴sin∠B=\\frac{AC}{AB}=\\frac{4}{5},\n故选:D．",
    "numbers": [
        90.0,
        4.0,
        5.0
    ]
}