{
    "id": 8398,
    "subject": "如图,PA、PB是⊙O的切线,AC是⊙O的直径,∠P=50°,则∠BOC的度数为()",
    "eng_subject": "As shown in the figure, PA and PB are the tangents of ⊙O, AC is the diameter of ⊙O, ∠P = 50.0, then the degree of ∠BOC is ()",
    "unanswerable_subject": "如图,PA是⊙O的切线,AC是⊙O的直径,∠P=50°,则∠BOC的度数为()",
    "unanswerable_eng_subject": "As shown in the figure, PA is the tangent of ⊙O, AC is the diameter of ⊙O, ∠P = 50.0, then the degree of ∠BOC is ()",
    "choices": [
        "50°",
        "25°",
        "40°",
        "60°"
    ],
    "label": 0,
    "formal_point": [
        "切线"
    ],
    "answer": "解:∵PA、PB是⊙O的切线,∴∠OAP=∠OBP=90°,而∠P=50°,∴∠AOB=360°-90°-90°-50°=130°,又∵AC是⊙O的直径,∴∠BOC=180°-130°=50°．故选:A．",
    "numbers": [
        50.0
    ]
}