{
    "id": 4414,
    "subject": "如图,AB是⊙O的直径,点D在AB的延长线上,DC切⊙O于点C,若∠A=26°,则∠D等于()",
    "eng_subject": "As shown in the figure, AB is the diameter of ⊙O, point D is on the extended line of AB, and DC is tangent to ⊙O at point C, if ∠A = 26.0, then ∠D is equal to ()",
    "unanswerable_subject": "如图,AB是⊙O的直径,点D在AB的延长线上,若∠A=26°,则∠D等于()",
    "unanswerable_eng_subject": "As shown in the figure, AB is the diameter of ⊙O, point D is on the extended line of AB, if ∠A = 26.0, then ∠D is equal to ()",
    "choices": [
        "38°",
        "50°",
        "60°",
        "570°"
    ],
    "label": 0,
    "formal_point": [
        "切线",
        "圆周角",
        "直角三角形"
    ],
    "answer": "解:如右图所示,连接BC,∵AB是直径,∴∠BCA=90°,又∵∠A=26°,∴∠CBA=90°-26°=64°,∵DC是切线,∴∠BCD=∠A=26°,∴∠D=∠CBA-∠BCD=64°-26°=38°．故选:A．",
    "numbers": [
        26.0
    ]
}