{
    "id": 4295,
    "subject": "如图,AB是半圆的直径,点O是圆心,点C是AB延长线的一点,CD与半圆相切于点D．若AB=6,CD=4,则sin∠C的值为()",
    "eng_subject": "As shown in the figure, AB is the diameter of the semicircle, point O is the center of the circle, point C is a point on the extended line of AB, and CD is tangent to the semicircle at point D. If AB = 6.0, CD = 4.0, then the value of sin∠C is ()",
    "unanswerable_subject": "如图,AB是半圆的直径,点O是圆心,点C是AB延长线的一点,CD与半圆相切于点D．若AB=6,则sin∠C的值为()",
    "unanswerable_eng_subject": "As shown in the figure, AB is the diameter of the semicircle, point O is the center of the circle, point C is a point on the extended line of AB, and CD is tangent to the semicircle at point D. If AB = 6.0, then the value of sin∠C is ()",
    "choices": [
        "\\frac{3}{4}",
        "\\frac{3}{5}",
        "\\frac{4}{5}",
        "\\frac{2}{3}"
    ],
    "label": 1,
    "formal_point": [
        "切线",
        "三角函数",
        "直角三角形",
        "勾股定理"
    ],
    "answer": "解:连接OD,∵AB是半圆的直径,AB=6,∴OD=3,∵CD与半圆相切于点D,∴∠CDO=90°,∵CD=4,∴OC=√{CD^{2}+OD^{2}}=5,∴sin∠C=\\frac{OD}{OC}=\\frac{3}{5},故选:B．",
    "numbers": [
        6.0,
        4.0
    ]
}