{
    "id": 235,
    "subject": "(4分)如图,直线a∥b,直线c分别与a,b相交,∠1=50°,则∠2的度数为()",
    "eng_subject": "As shown in the figure, the line a ∥ b and they intersect the line c at a and b respectively, ∠1 = 50.0, then the degree of ∠2 is ()",
    "unanswerable_subject": "(4分)如图,直线c分别与a,b相交,∠1=50°,则∠2的度数为()",
    "unanswerable_eng_subject": "As shown in the figure, the line a and b intersect the line c, ∠1 = 50.0, then the degree of ∠2 is ()",
    "choices": [
        "150°",
        "130°",
        "100°",
        "50°"
    ],
    "label": 1,
    "formal_point": [
        "平行线"
    ],
    "answer": "试题分析:如图所示,∵a//b,∠1=50°,∴∠3=∠1=50°,∵∠2+∠3=180°,∴∠2=130°.故选B.",
    "numbers": [
        50.0
    ]
}