{
    "question": "A food industry researcher compiled the revenues of several pizzerias. Which restaurant made the least from cheese pizza sales?",
    "choices": [
        "New York Slice",
        "Pizzeria Italiano",
        "Arnold's Pizzeria"
    ],
    "answer": "Pizzeria Italiano",
    "unit": null,
    "table_title": "Pizza sales",
    "table": "Restaurant | Cheese pizzas | Pepperoni pizzas\nPizzeria Italiano | $6 | $19\nNew York Slice | $10 | $8\nArnold's Pizzeria | $10 | $9",
    "table_for_pd": {
        "Restaurant": [
            "Pizzeria Italiano",
            "New York Slice",
            "Arnold's Pizzeria"
        ],
        "Cheese pizzas": [
            "$6",
            "$10",
            "$10"
        ],
        "Pepperoni pizzas": [
            "$19",
            "$8",
            "$9"
        ]
    },
    "row_num": 4,
    "column_num": 3,
    "solution": "Look at the numbers in the Cheese pizzas column. Find the least number in this column.\n\nThe least number is $6.00, which is in the Pizzeria Italiano row. Pizzeria Italiano made the least from cheese pizza sales.",
    "ques_type": "multi_choice",
    "ans_type": "extractive_text",
    "grade": 4,
    "split": "test"
}