{
    "id": 979,
    "subject": "如图,在△ABC中,∠ABC=120°,若DE、FG分别垂直平分AB、BC,那么∠EBF的度数为()",
    "eng_subject": "As shown in the figure, in △ABC, ∠ABC = 120.0, if DE and FG bisect AB and BC perpendicularly, then the degree of ∠EBF is ()",
    "unanswerable_subject": "如图,在△ABC中,∠ABC=120°,若DE、FG分别垂直AB、BC,那么∠EBF的度数为()",
    "unanswerable_eng_subject": "As shown in the figure, in △ABC, ∠ABC = 120.0, if DE and FG are perpendicular to AB and BC, respectively, then the degree of ∠EBF is ()",
    "choices": [
        "30°",
        "45°",
        "60°",
        "75°"
    ],
    "label": 2,
    "formal_point": [
        "垂直平分线",
        "等腰三角形"
    ],
    "answer": "解:∵DE、FG分别垂直平分AB、BC,∴AE=BE,BF=CF,∴∠A=∠ABE,∠C=∠CBF,∵∠A+∠C+∠ABC=180°,∠ABC=120°,∴∠A+∠C=60°∴∠ABE+∠CBF=60°∴∠EBF=120°60°=60°,故选C.",
    "numbers": [
        120.0
    ]
}