{
    "id": 2161,
    "subject": "如图一个扇形铁皮OAB,已知OA=30cm,∠AOB=120°,工人师傅将OA、OB合拢制成了一个圆锥形的烟囱帽(接缝忽略不计),则烟囱帽的底面圆的半径为()",
    "eng_subject": "As shown in a sector iron sheet OAB, it is known that OA = 30.0, ∠AOB = 120.0, the worker master combines OA and OB to form a conical chimney cap (the joints are ignored), then the radius of the bottom circle of the chimney cap is ()",
    "unanswerable_subject": "如图一个扇形铁皮OAB,已知∠AOB=120°,工人师傅将OA、OB合拢制成了一个圆锥形的烟囱帽(接缝忽略不计),则烟囱帽的底面圆的半径为()",
    "unanswerable_eng_subject": "As shown in a sector iron sheet OAB, it is known that ∠AOB = 120.0, the worker master combines OA and OB to form a conical chimney cap (the joints are ignored), then the radius of the bottom circle of the chimney cap is ()",
    "choices": [
        "5cm",
        "12cm",
        "10cm",
        "15cm"
    ],
    "label": 2,
    "formal_point": [
        "圆锥的计算"
    ],
    "answer": "解:扇形的弧长是:\\frac{120π×30}{180}=20πcm,设底面半径是r,则2πr=20π,解得:r=10．故选:C．",
    "numbers": [
        30.0,
        120.0
    ]
}