{
    "id": 1632,
    "subject": "如图,直线l∥m∥n,三角形ABC的顶点B,C分别在直线n和m上,边BC与直线n所夹的角为25°,且∠ACB=60°,则∠a的度数为()",
    "eng_subject": "As shown in the figure, the line l ∥ m ∥ n, the vertices B and C of the triangle ABC are on the line n and line m, the angle between BC and the line n is 25.0, and ∠ACB = 60.0, then the degree of ∠a is ()",
    "unanswerable_subject": "如图,直线m∥n,三角形ABC的顶点B,C分别在直线n和m上,边BC与直线n所夹的角为25°,且∠ACB=60°,则∠a的度数为()",
    "unanswerable_eng_subject": "As shown in the figure, the line m ∥ n, the vertices B and C of the triangle ABC are on the line n and line m, the angle between BC and the line n is 25.0, and ∠ACB = 60.0, then the degree of ∠a is ()",
    "choices": [
        "25°",
        "30°",
        "35°",
        "45°"
    ],
    "label": 2,
    "formal_point": [
        "平行线",
        "同位角",
        "内错角"
    ],
    "answer": "如图,∵I||m||n,∴∠a=∠1,∠2=25°∵∠ACB=∠a+∠2=60°∴∠a=60°-25°=35°故选C.",
    "numbers": [
        25.0,
        60.0
    ]
}