{
    "question": "Marshall has $109. Does he have enough to buy a video game and a trampoline?",
    "choices": [
        "yes",
        "no"
    ],
    "answer": "yes",
    "unit": null,
    "table_title": null,
    "table": "teddy bear | $20\ntrampoline | $62\nboomerang | $10\nvideo game | $44\ntrivia game | $40",
    "table_for_pd": {
        "Column 1": [
            "teddy bear",
            "trampoline",
            "boomerang",
            "video game",
            "trivia game"
        ],
        "Column 2": [
            "$20",
            "$62",
            "$10",
            "$44",
            "$40"
        ]
    },
    "row_num": 5,
    "column_num": 2,
    "solution": "Add the price of a video game and the price of a trampoline:\n\n$44 + $62 = $106\n\n$106 is less than $109. Marshall does have enough money.",
    "ques_type": "multi_choice",
    "ans_type": "boolean_text",
    "grade": 7,
    "split": "test"
}