{
    "id": 4652,
    "subject": "如图,直线a∥b∥c,直线m、n与a、b、c分别交于点A、C、E和B、D、F,若AC=4,AE=10,BF=\\frac{15}{2},则DF的长为()",
    "eng_subject": "As shown in the figure, the straight line a ∥ b ∥ c, the straight line, n and a, b, c intersect at the points A, C, E and B, D, F respectively, if AC = 4.0, AE = 10.0, BF =\\frac{15.0}{2.0}, then the length of DF is ()",
    "unanswerable_subject": "如图,直线a∥b∥c,直线m、n与a、b、c分别交于点A、C、E和B、D、F,若AC=4,BF=\\frac{15}{2},则DF的长为()",
    "unanswerable_eng_subject": "As shown in the figure, the straight line a ∥ b ∥ c, the straight line, n and a, b, c intersect at the points A, C, E and B, D, F respectively, if AC = 4.0, BF =\\frac{15.0}{2.0}, then the length of DF is ()",
    "choices": [
        "\\frac{9}{2}",
        "10",
        "3",
        "\\frac{7}{2}"
    ],
    "label": 0,
    "formal_point": [
        "平行线",
        "平行线分线段成比例"
    ],
    "answer": "解:∵AC=4,AE=10,∴CE=6,∵直线a∥b∥c,∴\\frac{AE}{CE}=\\frac{BF}{DF},即\\frac{10}{6}=\\frac{\\frac{15}{2}}{DF},∴DF=\\frac{9}{2},故选:A．",
    "numbers": [
        4.0,
        10.0,
        15.0,
        2.0
    ]
}