{
    "question": "Jim has $112. Does he have enough to buy a leaf blower and a wooden bench?",
    "choices": [
        "yes",
        "no"
    ],
    "answer": "yes",
    "unit": null,
    "table_title": null,
    "table": "lawn mower | $35\nleaf blower | $66\nwooden bench | $40\niron bench | $82\nbeach umbrella | $90",
    "table_for_pd": {
        "Column 1": [
            "lawn mower",
            "leaf blower",
            "wooden bench",
            "iron bench",
            "beach umbrella"
        ],
        "Column 2": [
            "$35",
            "$66",
            "$40",
            "$82",
            "$90"
        ]
    },
    "row_num": 5,
    "column_num": 2,
    "solution": "Add the price of a leaf blower and the price of a wooden bench:\n\n$66 + $40 = $106\n\n$106 is less than $112. Jim does have enough money.",
    "ques_type": "multi_choice",
    "ans_type": "boolean_text",
    "grade": 3,
    "split": "test"
}