{
    "question": "Look at the table. Then answer the question. At a price of $1,035, is there a shortage or a surplus?",
    "choices": [
        "shortage",
        "surplus"
    ],
    "answer": "surplus",
    "unit": null,
    "table_title": null,
    "table": "Price | Quantity demanded | Quantity supplied\n$715 | 19,700 | 14,900\n$795 | 15,200 | 16,700\n$875 | 10,700 | 18,500\n$955 | 6,200 | 20,300\n$1,035 | 1,700 | 22,100",
    "table_for_pd": {
        "Price": [
            "$715",
            "$795",
            "$875",
            "$955",
            "$1,035"
        ],
        "Quantity demanded": [
            "19,700",
            "15,200",
            "10,700",
            "6,200",
            "1,700"
        ],
        "Quantity supplied": [
            "14,900",
            "16,700",
            "18,500",
            "20,300",
            "22,100"
        ]
    },
    "row_num": 6,
    "column_num": 3,
    "solution": "At the price of $1,035, the quantity demanded is less than the quantity supplied. There is too much of the good or service for sale at that price. So, there is a surplus.\n",
    "ques_type": "multi_choice",
    "ans_type": "boolean_text",
    "grade": 5,
    "split": "test"
}