{
    "id": 4111,
    "subject": "如图,AB为⊙O的切线,A为切点,BO的延长线交⊙O于点C,∠OAC=35°,则∠B的度数是()",
    "eng_subject": "As shown in the figure, AB is the tangent of ⊙O, A is the tangent point, the extended line of BO intersects ⊙O at point C, ∠OAC = 35.0, then the degree of ∠B is ()",
    "unanswerable_subject": "如图,BO的延长线交⊙O于点C,∠OAC=35°,则∠B的度数是()",
    "unanswerable_eng_subject": "As shown in the figure, the extended line of BO intersects ⊙O at point C, ∠OAC = 35.0, then the degree of ∠B is ()",
    "choices": [
        "15°",
        "20°",
        "25°",
        "35°"
    ],
    "label": 1,
    "formal_point": [
        "切线"
    ],
    "answer": "解:∵AB为⊙O的切线,∴OA⊥AB,∴∠BAO=90°,∵OA=OC,∴∠C=∠OAC=35°,∴∠B=180°-∠C-∠BAC=180°-35°-35°-90°=20°．故选:B．",
    "numbers": [
        35.0
    ]
}