{
    "id": 5251,
    "subject": "如图,C,D是线段AB上两点,若CB=4cm,DB=7cm,且D是AC的中点,则AB的长等于()",
    "eng_subject": "As shown in the figure, C and D are two points on the line segment AB. If CB = 4.0, DB = 7.0, and D is the midpoint of AC, then the length of AB is equal to ()",
    "unanswerable_subject": "如图,C,D是线段AB上两点,若CB=4cm,DB=7cm,则AB的长等于()",
    "unanswerable_eng_subject": "As shown in the figure, C and D are two points on the line segment AB. If CB = 4.0, DB = 7.0, then the length of AB is equal to ()",
    "choices": [
        "6cm",
        "7cm",
        "10cm",
        "11cm"
    ],
    "label": 2,
    "formal_point": [
        "距离"
    ],
    "answer": "【解答】解:∵CB=4cm,DB=7cm,∴CD=7-4=3(cm)；∵D是AC的中点,∴AD=CD=3cm,∴AB=AD+DB=3+7=10(cm)．",
    "numbers": [
        4.0,
        7.0
    ]
}