{
    "question": "Kenneth has $1,614.00. Does he have enough to buy a surfing adventure package and a camping adventure package?",
    "choices": [
        "yes",
        "no"
    ],
    "answer": "yes",
    "unit": null,
    "table_title": null,
    "table": "deep-sea fishing package | $987.00\nsurfing adventure package | $904.00\nsailing trip package | $744.00\ncamping adventure package | $641.00\nparachuting adventure package | $738.00\nwhale-watching adventure package | $608.00",
    "table_for_pd": {
        "Column 1": [
            "deep-sea fishing package",
            "surfing adventure package",
            "sailing trip package",
            "camping adventure package",
            "parachuting adventure package",
            "whale-watching adventure package"
        ],
        "Column 2": [
            "$987.00",
            "$904.00",
            "$744.00",
            "$641.00",
            "$738.00",
            "$608.00"
        ]
    },
    "row_num": 6,
    "column_num": 2,
    "solution": "Add the price of a surfing adventure package and the price of a camping adventure package:\n\n$904.00 + $641.00 = $1,545.00\n\n$1,545.00 is less than $1,614.00. Kenneth does have enough money.",
    "ques_type": "multi_choice",
    "ans_type": "boolean_text",
    "grade": 4,
    "split": "test"
}