{
    "question": "The houses in Krysta's town get their water from a local reservoir. Krysta and a group of engineers monitor the water level for safety and health reasons. The change in water level over two months is shown in the table. During which month did the water level change more?",
    "choices": [
        "April",
        "May"
    ],
    "answer": "April",
    "unit": null,
    "table_title": null,
    "table": "Month | Change in water level (in.)\nApril | -6\nMay | 4",
    "table_for_pd": {
        "Month": [
            "April",
            "May"
        ],
        "Change in water level (in.)": [
            "-6",
            "4"
        ]
    },
    "row_num": 3,
    "column_num": 2,
    "solution": "A positive change means the water level went up. A negative change means the water level went down.\nTo find the month the water level changed more, use absolute value. Absolute value tells you how much the water level changed each month.\nApril: |-6| = 6\nMay: |4| = 4\nThe water level went down 6 inches in April, and it only went up 4 inches in May. The water level changed more in April.",
    "ques_type": "multi_choice",
    "ans_type": "extractive_text",
    "grade": 6,
    "split": "test"
}