{
    "question": "Lorenzo has $13.50. Does he have enough to buy a toy guitar and a set of juggling balls?",
    "choices": [
        "yes",
        "no"
    ],
    "answer": "yes",
    "unit": null,
    "table_title": null,
    "table": "toy boat | $5.54\ntoy guitar | $8.23\nset of juggling balls | $5.01\ntrivia game | $8.18\njigsaw puzzle | $5.30\ntoy dinosaur | $3.00",
    "table_for_pd": {
        "Column 1": [
            "toy boat",
            "toy guitar",
            "set of juggling balls",
            "trivia game",
            "jigsaw puzzle",
            "toy dinosaur"
        ],
        "Column 2": [
            "$5.54",
            "$8.23",
            "$5.01",
            "$8.18",
            "$5.30",
            "$3.00"
        ]
    },
    "row_num": 6,
    "column_num": 2,
    "solution": "Add the price of a toy guitar and the price of a set of juggling balls:\n\n$8.23 + $5.01 = $13.24\n\n$13.24 is less than $13.50. Lorenzo does have enough money.",
    "ques_type": "multi_choice",
    "ans_type": "boolean_text",
    "grade": 8,
    "split": "test"
}