{
    "question": "Maya has $34.00. Does she have enough to buy a coloring book and a textbook?",
    "choices": [
        "yes",
        "no"
    ],
    "answer": "yes",
    "unit": null,
    "table_title": null,
    "table": "geography book | $23.00\ntextbook | $18.00\ncoloring book | $14.00\nhistory book | $13.00\nmystery novel | $16.00",
    "table_for_pd": {
        "Column 1": [
            "geography book",
            "textbook",
            "coloring book",
            "history book",
            "mystery novel"
        ],
        "Column 2": [
            "$23.00",
            "$18.00",
            "$14.00",
            "$13.00",
            "$16.00"
        ]
    },
    "row_num": 5,
    "column_num": 2,
    "solution": "Add the price of a coloring book and the price of a textbook:\n\n$14.00 + $18.00 = $32.00\n\n$32.00 is less than $34.00. Maya does have enough money.",
    "ques_type": "multi_choice",
    "ans_type": "boolean_text",
    "grade": 3,
    "split": "test"
}