{
    "id": 5781,
    "subject": "如图,在△ABC中,过顶点A的直线DE∥BC,∠ABC、∠ACB的平分线分别交DE于点E、D,若AC=3,AB=4,则DE的长为()",
    "eng_subject": "As shown in the figure, in △ABC, the straight line DE ∥BC, ∠ABC, ∠ACB passing through the vertex A intersects DE at points E and D, respectively. If AC = 3.0, AB = 4.0, then the length of DE is ()",
    "unanswerable_subject": "如图,在△ABC中,过顶点A的直线DE∥BC,∠ABC、∠ACB的平分线分别交DE于点E、D,若AC=3,则DE的长为()",
    "unanswerable_eng_subject": "As shown in the figure, in △ABC, the straight line DE ∥BC, ∠ABC, ∠ACB passing through the vertex A intersects DE at points E and D, respectively. If AC = 3.0, then the length of DE is ()",
    "choices": [
        "6",
        "7",
        "8",
        "9"
    ],
    "label": 1,
    "formal_point": [
        "勾股定理",
        "等腰三角形",
        "平行线"
    ],
    "answer": "解:由分析得:∠EBC=∠ABE,∠ACD=∠DCB；根据平行线的性质得:∠DCB=∠CDE,∠EBC=∠BED；所以∠ADC=∠ACD,∠ABE=∠AEB,则AD=AC,AB=AE；所以DE=AD+AE=AB+AC=3+4=7；故选:B．",
    "numbers": [
        3.0,
        4.0
    ]
}