{
    "id": 4770,
    "subject": "如图,在△ABC中,点D、E分别在边AB、AC上,DE∥BC,且AE=1,AC=5,AB=6,则AD的长是()",
    "eng_subject": "As shown in the figure, in △ABC, points D and E are on edges AB and AC respectively, DE ∥ BC, and AE = 1.0, AC = 5.0, AB = 6.0, then the length of AD is ()",
    "unanswerable_subject": "如图,在△ABC中,点D、E分别在边AB、AC上,DE∥BC,且AE=1,AC=5,则AD的长是()",
    "unanswerable_eng_subject": "As shown in the figure, in △ABC, points D and E are on edges AB and AC respectively, DE ∥ BC, and AE = 1.0, AC = 5.0, then the length of AD is ()",
    "choices": [
        "1",
        "1.2",
        "2",
        "2.5"
    ],
    "label": 1,
    "formal_point": [
        "平行线",
        "平行线分线段成比例"
    ],
    "answer": "解:∵DE∥BC,∴\\frac{AE}{AC}=\\frac{AD}{AB},∵AE=1,AC=5,AB=6,∴\\frac{1}{5}=\\frac{AD}{6},解得:AD=\\frac{6}{5}．故选:B．",
    "numbers": [
        1.0,
        5.0,
        6.0
    ]
}