{
    "id": 150,
    "subject": "如图,△ABC中,AB=AC,∠A=36°,AB的垂直平分线DE交AC于D,交AB于E,则∠BDC的度数为()",
    "eng_subject": "As shown in the figure, in △ABC, AB = AC, ∠A = 36.0, the perpendicular bisector of AB intersects AC at D, and intersects AB at E, then the degree of ∠BDC is ()",
    "unanswerable_subject": "如图,△ABC中,∠A=36°,AB的垂直平分线DE交AC于D,交AB于E,则∠BDC的度数为()",
    "unanswerable_eng_subject": "As shown in the figure, in △ABC, ∠A = 36.0, the perpendicular bisector of AB intersects AC at D, and intersects AB at E, then the degree of ∠BDC is ()",
    "choices": [
        "72°",
        "36°",
        "60°",
        "82°"
    ],
    "label": 0,
    "formal_point": [
        "垂直平分线",
        "等腰三角形"
    ],
    "answer": "试题分析:∵AB=AC,∠A=36°,∴∠ABC=∠C=\\frac{180^{°}-∠A}}{2}=\\frac{180^{°}-36^{°}}{2}=72^{°}∵DE垂直平分AB,∴∠A=∠ABD=36°,∴∠BDC=∠A+∠ABD=36^{°}+36^{°}=72^{°}.故选A.",
    "numbers": [
        36.0
    ]
}