{
    "question": "Duncan has $8.25. Does he have enough to buy a book about cars and a book about trains?",
    "choices": [
        "yes",
        "no"
    ],
    "answer": "no",
    "unit": null,
    "table_title": null,
    "table": "book about cars | $1.68\nbook about art | $5.88\nbook about trains | $6.71\nbook about dinosaurs | $7.34",
    "table_for_pd": {
        "Column 1": [
            "book about cars",
            "book about art",
            "book about trains",
            "book about dinosaurs"
        ],
        "Column 2": [
            "$1.68",
            "$5.88",
            "$6.71",
            "$7.34"
        ]
    },
    "row_num": 4,
    "column_num": 2,
    "solution": "Add the price of a book about cars and the price of a book about trains:\n\n$1.68 + $6.71 = $8.39\n\n$8.39 is more than $8.25. Duncan does not have enough money.",
    "ques_type": "multi_choice",
    "ans_type": "boolean_text",
    "grade": 8,
    "split": "test"
}