{
    "id": 5763,
    "subject": "如图,在平行四边形ABCD中,点E是AB边上一点,连接DE、CE．若DE、CE分别是∠ADC、∠BCD的角平分线,且AB=4,则平行四边形ABCD的周长为()",
    "eng_subject": "As shown in the figure, in the parallelogram ABCD, point E is a point on AB. Connect DE and CE. If DE and CE are the angular bisectors of ∠ADC and ∠BCD, and AB = 4.0, then the perimeter of the parallelogram ABCD is ()",
    "unanswerable_subject": "如图,在平行四边形ABCD中,点E是AB边上一点,连接DE、CE．若DE是∠ADC的角平分线,且AB=4,则平行四边形ABCD的周长为()",
    "unanswerable_eng_subject": "As shown in the figure, in the parallelogram ABCD, point E is a point on AB. Connect DE and CE. If DE is the angular bisector of ∠ADC, and AB = 4.0, then the perimeter of the parallelogram ABCD is ()",
    "choices": [
        "10",
        "8√{2}",
        "5√{5}",
        "12"
    ],
    "label": 3,
    "formal_point": [
        "角平分线",
        "平行四边形",
        "等腰三角形"
    ],
    "answer": "解:∵DE、CE分别是∠ADC、∠BCD的平分线,∴∠ADE=∠CDE,∠DCE=∠BCE,∵四边形ABCD是平行四边形,∴AB∥DC,AD=BC,CD=AB=4,∴∠CDE=∠DEA,∠DCE=∠CEB,∴∠ADE=∠AED,∠BCE=∠CEB,∴AD=AE,BE=BC,∴AD+BC=AE+BE=AB=4,∴平行四边形ABCD的周长=2(AB+AD)=3AB=12；故选:D．",
    "numbers": [
        4.0
    ]
}