{
    "id": 3896,
    "subject": "⊙O是半径为1的圆,点O到直线L的距离为3,过直线L上的任一点P作⊙O的切线,切点为Q；若以PQ为边作正方形PQRS,则正方形PQRS的面积最小为()",
    "eng_subject": "⊙O is a circle with a radius of 1.0, the distance from point O to line L is 3.0, draw a tangent of ⊙O through any point P on the straight line L , and the tangent point is Q; if PQ is taken as the edge to make the square PQRS, then the minimum area of the square PQRS is ()",
    "unanswerable_subject": "⊙O是半径为1的圆,过直线L上的任一点P作⊙O的切线,切点为Q；若以PQ为边作正方形PQRS,则正方形PQRS的面积最小为()",
    "unanswerable_eng_subject": "⊙O is a circle with a radius of 1.0, draw a tangent of ⊙O through any point P on the straight line L , and the tangent point is Q; if PQ is taken as the edge to make the square PQRS, then the minimum area of the square PQRS is ()",
    "choices": [
        "7",
        "8",
        "9",
        "10"
    ],
    "label": 1,
    "formal_point": [
        "切线",
        "直角三角形",
        "正方形",
        "距离"
    ],
    "answer": "解:连结OQ、OP,作OH⊥l于H,如图,则OH=3,∵PQ为⊙O的切线,∴OQ⊥PQ,在Rt△POQ中,PQ=√{0P^{2}-0Q^{2}}=√{0P^{2}-1},当OP最小时,PQ最小,正方形PQRS的面积最小,而当OP=OH=3时,OP最小,所以PQ的最小值为√{3^{2}-1}=2√{2},所以正方形PQRS的面积最小值为8．故选:B．",
    "numbers": [
        1.0,
        3.0
    ]
}