{
    "id": 520,
    "subject": "如图,平行线a、b被直线c所截,若∠1=50°,则∠2的度数是()",
    "eng_subject": "As shown in the figure, the parallel lines a and b are intercepted by the straight line c. If ∠1 = 50.0, then the degree of ∠2 is ()",
    "unanswerable_subject": "如图,直线a、b被直线c所截,若∠1=50°,则∠2的度数是()",
    "unanswerable_eng_subject": "As shown in the figure, the lines a and b are intercepted by the straight line c. If ∠1 = 50.0, then the degree of ∠2 is ()",
    "choices": [
        "150°",
        "130°",
        "110°",
        "100°"
    ],
    "label": 1,
    "formal_point": [
        "平行线"
    ],
    "answer": "∵直线a//b,∠1=50°,∴∠3=∠1=50°,∴∠2=180^{°}-∠3=180^{°}-50^{°}=130°故选B.",
    "numbers": [
        50.0
    ]
}