{
    "question": "For the annual class picnic, each student voted for his or her favorite meal. Did fewer fifth graders choose turkey sandwiches or egg salad for their lunch?",
    "choices": [
        "egg salad",
        "turkey sandwiches"
    ],
    "answer": "turkey sandwiches",
    "unit": null,
    "table_title": "Lunch choices",
    "table": "Lunch | Fourth graders | Fifth graders\nTurkey sandwiches | 6 | 9\nHot dogs | 9 | 10\nEgg salad | 13 | 10\nSpaghetti | 20 | 13",
    "table_for_pd": {
        "Lunch": [
            "Turkey sandwiches",
            "Hot dogs",
            "Egg salad",
            "Spaghetti"
        ],
        "Fourth graders": [
            "6",
            "9",
            "13",
            "20"
        ],
        "Fifth graders": [
            "9",
            "10",
            "10",
            "13"
        ]
    },
    "row_num": 5,
    "column_num": 3,
    "solution": "Find the Fifth graders column. Compare the numbers in this column for turkey sandwiches and egg salad.\n\n9 is less than 10. Fewer fifth graders chose turkey sandwiches.",
    "ques_type": "multi_choice",
    "ans_type": "extractive_text",
    "grade": 5,
    "split": "test"
}