{
    "id": 8523,
    "subject": "如图,四边形ABCD中,AB=AC=AD,∠CBD=23°,则∠CAD为()",
    "eng_subject": "As shown in the figure, in the quadrilateral ABCD, AB = AC = AD, ∠CBD = 23.0, then ∠CAD is ()",
    "unanswerable_subject": "如图,四边形ABCD中,AB=AC,∠CBD=23°,则∠CAD为()",
    "unanswerable_eng_subject": "As shown in the figure, in the quadrilateral ABCD, AB = AC, ∠CBD = 23.0, then ∠CAD is ()",
    "choices": [
        "47°",
        "46°",
        "45°",
        "44°"
    ],
    "label": 1,
    "formal_point": [
        "圆周角",
        "圆心角"
    ],
    "answer": "解:∵四边形ABCD中,AB=AC=AD,∴B、C、D三点在以A为圆心,AD为半径的圆上．∵∠CBD=23°,∴∠CAD=2∠CBD=46°．故选:B．",
    "numbers": [
        23.0
    ]
}