{
    "id": 907,
    "subject": "如图,已知PA、PB是⊙O的切线,A、B为切点,AC是⊙O的直径,∠P=40°,则∠BAC的度数是()",
    "eng_subject": "As shown in the figure, it is known that PA and PB are the tangents of ⊙O, A and B are the tangent points, AC is the diameter of ⊙O, ∠P = 40.0, then the degree of ∠BAC is ()",
    "unanswerable_subject": "如图,已知PA是⊙O的切线,A为切点,AC是⊙O的直径,∠P=40°,则∠BAC的度数是()",
    "unanswerable_eng_subject": "As shown in the figure, it is known that PA is the tangent of ⊙O, A is the tangent point, AC is the diameter of ⊙O, ∠P = 40.0, then the degree of ∠BAC is ()",
    "choices": [
        "10°",
        "20°",
        "30°",
        "40°"
    ],
    "label": 1,
    "formal_point": [
        "切线",
        "圆周角"
    ],
    "answer": "解:连接BC,OB,AC是直径,则∠ABC=90°PA、PB是⊙O的切线,A、B为切点,则∠OAP=∠OBP=90°,∴∠AOB=180°-∠P=140°由圆周角定理知,∠C=\\frac{1}{2}∠AOB=70^{°},∴∠BAC=90°-∠C=20°.故选B.",
    "numbers": [
        40.0
    ]
}