{
    "id": 1092,
    "subject": "如图,AB是⊙O的直径,点C,D在⊙O上．若∠ABD=50°,则∠BCD的度数为()",
    "eng_subject": "As shown in the figure, AB is the diameter of ⊙O, and points C and D are on ⊙O. If ∠ABD = 50.0, then the degree of ∠BCD is ()",
    "unanswerable_subject": "如图,AB是⊙O的直径,点C在⊙O上．若∠ABD=50°,则∠BCD的度数为()",
    "unanswerable_eng_subject": "As shown in the figure, AB is the diameter of ⊙O, and point C is on ⊙O. If ∠ABD = 50.0, then the degree of ∠BCD is ()",
    "choices": [
        "30°",
        "35°",
        "40°",
        "45°"
    ],
    "label": 2,
    "formal_point": [
        "圆周角"
    ],
    "answer": "连接AD,∵AB是⊙O的直径,∴∠ADB=90°.∠ABD=50°∴∠∠DAB=90^{°}-50^{°}=40^{°}∴∠BCD=∠DAB=40°.故选C.",
    "numbers": [
        50.0
    ]
}