{
    "question": "A stock broker followed the stock prices of a certain set of companies. On Wednesday, which company's stock cost the least?",
    "choices": [
        "Jonas Incorporated",
        "Watson and Partners",
        "White and Company"
    ],
    "answer": "Watson and Partners",
    "unit": null,
    "table_title": "Stock prices",
    "table": "Company | Tuesday | Wednesday\nWhite and Company | $18 | $17\nJonas Incorporated | $9 | $18\nWatson and Partners | $18 | $2",
    "table_for_pd": {
        "Company": [
            "White and Company",
            "Jonas Incorporated",
            "Watson and Partners"
        ],
        "Tuesday": [
            "$18",
            "$9",
            "$18"
        ],
        "Wednesday": [
            "$17",
            "$18",
            "$2"
        ]
    },
    "row_num": 4,
    "column_num": 3,
    "solution": "Look at the numbers in the Wednesday column. Find the least number in this column.\n\nThe least number is $2.00, which is in the Watson and Partners row. On Wednesday, Watson and Partners's stock cost the least.",
    "ques_type": "multi_choice",
    "ans_type": "extractive_text",
    "grade": 5,
    "split": "test"
}