{
    "id": 9482,
    "subject": "如图,线段AB过圆心O,交⊙O于点A、C,∠B=30°,直线BD与⊙O切于点D,则∠ADB的度数是()",
    "eng_subject": "As shown in the figure, the line segment AB crosses the center O, intersects ⊙O at points A and C, ∠B = 30.0, and the straight line BD and ⊙O tangent to point D, then the degree of ∠ADB is ()",
    "unanswerable_subject": "如图,线段AB过圆心O,交⊙O于点A、C,∠B=30°,则∠ADB的度数是()",
    "unanswerable_eng_subject": "As shown in the figure, the line segment AB crosses the center O, intersects ⊙O at points A and C, ∠B = 30.0, then the degree of ∠ADB is ()",
    "choices": [
        "150°",
        "135°",
        "120°",
        "100°"
    ],
    "label": 2,
    "formal_point": [
        "切线",
        "圆周角"
    ],
    "answer": "解:连接OD,∵BD切⊙O于D,∴∠ODB=90°,∵∠B=30°,∴∠DOB=60°,∴∠A=\\frac{1}{2}∠DOB=30°,∴∠ADB=180°-∠B-∠A=180°-30°-30°=120°,故选:C．",
    "numbers": [
        30.0
    ]
}