{
    "id": 9459,
    "subject": "如图,平行四边形ABCD中,对角线AC和BD交于O点,过O点作OE∥BC交DC于点E,若OE=2.5,则AD的长是()",
    "eng_subject": "As shown in the figure, in the parallelogram ABCD, the diagonal AC and BD intersect at point O, and cross O point to draw OE ∥ BC and it intersects DC at point E. If OE = 2.5, then the length of AD is ()",
    "unanswerable_subject": "如图,ABCD中,对角线AC和BD交于O点,过O点作OE∥BC交DC于点E,若OE=2.5,则AD的长是()",
    "unanswerable_eng_subject": "As shown in the figure, in ABCD, the diagonal AC and BD intersect at point O, and cross O point to draw OE ∥ BC and it intersects DC at point E. If OE = 2.5, then the length of AD is ()",
    "choices": [
        "2.5",
        "5",
        "10",
        "15"
    ],
    "label": 1,
    "formal_point": [
        "平行四边形",
        "平行线",
        "三角形中位线"
    ],
    "answer": "解:∵四边形ABCD是平行四边形,∴AD=BC,DO=BO,∵OE∥BC,∴DE=CE,∴BC=2OE=2×2.5=5,∴AD=5,故选:B．",
    "numbers": [
        2.5
    ]
}