{
    "id": 8847,
    "subject": "已知:如图,⊙O中直径AB垂直于弦CD,垂足为E,若AB=10,CD=6,则BE的长是()",
    "eng_subject": "It is known that: as shown in the figure, the diameter AB of ⊙O is perpendicular to the chord CD, and the foot of perpendicular is E. If AB = 10.0, CD = 6.0, then the length of BE is ()",
    "unanswerable_subject": "已知:如图,⊙O中直径AB垂直于弦CD,垂足为E,若AB=10,则BE的长是()",
    "unanswerable_eng_subject": "It is known that: as shown in the figure, the diameter AB of ⊙O is perpendicular to the chord CD, and the foot of perpendicular is E. If AB = 10.0, then the length of BE is ()",
    "choices": [
        "1",
        "2",
        "3",
        "4"
    ],
    "label": 0,
    "formal_point": [
        "勾股定理",
        "直角三角形",
        "垂径定理"
    ],
    "answer": "解:如图,连接OC,∵AB=10,∴半径OC=10÷2=5,∵CD=6,∴CE=6÷2=3,根据勾股定理OE=√{OC²-CE²}=√{5²-3²}=4,∴BE=5-4=1．故选:A．",
    "numbers": [
        10.0,
        6.0
    ]
}