{
    "question": "Monica has $1.50. Does she have enough to buy a comb and a bottle of nail polish?",
    "choices": [
        "yes",
        "no"
    ],
    "answer": "no",
    "unit": null,
    "table_title": null,
    "table": "box of tissues | $0.93\nhair tie | $0.99\nbar of soap | $0.59\nbottle of nail polish | $0.99\ncomb | $0.85",
    "table_for_pd": {
        "Column 1": [
            "box of tissues",
            "hair tie",
            "bar of soap",
            "bottle of nail polish",
            "comb"
        ],
        "Column 2": [
            "$0.93",
            "$0.99",
            "$0.59",
            "$0.99",
            "$0.85"
        ]
    },
    "row_num": 5,
    "column_num": 2,
    "solution": "Add the price of a comb and the price of a bottle of nail polish:\n\n$0.85 + $0.99 = $1.84\n\n$1.84 is more than $1.50. Monica does not have enough money.",
    "ques_type": "multi_choice",
    "ans_type": "boolean_text",
    "grade": 8,
    "split": "test"
}