{
    "id": 1716,
    "subject": "如图,A,B,C是⊙O上三点,∠ACB=25°,则∠BAO的度数是()",
    "eng_subject": "As shown in the figure, A, B, C are three points on ⊙O, ∠ACB = 25.0, then the degree of ∠BAO is ()",
    "unanswerable_subject": "如图,A,B是⊙O上三点,∠ACB=25°,则∠BAO的度数是()",
    "unanswerable_eng_subject": "As shown in the figure, A, B are three points on ⊙O, ∠ACB = 25.0, then the degree of ∠BAO is ()",
    "choices": [
        "50°",
        "55°",
        "60°",
        "65°"
    ],
    "label": 3,
    "formal_point": [
        "圆周角",
        "等腰三角形"
    ],
    "answer": "解:连接OB,∵∠ACB=25°,,∴∠AOB=2∠ACB=50°,,∵OA=OB,,∴∠OAB=∠OBA=\\frac{180^{°}-∠AOB}{2}=65°．,故选:D．",
    "numbers": [
        25.0
    ]
}