{
    "question": "Look at the following schedule. When does the snowboarding event begin?",
    "choices": [
        "7:25 P.M.",
        "4:35 P.M.",
        "11:20 A.M.",
        "5:40 P.M."
    ],
    "answer": "7:25 P.M.",
    "unit": null,
    "table_title": "Winter Olympics schedule",
    "table": "Event | Begin | End\nspeed skating | 11:20 A.M. | 4:55 P.M.\ncross-country skiing | 4:35 P.M. | 6:35 P.M.\ndownhill skiing | 5:40 P.M. | 6:50 P.M.\nluge | 6:05 P.M. | 8:15 P.M.\nsnowboarding | 7:25 P.M. | 9:30 P.M.",
    "table_for_pd": {
        "Event": [
            "speed skating",
            "cross-country skiing",
            "downhill skiing",
            "luge",
            "snowboarding"
        ],
        "Begin": [
            "11:20 A.M.",
            "4:35 P.M.",
            "5:40 P.M.",
            "6:05 P.M.",
            "7:25 P.M."
        ],
        "End": [
            "4:55 P.M.",
            "6:35 P.M.",
            "6:50 P.M.",
            "8:15 P.M.",
            "9:30 P.M."
        ]
    },
    "row_num": 6,
    "column_num": 3,
    "solution": "Find the snowboarding event on the schedule. Find the beginning time for the snowboarding event.\n\nsnowboarding: 7:25 P. M.",
    "ques_type": "multi_choice",
    "ans_type": "extractive_text",
    "grade": 3,
    "split": "test"
}