{
    "question": "Dr. Chandler, a zoo director, researched ticket prices at other zoos around the country. Of the zoos shown, which charges the least for a child ticket?",
    "choices": [
        "Central Florida",
        "Houston",
        "Cleveland",
        "Boise"
    ],
    "answer": "Boise",
    "unit": null,
    "table_title": "Zoo ticket prices",
    "table": "Zoo | Adult | Child\nHouston | $10 | $6\nCentral Florida | $11 | $7\nBrookfield | $12 | $8\nBoise | $6 | $3\nCleveland | $10 | $7",
    "table_for_pd": {
        "Zoo": [
            "Houston",
            "Central Florida",
            "Brookfield",
            "Boise",
            "Cleveland"
        ],
        "Adult": [
            "$10",
            "$11",
            "$12",
            "$6",
            "$10"
        ],
        "Child": [
            "$6",
            "$7",
            "$8",
            "$3",
            "$7"
        ]
    },
    "row_num": 6,
    "column_num": 3,
    "solution": "Look at the numbers in the Child column. Find the least number in this column.\n\nThe least number is $3.00, which is in the Boise row. The Boise Zoo charges the least for a child.",
    "ques_type": "multi_choice",
    "ans_type": "extractive_text",
    "grade": 4,
    "split": "test"
}