{
    "id": 1626,
    "subject": "如图,在△ABC中,∠BAC=90°,AD⊥BC于点D,AE平分∠DAC,∠B=50°,求∠DAE的度数为()",
    "eng_subject": "As shown in the figure, in △ABC, ∠BAC = 90.0, AD ⊥ BC at point D, AE bisects ∠DAC, ∠B = 50.0, so the degree of ∠DAE is ()",
    "unanswerable_subject": "如图,在△ABC中,∠BAC=90°,AD⊥BC于点D,∠B=50°,求∠DAE的度数为()",
    "unanswerable_eng_subject": "As shown in the figure, in △ABC, ∠BAC = 90.0, AD ⊥ BC at point D, ∠B = 50.0, so the degree of ∠DAE is ()",
    "choices": [
        "45°",
        "20°",
        "30°",
        "25°"
    ],
    "label": 3,
    "formal_point": [
        "三角形内角和"
    ],
    "answer": "在△ABC中,∵∠BAC=90°,∠B=50°,∴∠C=90°-∠B=40°∵AD⊥BC于点D,∴∠BAD=90°-∠B=40°;在△ADC中∵∠ADC=90°∠C=40°∴∠DAC=90°-∠C=50°,∵AE平分∠DAC,∴∠DAE=\\frac{1}{2}∠DAC=25^{°},故选:D",
    "numbers": [
        90.0,
        50.0
    ]
}