{
    "id": 4170,
    "subject": "如图,点A,B,C是⊙O上的三点,直线CD与⊙O相切于点C,若∠DCB=40°,则∠CAB的度数是()",
    "eng_subject": "As shown in the figure, points A, B, and C are three points on ⊙O, and the straight line CD and ⊙O are tangent to point C. If ∠DCB = 40.0, then the degree of ∠CAB is ()",
    "unanswerable_subject": "如图,点A,B,C是⊙O上的三点,若∠DCB=40°,则∠CAB的度数是()",
    "unanswerable_eng_subject": "As shown in the figure, points A, B, and C are three points on ⊙O. If ∠DCB = 40.0, then the degree of ∠CAB is ()",
    "choices": [
        "40°",
        "50°",
        "80°",
        "100°"
    ],
    "label": 0,
    "formal_point": [
        "切线",
        "圆周角"
    ],
    "answer": "解:∵直线CD与⊙O相切于点C,∴∠OCD=90°,∵∠DCB=40°,∴∠OCB=50°,∵CO=BO,∴∠OBC=50°,∴∠COB=80°,∴∠CAB=\\frac{1}{2}×80°=40°,故选:A．",
    "numbers": [
        40.0
    ]
}