{
    "id": 5791,
    "subject": "如图,在四边形ABCD中,AD∥BC,BF平分∠ABC,交AD于点F,CE平分∠BCD,交AD于点E,AB=8,CD=6,EF=2,则AD长为()",
    "eng_subject": "As shown in the figure, in the quadrilateral ABCD, AD ∥ BC, BF bisects ∠ABC and it intersects AD at point F, CE bisects ∠BCD, and it intersects AD at point E, AB = 8.0, CD = 6.0, EF = 2.0, then the length of AD is ()",
    "unanswerable_subject": "如图,在四边形ABCD中,AD∥BC,BF平分∠ABC,交AD于点F,CE平分∠BCD,交AD于点E,AB=8,CD=6,则AD长为()",
    "unanswerable_eng_subject": "As shown in the figure, in the quadrilateral ABCD, AD ∥ BC, BF bisects ∠ABC and it intersects AD at point F, CE bisects ∠BCD, and it intersects AD at point E, AB = 8.0, CD = 6.0, then the length of AD is ()",
    "choices": [
        "8",
        "10",
        "12",
        "14"
    ],
    "label": 2,
    "formal_point": [
        "等腰三角形",
        "平行线"
    ],
    "answer": "解:∵BF平分∠ABC、CE平分∠BCD,∴∠ABF=∠CBF、∠DCE=∠BCE,∵AD∥BC,∴∠CBF=∠AFB、∠DEC=∠BCE,∴∠ABF=∠AFB、∠DCE=∠DEC,∴AB=AF=8、CD=DE=6,∵EF=2,∴AD=AF+DE-EF=8+6-2=12,故选:C．",
    "numbers": [
        8.0,
        6.0,
        2.0
    ]
}