{
    "question": "A stock broker followed the stock prices of a certain set of companies. Which company's stock cost more on Wednesday, Jonas Incorporated or Watson and Partners?",
    "choices": [
        "Watson and Partners",
        "Jonas Incorporated"
    ],
    "answer": "Watson and Partners",
    "unit": null,
    "table_title": "Stock prices",
    "table": "Company | Wednesday | Thursday\nWatson and Partners | $8 | $10\nComputer Data Company | $7 | $15\nJonas Incorporated | $5 | $2\nHouston Sporting Goods | $20 | $13",
    "table_for_pd": {
        "Company": [
            "Watson and Partners",
            "Computer Data Company",
            "Jonas Incorporated",
            "Houston Sporting Goods"
        ],
        "Wednesday": [
            "$8",
            "$7",
            "$5",
            "$20"
        ],
        "Thursday": [
            "$10",
            "$15",
            "$2",
            "$13"
        ]
    },
    "row_num": 5,
    "column_num": 3,
    "solution": "Find the Wednesday column. Compare the numbers in this column for Jonas Incorporated and Watson and Partners.\n\n$8.00 is more than $5.00. On Wednesday, Watson and Partners's stock cost more.",
    "ques_type": "multi_choice",
    "ans_type": "extractive_text",
    "grade": 4,
    "split": "test"
}