{
    "id": 5193,
    "subject": "如图,矩形与⊙O相交,若AB=4,BC=5,DE=3,则EF的长为()",
    "eng_subject": "As shown in the figure, the rectangle intersects with ⊙O, if AB = 4.0, BC = 5.0, DE = 3.0, then the length of EF is ()",
    "unanswerable_subject": "如图,矩形与⊙O相交,若AB=4,BC=5,则EF的长为()",
    "unanswerable_eng_subject": "As shown in the figure, the rectangle intersects with ⊙O, if AB = 4.0, BC = 5.0, then the length of EF is ()",
    "choices": [
        "3.5",
        "6.5",
        "7",
        "8"
    ],
    "label": 2,
    "formal_point": [
        "矩形",
        "勾股定理",
        "垂径定理"
    ],
    "answer": "【解答】解:作OM⊥BC于M,交EF于N点,则OM⊥EF．∵OM⊥BC,∴BM=CM=\\frac{1}{2}BC=2.5,∴AM=AB+BM=6.5,由题意得:四边形ADNM是矩形,∴DN=AM=6.5,∴EN=3.5,∵ON⊥EF,∴EF=2EN=7,",
    "numbers": [
        4.0,
        5.0,
        3.0
    ]
}