{
    "id": 200,
    "subject": "直线a、b、c、d的位置如图所示,如果∠1=58°,∠2=58°,∠3=70°,那么∠4等于()",
    "eng_subject": "The positions of straight lines a, b, c, and d are shown in the figure. If ∠1 = 58.0, ∠2 = 58.0, ∠3 = 70.0, then ∠4 is equal to ()",
    "unanswerable_subject": "直线a、b、c、d的位置如图所示,如果∠1=58°,∠2=58°,那么∠4等于()",
    "unanswerable_eng_subject": "The positions of straight lines a, b, c, and d are shown in the figure. If ∠1 = 58.0, ∠2 = 58.0, then ∠4 is equal to ()",
    "choices": [
        "58°",
        "70°",
        "110°",
        "116°"
    ],
    "label": 2,
    "formal_point": [
        "平行线"
    ],
    "answer": "试题分析:根据同位角相等,两直线平行这一定理可知a//b,再根据两直线平行,同旁内角互补可得∠3+∠5=180°,即∠5=180°-∠3=180°-70°=110°,因此可求得∠4=∠5=110°.故选C",
    "numbers": [
        58.0,
        58.0,
        70.0
    ]
}