{
    "id": 1528,
    "subject": "如图,直线a∥b,∠2=35°,∠3=40°,则∠1的度数是()",
    "eng_subject": "As shown in the figure, the straight line a ∥ b, ∠2 = 35.0, ∠3 = 40.0, then the degree of ∠1 is ()",
    "unanswerable_subject": "如图,直线a∥b,∠2=35°,则∠1的度数是()",
    "unanswerable_eng_subject": "As shown in the figure, the straight line a ∥ b, ∠2 = 35.0, then the degree of ∠1 is ()",
    "choices": [
        "75°",
        "105°",
        "140°",
        "145°"
    ],
    "label": 1,
    "formal_point": [
        "三角形内角和",
        "同位角",
        "平行线"
    ],
    "answer": "解:∵a||b,∴∠1=∠4,又∵∠2=35°,∠3=40°∴∠4=180°-35°-40°=105°,∴∠1=105°,故选:B.",
    "numbers": [
        35.0,
        40.0
    ]
}