{
    "id": 5159,
    "subject": "如图,C、D是线段AB上两点,若BC=3cm,BD=5cm,且D是AC的中点,则AC的长为()",
    "eng_subject": "As shown in the figure, C and D are two points on the line segment AB. If BC = 3.0, BD = 5.0, and D is the midpoint of AC, then the length of AC is ()",
    "unanswerable_subject": "如图,C、D是线段AB上两点,若BC=3cm,BD=5cm,则AC的长为()",
    "unanswerable_eng_subject": "As shown in the figure, C and D are two points on the line segment AB. If BC = 3.0, BD = 5.0, then the length of AC is ()",
    "choices": [
        "2cm",
        "4cm",
        "8cm",
        "13cm"
    ],
    "label": 1,
    "formal_point": [
        "距离"
    ],
    "answer": "【解答】解:∵BC=3cm,BD=5cm,∴CD=BD-BC=2cm,∵D是AC的中点,∴AC=2CD=4cm,",
    "numbers": [
        3.0,
        5.0
    ]
}