{
    "id": 1579,
    "subject": "如图,如果∠1=∠3,∠2=60°,那么∠4的度数为()",
    "eng_subject": "As shown in the figure, if ∠1 = ∠3, ∠2 = 60.0, then the degree of ∠4 is ()",
    "unanswerable_subject": "如图,如果∠2=60°,那么∠4的度数为()",
    "unanswerable_eng_subject": "As shown in the figure, if ∠2 = 60.0, then the degree of ∠4 is ()",
    "choices": [
        "60°",
        "100°",
        "120°",
        "130°"
    ],
    "label": 2,
    "formal_point": [
        "平行线"
    ],
    "answer": "∵∠1=∠3,∴a||b,∴∠5=∠2=60^{°},∴∠4=18O-60°=120°故选:C.",
    "numbers": [
        60.0
    ]
}