{
    "id": 489,
    "subject": "如图,直线AB,CD相交于点O,射线OM平分∠AOC,ON⊥OM．若∠AOC=70°,则∠CON的度数为()",
    "eng_subject": "As shown in the figure, the straight lines AB and CD intersect at point O, and the radial OM bisects ∠AOC, ON ⊥ OM. If ∠AOC = 70.0, then the degree of ∠CON is ()",
    "unanswerable_subject": "如图,直线AB,CD相交于点O,ON⊥OM．若∠AOC=70°,则∠CON的度数为()",
    "unanswerable_eng_subject": "As shown in the figure, the straight lines AB and CD intersect at point O, and ON ⊥ OM. If ∠AOC = 70.0, then the degree of ∠CON is ()",
    "choices": [
        "65°",
        "55°",
        "45°",
        "35°"
    ],
    "label": 1,
    "formal_point": [
        "角平分线",
        "直角三角形"
    ],
    "answer": "∵ON⊥OM,∴∠MON=90°.OM平分∠AOC,∠AOC=70°∴∠MOC=\\frac{1}{2}∠AOC=35^{°},∴∠CON=90^{°}-35^{°}=55^{°}故选B.",
    "numbers": [
        70.0
    ]
}