{
    "id": 7190,
    "subject": "如图,在△ABC中,DE∥BC,\\frac{AD}{DB}=\\frac{1}{2},DE=4,则BC的长()",
    "eng_subject": "As shown in the figure, in △ABC, DE ∥ BC, \\frac{AD}{DB}=\\frac{1.0}{2.0},DE=4.0, then the length of BC is ()",
    "unanswerable_subject": "如图,在△ABC中,\\frac{AD}{DB}=\\frac{1}{2},DE=4,则BC的长()",
    "unanswerable_eng_subject": "As shown in the figure, in △ABC, \\frac{AD}{DB}=\\frac{1.0}{2.0},DE=4.0, then the length of BC is ()",
    "choices": [
        "8",
        "10",
        "12",
        "16"
    ],
    "label": 2,
    "formal_point": [
        "相似三角形"
    ],
    "answer": "解:∵DE∥BC,∴△ADE∽△ABC,∴\\frac{DE}{BC}=\\frac{AD}{AB},∵\\frac{AD}{DB}=\\frac{1}{2},∴\\frac{AD}{AB}=\\frac{1}{3},∴\\frac{DE}{BC}=\\frac{1}{3},∵DE=4,∴BC=12．故选:C．",
    "numbers": [
        1.0,
        2.0,
        4.0
    ]
}