{
    "id": 57,
    "subject": "如图,AB∥CD,AD平分∠BAC,且∠C=80°,则∠D的度数为()",
    "eng_subject": "As shown in the figure, AB ∥ CD, AD bisects ∠BAC, and ∠C = 80.0, then the degree of ∠D is ()",
    "unanswerable_subject": "如图,AD平分∠BAC,且∠C=80°,则∠D的度数为()",
    "unanswerable_eng_subject": "As shown in the figure, AD bisects ∠BAC, and ∠C = 80.0, then the degree of ∠D is ()",
    "choices": [
        "50°",
        "60°",
        "70°",
        "100°"
    ],
    "label": 0,
    "formal_point": [
        "内错角"
    ],
    "answer": "∵AD平分∠BAC,∴∠BAD=∠CAD.∵AB//CD,∴∠BAD=∠D.∴∠CAD=∠D.∵在△ACD中,∠C+∠D+∠CAD=180°,即80^{°}+∠D+∠D=180^{°}解得∠D=50°,故选A.",
    "numbers": [
        80.0
    ]
}