{
    "id": 7578,
    "subject": "如图,在Rt△ABC中,∠BAC=90°,AD⊥BC于D,DE⊥AB于E,AD=3,DE=2,则CD的长是()",
    "eng_subject": "As shown in the figure, in Rt△ABC, ∠BAC = 90.0, AD ⊥ BC at D, DE ⊥ AB at E, AD = 3.0, DE = 2.0, then the length of CD is ()",
    "unanswerable_subject": "如图,在Rt△ABC中,∠BAC=90°,AD⊥BC于D,DE⊥AB于E,AD=3,则CD的长是()",
    "unanswerable_eng_subject": "As shown in the figure, in Rt△ABC, ∠BAC = 90.0, AD ⊥ BC at D, DE ⊥ AB at E, AD = 3.0, then the length of CD is ()",
    "choices": [
        "\\frac{21}{2}",
        "\\frac{√{15}}{2}",
        "\\frac{9}{2}",
        "\\frac{3√{5}}{2}"
    ],
    "label": 3,
    "formal_point": [
        "勾股定理",
        "相似三角形"
    ],
    "answer": "解:∵AD⊥BC,DE⊥AB,∴∠ADC=∠AED=90°,∵∠BAC=90°,∴∠DAE=∠C,∴Rt△ACD∽Rt△DAE,∴\\frac{AD}{AC}=\\frac{DE}{AD},∵AD=3,DE=2,∴\\frac{3}{AC}=\\frac{2}{3},∴AC=\\frac{9}{2},在Rt△ACD中,CD²+AD²=AC²,∴CD=√{(\\frac{9}{2})²-3²}=\\frac{3√{5}}{2},故选:D．",
    "numbers": [
        90.0,
        3.0,
        2.0
    ]
}