{
    "question": "A food industry researcher compiled the revenues of several pizzerias. Which restaurant made more from pepperoni pizzas, Taste of New York or Dan's Deep Dish?",
    "choices": [
        "Dan's Deep Dish",
        "Taste of New York"
    ],
    "answer": "Taste of New York",
    "unit": null,
    "table_title": "Pizza sales",
    "table": "Restaurant | Pepperoni pizzas | Vegetarian pizzas\nDan's Deep Dish | $8 | $6\nThe Big Cheese | $11 | $18\nTaste of New York | $14 | $7",
    "table_for_pd": {
        "Restaurant": [
            "Dan's Deep Dish",
            "The Big Cheese",
            "Taste of New York"
        ],
        "Pepperoni pizzas": [
            "$8",
            "$11",
            "$14"
        ],
        "Vegetarian pizzas": [
            "$6",
            "$18",
            "$7"
        ]
    },
    "row_num": 4,
    "column_num": 3,
    "solution": "Find the Pepperoni pizzas column. Compare the numbers in this column for Taste of New York and Dan's Deep Dish.\n\n$14.00 is more than $8.00. Taste of New York made more from pepperoni pizzas.",
    "ques_type": "multi_choice",
    "ans_type": "extractive_text",
    "grade": 5,
    "split": "test"
}