{
    "id": 1795,
    "subject": "如图,⊙O中,弦BC与半径OA相交于点D,连接AB,OC．若∠A=60°,∠ADC=90°,则∠C的度数是()",
    "eng_subject": "As shown in the figure, in ⊙O, chord BC and radius OA intersect at point D. Connect AB and OC. If ∠A = 60.0, ∠ADC = 90.0, then the degree of ∠C is ()",
    "unanswerable_subject": "如图,⊙O中,弦BC与半径OA相交于点D,连接AB,OC．若∠A=60°,则∠C的度数是()",
    "unanswerable_eng_subject": "As shown in the figure, in ⊙O, chord BC and radius OA intersect at point D. Connect AB and OC. If ∠A = 60.0, then the degree of ∠C is ()",
    "choices": [
        "25°",
        "27.5°",
        "30°",
        "35°"
    ],
    "label": 2,
    "formal_point": [
        "圆周角",
        "三角形的外角"
    ],
    "answer": "解:∵∠ADC=∠A+∠B,∠A=60°,∠ADC=90°,∴∠B=30°,∴∠AOC=2∠B=60°,∵∠ADC=∠AOC+∠C,∴∠C=90°-60°=30°,故选:C．",
    "numbers": [
        60.0,
        90.0
    ]
}