{
    "id": 9449,
    "subject": "如图,在▱ABCD中,对角线AC、BD相交于点O,如果AC=12,BD=8,AB=7,那么△OAB的周长是()",
    "eng_subject": "As shown in the figure, in ▱ABCD, the diagonal AC and BD intersect at point O, if AC = 12.0, BD = 8.0, AB = 7.0, then the perimeter of △OAB is ()",
    "unanswerable_subject": "如图,在▱ABCD中,对角线AC、BD相交于点O,如果AC=12,BD=8,那么△OAB的周长是()",
    "unanswerable_eng_subject": "As shown in the figure, in ▱ABCD, the diagonal AC and BD intersect at point O, if AC = 12.0, BD = 8.0, then the perimeter of △OAB is ()",
    "choices": [
        "15",
        "17",
        "21",
        "27"
    ],
    "label": 1,
    "formal_point": [
        "平行四边形"
    ],
    "answer": "解:∵▱ABCD,∴OA=OC,OD=OB,∵AC=12,BD=8,∴OA=6,OB=4,∵AB=7,∴△OAB的周长=OA+OB+AB=6+4+7=17．故选:B．",
    "numbers": [
        12.0,
        8.0,
        7.0
    ]
}