{
    "question": "Look at the following schedule. When does the juggler's performance begin?",
    "choices": [
        "7:35 P.M.",
        "5:45 P.M.",
        "6:20 P.M.",
        "8:25 P.M."
    ],
    "answer": "5:45 P.M.",
    "unit": null,
    "table_title": "Circus schedule",
    "table": "Performer | Begin | End\nthe jugglers | 5:45 P.M. | 6:20 P.M.\nthe acrobats | 6:35 P.M. | 7:00 P.M.\nthe tightrope walkers | 7:05 P.M. | 7:30 P.M.\nthe strongman | 7:35 P.M. | 8:10 P.M.\nthe ringmaster | 8:25 P.M. | 8:40 P.M.\nthe clowns | 8:50 P.M. | 9:05 P.M.",
    "table_for_pd": {
        "Performer": [
            "the jugglers",
            "the acrobats",
            "the tightrope walkers",
            "the strongman",
            "the ringmaster",
            "the clowns"
        ],
        "Begin": [
            "5:45 P.M.",
            "6:35 P.M.",
            "7:05 P.M.",
            "7:35 P.M.",
            "8:25 P.M.",
            "8:50 P.M."
        ],
        "End": [
            "6:20 P.M.",
            "7:00 P.M.",
            "7:30 P.M.",
            "8:10 P.M.",
            "8:40 P.M.",
            "9:05 P.M."
        ]
    },
    "row_num": 7,
    "column_num": 3,
    "solution": "Find the juggler's performance on the schedule. Find the beginning time for the juggler's performance.\n\nthe jugglers: 5:45 P. M.",
    "ques_type": "multi_choice",
    "ans_type": "extractive_text",
    "grade": 3,
    "split": "test"
}