{
    "id": 269,
    "subject": "如图,以线段AB为边分别作直角三角形ABC和等边三角形ABD,其中∠ACB=90°.连接CD,当CD的长度最大时,此时∠CAB的大小是()",
    "eng_subject": "As shown in the figure, the right triangle ABC and the equilateral triangle ABD are respectively drawn with the line segment AB as the edge, where ∠ACB = 90.0. Connect CD, when the length of CD is the largest, the size of ∠CAB is ()",
    "unanswerable_subject": "如图,以线段AB为边分别作直角三角形ABC和三角形ABD,其中∠ACB=90°.连接CD,当CD的长度最大时,此时∠CAB的大小是()",
    "unanswerable_eng_subject": "As shown in the figure, the right triangle ABC and the triangle ABD are respectively drawn with the line segment AB as the edge, where ∠ACB = 90.0. Connect CD, when the length of CD is the largest, the size of ∠CAB is ()",
    "choices": [
        "75°",
        "45°",
        "30°",
        "15°"
    ],
    "label": 1,
    "formal_point": [
        "等边三角形",
        "圆周角",
        "直角三角形",
        "距离"
    ],
    "answer": "如图所示:∵AB长一定,∴只有C点距离AB距离最大,则CD的长度最大.∴只有C点在C′位置,即C′在半圆的中点时,此时当CD的长度最大故此时AC′=BC′,∴∠C′AB的大小是45°.故选B.",
    "numbers": [
        90.0
    ]
}