{
    "id": 5942,
    "subject": "如图,在△ABC中,BF平分∠ABC,过A点作AF⊥BF,垂足为F并延长交BC于点G,D为AB中点,连接DF延长交AC于点E．若AB=12,BC=20,则线段EF的长为()",
    "eng_subject": "As shown in the figure, in △ABC, BF bisects ∠ABC, crossing point A to draw AF ⊥ BF, the foot of perpendicular is F and extend BC to point G, D is the midpoint of AB. Connect DF and extend to intersect AC at point E. If AB = 12.0, BC = 20.0, then the length of the line segment EF is ()",
    "unanswerable_subject": "如图,在△ABC中,过A点作AF⊥BF,垂足为F并延长交BC于点G,D为AB中点,连接DF延长交AC于点E．若AB=12,BC=20,则线段EF的长为()",
    "unanswerable_eng_subject": "As shown in the figure, in △ABC, crossing point A to draw AF ⊥ BF, the foot of perpendicular is F and extend BC to point G, D is the midpoint of AB. Connect DF and extend to intersect AC at point E. If AB = 12.0, BC = 20.0, then the length of the line segment EF is ()",
    "choices": [
        "2",
        "3",
        "4",
        "5"
    ],
    "label": 2,
    "formal_point": [
        "等腰三角形",
        "三角形中位线"
    ],
    "answer": "解:在△BFA和△BFG中,≥ft\\lbrace\\begin{array}{l}{∠ABF=∠GBF}\\\\{BF=BF}\\\\{∠BFA=∠BFG}\\end{array}\\right.,∴△BFA≌△BFG(ASA)∴BG=AB=12,AF=FG,∴GC=BC-BG=8,∵AF=FG,AE=EC,∴EF=\\frac{1}{2}GC=4,故选:C．",
    "numbers": [
        12.0,
        20.0
    ]
}