{
    "id": 8947,
    "subject": "如图,PB切⊙O于点B,PO交⊙O于点E,延长PO交⊙O于点A,连结AB,⊙O的半径OD⊥AB于点C,BP=6,∠P=30°,则CD的长度是()",
    "eng_subject": "As shown in the figure, PB is tangent to ⊙O at point B, PO intersects ⊙O at point E, extends PO and intersects ⊙O at point A, connects AB, the radius of ⊙O OD ⊥ AB at point C, BP ​​= 6.0, ∠P = 30.0 , then the length of CD is ()",
    "unanswerable_subject": "如图,PB切⊙O于点B,PO交⊙O于点E,延长PO交⊙O于点A,连结AB,⊙O的半径OD⊥AB于点C,BP=6,则CD的长度是()",
    "unanswerable_eng_subject": "As shown in the figure, PB is tangent to ⊙O at point B, PO intersects ⊙O at point E, extends PO and intersects ⊙O at point A, connects AB, the radius of ⊙O OD ⊥ AB at point C, BP ​​= 6.0, then the length of CD is ()",
    "choices": [
        "\\frac{√{3}}{3}",
        "\\frac{√{3}}{2}",
        "√{3}",
        "2√{3}"
    ],
    "label": 2,
    "formal_point": [
        "切线",
        "三角函数",
        "勾股定理",
        "垂径定理"
    ],
    "answer": "解:如图,连接OB,∵PB切⊙O于点B,∴∠OBP=90°,∵BP=6,∠P=30°,∴∠POB=60°,OD=OB=BPtan30°=6×\\frac{√{3}}{3}=2√{3},∵OA=OB,∴∠OAB=∠OBA=30°,∵OD⊥AB,∴∠OCB=90°,∴∠OBC=30°,则OC=\\frac{1}{2}OB=√{3},∴CD=√{3},故选:C．",
    "numbers": [
        6.0,
        30.0
    ]
}