{
    "id": 1031,
    "subject": "如图,在△ABC中,AB=AC,D是BC的中点,∠B=40°,则∠BAD=()",
    "eng_subject": "As shown in the figure, in △ABC, AB = AC, D is the midpoint of BC, ∠B = 40.0, then ∠BAD = ()",
    "unanswerable_subject": "如图,在△ABC中,AB=AC,∠B=40°,则∠BAD=()",
    "unanswerable_eng_subject": "As shown in the figure, in △ABC, AB = AC, ∠B = 40.0, then ∠BAD = ()",
    "choices": [
        "100°",
        "80°",
        "50°",
        "40°"
    ],
    "label": 2,
    "formal_point": [
        "直角三角形",
        "等腰三角形"
    ],
    "answer": "∵AB=AC,D是BC的中点,∴AD⊥BC,∵∠B=40°,∴∠BAD=90°-40°=50°故选C",
    "numbers": [
        40.0
    ]
}