{
    "id": 3164,
    "subject": "如图,在⊙O中,OA⊥BC,∠AOB=48°,D为⊙O上一点,则∠ADC的度数是()",
    "eng_subject": "As shown in the figure, in ⊙O, OA ⊥ BC, ∠AOB = 48.0, D is a point on ⊙O, then the degree of ∠ADC is ()",
    "unanswerable_subject": "如图,在⊙O中,∠AOB=48°,D为⊙O上一点,则∠ADC的度数是()",
    "unanswerable_eng_subject": "As shown in the figure, in ⊙O, ∠AOB = 48.0, D is a point on ⊙O, then the degree of ∠ADC is ()",
    "choices": [
        "24°",
        "42°",
        "48°",
        "12°"
    ],
    "label": 0,
    "formal_point": [
        "圆周角",
        "垂径定理"
    ],
    "answer": "解:∵OA⊥BC,∴⁀{AC}=⁀{AB},∴∠ADC=\\frac{1}{2}∠AOB=\\frac{1}{2}×48°=24°．\n故选:A．",
    "numbers": [
        48.0
    ]
}