{
    "question": "Hanson has $22.00. Does he have enough to buy pasta with meat sauce and a pepperoni pizza?",
    "choices": [
        "yes",
        "no"
    ],
    "answer": "no",
    "unit": null,
    "table_title": null,
    "table": "pepperoni pizza | $10.00\nlasagna | $14.00\nmushroom pizza | $15.00\npasta with meat sauce | $13.00\npasta with mushrooms | $13.00",
    "table_for_pd": {
        "Column 1": [
            "pepperoni pizza",
            "lasagna",
            "mushroom pizza",
            "pasta with meat sauce",
            "pasta with mushrooms"
        ],
        "Column 2": [
            "$10.00",
            "$14.00",
            "$15.00",
            "$13.00",
            "$13.00"
        ]
    },
    "row_num": 5,
    "column_num": 2,
    "solution": "Add the price of pasta with meat sauce and the price of a pepperoni pizza:\n\n$13.00 + $10.00 = $23.00\n\n$23.00 is more than $22.00. Hanson does not have enough money.",
    "ques_type": "multi_choice",
    "ans_type": "boolean_text",
    "grade": 8,
    "split": "test"
}