{
    "id": 3539,
    "subject": "如图．已知A、B、C三点在⊙O上,点C在劣弧AB上,且∠AOB=130°,则∠ACB的度数为()",
    "eng_subject": "As shown in the figure. Given that the three points A, B, and C are on ⊙O, point C is on the minor arc AB, and ∠AOB = 130.0, then the degree of ∠ACB is ()",
    "unanswerable_subject": "如图．已知A、C两点在⊙O上,点C在劣弧AB上,且∠AOB=130°,则∠ACB的度数为()",
    "unanswerable_eng_subject": "As shown in the figure. Given that the two points A, and C are on ⊙O, point C is on the minor arc AB, and ∠AOB = 130.0, then the degree of ∠ACB is ()",
    "choices": [
        "130°",
        "125°",
        "120°",
        "115°"
    ],
    "label": 3,
    "formal_point": [
        "圆周角",
        "圆内接四边形"
    ],
    "answer": "解:在优弧⁀{AB}上取一点D,连接AD、BD,∠D=\\frac{1}{2}∠AOB=65°,∵四边形ADBC是⊙O的内接四边形,∴∠D+∠ACB=180°,∴∠ACB=115°,\n故选:D．",
    "numbers": [
        130.0
    ]
}