{
    "id": 5049,
    "subject": "如图,AD是△ABC的中线,已知△ABD的周长为22cm,AB比AC长3cm,则△ACD的周长为()",
    "eng_subject": "As shown in the figure, AD is the midline of △ABC, and it is known that the perimeter of △ABD is 22.0, and AB is longer than AC by 3.0, then the perimeter of △ACD is ()",
    "unanswerable_subject": "如图,已知△ABD的周长为22cm,AB比AC长3cm,则△ACD的周长为()",
    "unanswerable_eng_subject": "As shown in the figure, it is known that the perimeter of △ABD is 22.0, and AB is longer than AC by 3.0, then the perimeter of △ACD is ()",
    "choices": [
        "19cm",
        "22cm",
        "25cm",
        "31cm"
    ],
    "label": 0,
    "formal_point": [
        "角平分线"
    ],
    "answer": "【解答】解:由题意得,AB=AC+3,∵AD是△ABC的中线,∴BD=DC,∵△ABD的周长为22,∴AB+BD+AD=AC+3+DC+AD=22,则AC+DC+AD=19,∴△ACD的周长=AC+DC+AD=19(cm),",
    "numbers": [
        22.0,
        3.0
    ]
}