{
    "question": "A video store clerk looked up the number of movies checked out each day. On which day were the most movies checked out?",
    "choices": [
        "Wednesday",
        "Thursday",
        "Friday",
        "Saturday"
    ],
    "answer": "Friday",
    "unit": null,
    "table_title": "Movies checked out",
    "table": "Day | Number of movies\nWednesday | 61\nThursday | 62\nFriday | 68\nSaturday | 64",
    "table_for_pd": {
        "Day": [
            "Wednesday",
            "Thursday",
            "Friday",
            "Saturday"
        ],
        "Number of movies": [
            "61",
            "62",
            "68",
            "64"
        ]
    },
    "row_num": 5,
    "column_num": 2,
    "solution": "Find the greatest number in the table. Remember to compare the numbers starting with the highest place value. The greatest number is 68.\n\nNow find the corresponding day. Friday corresponds to 68.",
    "ques_type": "multi_choice",
    "ans_type": "extractive_text",
    "grade": 2,
    "split": "test"
}