{
    "id": 402,
    "subject": "如图,已知直线a、b被直线c所截,a∥b,∠1=50°,则∠2=()",
    "eng_subject": "As shown in the figure, it is known that the straight lines a and b are intercepted by the straight line c, a ∥ b, ∠1 = 50.0, then ∠2 = ()",
    "unanswerable_subject": "如图,已知直线a、b被直线c所截,∠1=50°,则∠2=()",
    "unanswerable_eng_subject": "As shown in the figure, it is known that the straight lines a and b are intercepted by the straight line c, ∠1 = 50.0, then ∠2 = ()",
    "choices": [
        "50°",
        "130°",
        "40°",
        "60°"
    ],
    "label": 0,
    "formal_point": [
        "平行线"
    ],
    "answer": "试题分析:先利用平行线的性质可得∠3=∠1,又由对顶角相等推出∠2=∠3,故∠2的度数可求.如图,∵a//b,∠1=50°,∴∠3=∠1=50°,∵∠2=∠3,∴∠2=∠1=50°",
    "numbers": [
        50.0
    ]
}