{
    "id": 734,
    "subject": "如图,在△ABC中,∠B=46°,∠C=54°,AD平分∠BAC,交BC于D,则∠BAD的大小是()",
    "eng_subject": "As shown in the figure, in △ABC, ∠B = 46.0, ∠C = 54.0, AD bisects ∠BAC and it intersects BC at D, then the size of ∠BAD is ()",
    "unanswerable_subject": "如图,在△ABC中,∠B=46°,∠C=54°,AD交BC于D,则∠BAD的大小是()",
    "unanswerable_eng_subject": "As shown in the figure, in △ABC, ∠B = 46.0, ∠C = 54.0, AD intersects BC at D, then the size of ∠BAD is ()",
    "choices": [
        "45°",
        "54°",
        "40°",
        "50°"
    ],
    "label": 2,
    "formal_point": [
        "角平分线"
    ],
    "answer": "∵∠B=46°∠C=54°.∠BAC=180°-∠B-∠C=180^{°}-46^{°}-54^{°}=80^{°},AD平分∠BAC,∠BAD=40°所以选C.",
    "numbers": [
        46.0,
        54.0
    ]
}