{
    "id": 3789,
    "subject": "如图,△ABC中,∠BAC=70°,∠ABC=45°,点O是△ABC的外接圆的圆心,则∠AOB等于()",
    "eng_subject": "As shown in the figure, in △ABC, ∠BAC = 70.0, ∠ABC = 45.0, point O is the center of the circumscribed circle of △ABC, then ∠AOB is equal to ()",
    "unanswerable_subject": "如图,△ABC中,∠BAC=70°,点O是△ABC的外接圆的圆心,则∠AOB等于()",
    "unanswerable_eng_subject": "As shown in the figure, in △ABC, ∠BAC = 70.0, point O is the center of the circumscribed circle of △ABC, then ∠AOB is equal to ()",
    "choices": [
        "65°",
        "90°",
        "130°",
        "140°"
    ],
    "label": 2,
    "formal_point": [
        "圆周角",
        "外接圆",
        "三角形的外接圆与外心",
        "圆心角"
    ],
    "answer": "解:∵∠BAC=70°,∠ABC=45°,∴∠C=180°-70°-45°=65°,∴∠AOB=2∠C=130°．故选:C．",
    "numbers": [
        70.0,
        45.0
    ]
}