{
    "id": 2445,
    "subject": "如图,CD是平面镜子,光线从A点射出,经CD上一点E反射后照射到B点,若入射角为α,AC⊥CD,BD⊥CD,垂足分别为C、D,且AC=3,BD=6,CD=10,则线段ED的长为()",
    "eng_subject": "As shown in the figure, CD is a plane mirror, the light is emitted from point A, reflected by point E on CD, and irradiated to point B. If the incident angle is α, AC ⊥ CD, BD ⊥ CD, the feet of perpendicular are C, D, and AC = 3.0, BD = 6.0, CD = 10.0, then the length of the line segment ED is ()",
    "unanswerable_subject": "如图,CD是平面镜子,光线从A点射出,经CD上一点E反射后照射到B点,若入射角为α,AC⊥CD,BD⊥CD,垂足分别为C、D,且AC=3,CD=10,则线段ED的长为()",
    "unanswerable_eng_subject": "As shown in the figure, CD is a plane mirror, the light is emitted from point A, reflected by point E on CD, and irradiated to point B. If the incident angle is α, AC ⊥ CD, BD ⊥ CD, the feet of perpendicular are C, D, and AC = 3.0, CD = 10.0, then the length of the line segment ED is ()",
    "choices": [
        "\\frac{20}{3}",
        "\\frac{10}{3}",
        "7",
        "\\frac{14}{3}"
    ],
    "label": 0,
    "formal_point": [
        "相似三角形"
    ],
    "answer": "解:如图,∵CD是平面镜,α为入射角,∠1为反射角∴α=∠1．∵α+∠AEC=90°,∠1+∠BED=90°∴∠AEC=BED,∵AC⊥CD,BD⊥CD∴∠ACE=∠BDE=90°∴Rt△ACE∽Rt△BDE,∴\\frac{AC}{BD}=\\frac{CE}{ED},∵AC=3,BD=6,CD=10∴\\frac{3}{6}=\\frac{10-ED}{ED},\n解得ED=\\frac{20}{3}．\n故选:A．",
    "numbers": [
        3.0,
        6.0,
        10.0
    ]
}