{
    "id": 1108,
    "subject": "如图,在△ABC中,∠CAB=30°,将△ABC在平面内绕点A逆时针旋转到△AB'C'的位置,且CC'∥AB,则旋转角的度数为()",
    "eng_subject": "As shown in the figure, in △ABC, ∠CAB = 30.0, rotate △ABC anticlockwise in the plane around point A to the position of △AB'C', and CC' ∥ AB, then the degree of rotation angle is ()",
    "unanswerable_subject": "如图,在△ABC中,∠CAB=30°,将△ABC在平面内绕点A逆时针旋转到△AB'C'的位置,则旋转角的度数为()",
    "unanswerable_eng_subject": "As shown in the figure, in △ABC, ∠CAB = 30.0, rotate △ABC anticlockwise in the plane around point A to the position of △AB'C', then the degree of rotation angle is ()",
    "choices": [
        "100°",
        "120°",
        "110°",
        "130°"
    ],
    "label": 1,
    "formal_point": [
        "旋转",
        "距离"
    ],
    "answer": "∵△ABC在平面内绕点A逆时针旋转到△AB'C'的位置,∴AC=AC,∠CAC为旋转角,∵CC'//AB,∴∠ACC'=∠CAB=30°∵AC=AC'∴∠AC'C=∠ACC'=30°,∴∠CAC'=180°-30°-30°=120°∴旋转角的度数为120°,故选B.",
    "numbers": [
        30.0
    ]
}