{
    "id": 3536,
    "subject": "如图,在⊙O中,AB∥CD,∠BCD=100°,E为⁀{DC}上的任意一点,A、B、C、D是⊙O上的四个点,则∠AEC的角度为()",
    "eng_subject": "As shown in the figure, in ⊙O, AB ∥ CD, ∠BCD = 100.0, E is any point on ⁀DC, A, B, C, and D are the four points on ⊙O, then the angle of ∠AEC is ()",
    "unanswerable_subject": "如图,在⊙O中,∠BCD=100°,E为⁀{DC}上的任意一点,A、B、C、D是⊙O上的四个点,则∠AEC的角度为()",
    "unanswerable_eng_subject": "As shown in the figure, in ⊙O, ∠BCD = 100.0, E is any point on ⁀DC, A, B, C, and D are the four points on ⊙O, then the angle of ∠AEC is ()",
    "choices": [
        "110°",
        "70°",
        "80°",
        "100°"
    ],
    "label": 3,
    "formal_point": [
        "圆周角",
        "圆内接四边形",
        "平行线"
    ],
    "answer": "解:∵AB∥CD,∠BCD=100°,∴∠ABC=180°-∠BCD=80°,∵四边形AECB是圆内接四边形,∴∠AEC+∠ABC=180°,∴∠AEC=100°,\n故选:D．",
    "numbers": [
        100.0
    ]
}