{
    "id": 9421,
    "subject": "如图,在平行四边形ABCD中,已知AB=6,BC=9,∠B=30°,则平行四边形ABCD的面积是()",
    "eng_subject": "As shown in the figure, in the parallelogram ABCD, it is known that AB = 6.0, BC = 9.0, ∠B = 30.0, then the area of ​​the parallelogram ABCD is ()",
    "unanswerable_subject": "如图,在平行四边形ABCD中,已知AB=6,∠B=30°,则平行四边形ABCD的面积是()",
    "unanswerable_eng_subject": "As shown in the figure, in the parallelogram ABCD, it is known that AB = 6.0, ∠B = 30.0, then the area of ​​the parallelogram ABCD is ()",
    "choices": [
        "12",
        "18",
        "27",
        "54"
    ],
    "label": 2,
    "formal_point": [
        "平行四边形",
        "直角三角形"
    ],
    "answer": "解:过点A作AE⊥BC于E,∴∠AEB=90°,∵AB=6,∠B=30°,∴AE=3；又∵BC=9,∴S~平行四边形ABCD~=9×3=27．故选:C．",
    "numbers": [
        6.0,
        9.0,
        30.0
    ]
}