{
    "id": 9386,
    "subject": "如图,在▱ABCD中,∠ABC=60°,AB=BC=4cm,点M,N分别在边BC,CD上,且∠MAN=60°,则四边形AMCN的面积为()",
    "eng_subject": "As shown in the figure, in ▱ABCD, ∠ABC = 60.0, AB = BC = 4.0, points M and N are on edges BC and CD respectively, and ∠MAN = 60.0, then the area of ​​the quadrilateral AMCN is ()",
    "unanswerable_subject": "如图,在▱ABCD中,∠ABC=60°,AB=4cm,点M,N分别在边BC,CD上,且∠MAN=60°,则四边形AMCN的面积为()",
    "unanswerable_eng_subject": "As shown in the figure, in ▱ABCD, ∠ABC = 60.0, AB = 4.0, points M and N are on edges BC and CD respectively, and ∠MAN = 60.0, then the area of ​​the quadrilateral AMCN is ()",
    "choices": [
        "4√{3}cm²",
        "2√{3}cm²",
        "8√{3}cm²",
        "8cm²"
    ],
    "label": 0,
    "formal_point": [
        "勾股定理",
        "等边三角形",
        "平行四边形"
    ],
    "answer": "解:连接AC,∵∠B=60°,∴∠BAD=120°,∵∠MAN=60°,∴∠BAM=∠CAN,∴△ABC为等边三角形,∴AB=AC,∴△ABM≌△ACN,∴四边形AMCN的面积等于平行四边形面积的一半．∵AB=4cm,∴BC边上的高为2√{3},S~菱形ABCD~=4×2√{3}=8√{3}∴四边形AMCN的面积等于\\frac{1}{2}×8√{3}=4√{3}．故选:A．",
    "numbers": [
        60.0,
        4.0,
        60.0
    ]
}