{
    "question": "Look at this table. Is this relation a function?",
    "choices": [
        "yes",
        "no"
    ],
    "answer": "yes",
    "unit": null,
    "table_title": null,
    "table": "x | y\n18 | 14\n16 | 12\n9 | 5\n7 | 8",
    "table_for_pd": {
        "x": [
            "18",
            "16",
            "9",
            "7"
        ],
        "y": [
            "14",
            "12",
            "5",
            "8"
        ]
    },
    "row_num": 5,
    "column_num": 2,
    "solution": "Look at the x-values in the table.\n\nEach of the x-values is paired with only one y-value, so the relation is a function.",
    "ques_type": "multi_choice",
    "ans_type": "boolean_text",
    "grade": 8,
    "split": "test"
}