{
    "id": 550,
    "subject": "如图,若a∥b,∠1=115°,则∠2=()",
    "eng_subject": "As shown in the figure, if a ∥ b, ∠1 = 115.0, then ∠2 = ()",
    "unanswerable_subject": "如图,若∠1=115°,则∠2=()",
    "unanswerable_eng_subject": "As shown in the figure, if ∠1 = 115.0, then ∠2 = ()",
    "choices": [
        "55°",
        "60°",
        "65°",
        "75°"
    ],
    "label": 2,
    "formal_point": [
        "邻补角",
        "对顶角"
    ],
    "answer": "解:∵a//b,∴∠1+∠2=180°,∵∠1=115°,∴∠2=65°故选C.",
    "numbers": [
        115.0
    ]
}