{
    "id": 8686,
    "subject": "如图,A、B、C、是⊙O上的三点,且∠CAO=25°,∠BCO=35°,则∠AOB的度数为()",
    "eng_subject": "As shown in the figure, A, B, C are the three points on ⊙O, and ∠CAO = 25.0, ∠BCO = 35.0, then the degree of ∠AOB is ()",
    "unanswerable_subject": "如图,A、B、C、是⊙O上的三点,且∠CAO=25°,则∠AOB的度数为()",
    "unanswerable_eng_subject": "As shown in the figure, A, B, C are the three points on ⊙O, and ∠CAO = 25.0, then the degree of ∠AOB is ()",
    "choices": [
        "100°",
        "110°",
        "120°",
        "130°"
    ],
    "label": 2,
    "formal_point": [
        "圆周角",
        "圆心角"
    ],
    "answer": "解:延长CO交⊙O于点D,∵∠BCO=35°,∴∠BOD=70°．∵∠CAO=25°,CO=OA,∴∠ACO=∠CAO=25°,∴∠AOD=2∠ACO=50°,∴∠AOB=50°+70°=120°．故选:C．",
    "numbers": [
        25.0,
        35.0
    ]
}