{
    "id": 7573,
    "subject": "如图,在平行四边形ABCD中,AE=EB,AF=2,则FC的值为()",
    "eng_subject": "As shown in the figure, in the parallelogram ABCD, AE = EB, AF = 2.0, then the value of FC is ()",
    "unanswerable_subject": "如图,在平行四边形ABCD中,AF=2,则FC的值为()",
    "unanswerable_eng_subject": "As shown in the figure, in the parallelogram ABCD, AF = 2.0, then the value of FC is ()",
    "choices": [
        "5",
        "4",
        "3",
        "2"
    ],
    "label": 1,
    "formal_point": [
        "相似三角形",
        "平行四边形"
    ],
    "answer": "解:∵四边形ABCD是平行四边形,∴AB=CD,AB∥CD,∴∠CDE=∠AED,∠DCA=∠CAB,∴△AEF∽△CDF,∴AF:CF=AE:CD,∵AE=EB,∴AE=\\frac{1}{2}AB,∴AE=\\frac{1}{2}CD,即AE:CD=1:2,∵AF=2,∴CF=4,故选:B．",
    "numbers": [
        2.0
    ]
}