{
    "id": 3022,
    "subject": "如图,点B在⊙O上,弦AC∥OB,∠BOC=50°,则∠OAB=()",
    "eng_subject": "As shown in the figure, point B is on ⊙O, chord AC ∥ OB, ∠BOC = 50.0, then ∠OAB = ()",
    "unanswerable_subject": "如图,点B在⊙O上,∠BOC=50°,则∠OAB=()",
    "unanswerable_eng_subject": "As shown in the figure, point B is on ⊙O, ∠BOC = 50.0, then ∠OAB = ()",
    "choices": [
        "25°",
        "50°",
        "60°",
        "30°"
    ],
    "label": 0,
    "formal_point": [
        "圆周角",
        "平行线"
    ],
    "answer": "解:∵∠BOC=2∠BAC,∠BOC=50°,∴∠BAC=25°,∵AC∥OB,∴∠BAC=∠B=25°,∵OA=OB,∴∠OBA=∠BAO=25°,故选:A．",
    "numbers": [
        50.0
    ]
}