{
    "question": "Will has $12,547. Does he have enough to buy a ticket for a Mexican cruise and a ticket for an Atlantic cruise?",
    "choices": [
        "yes",
        "no"
    ],
    "answer": "no",
    "unit": null,
    "table_title": null,
    "table": "ticket for an Alaskan cruise | $1,967\nticket for a Mexican cruise | $5,832\nticket for a Mediterranean cruise | $8,138\nticket for an Atlantic cruise | $7,328\nticket for an Australian cruise | $1,276",
    "table_for_pd": {
        "Column 1": [
            "ticket for an Alaskan cruise",
            "ticket for a Mexican cruise",
            "ticket for a Mediterranean cruise",
            "ticket for an Atlantic cruise",
            "ticket for an Australian cruise"
        ],
        "Column 2": [
            "$1,967",
            "$5,832",
            "$8,138",
            "$7,328",
            "$1,276"
        ]
    },
    "row_num": 5,
    "column_num": 2,
    "solution": "Add the price of a ticket for a Mexican cruise and the price of a ticket for an Atlantic cruise:\n\n$5,832 + $7,328 = $13,160\n\n$13,160 is more than $12,547. Will does not have enough money.",
    "ques_type": "multi_choice",
    "ans_type": "boolean_text",
    "grade": 5,
    "split": "test"
}