{
    "id": 8753,
    "subject": "如图,AB、CD是⊙O的弦,且AB∥CD,若∠BAD=36°,则∠AOC等于()",
    "eng_subject": "As shown in the figure, AB and CD are the chords of ⊙O, and AB ∥ CD, if ∠BAD = 36.0, then ∠AOC is equal to ()",
    "unanswerable_subject": "如图,AB、CD是⊙O的弦,若∠BAD=36°,则∠AOC等于()",
    "unanswerable_eng_subject": "As shown in the figure, AB and CD are the chords of ⊙O, if ∠BAD = 36.0, then ∠AOC is equal to ()",
    "choices": [
        "36°",
        "54°",
        "72°",
        "90°"
    ],
    "label": 2,
    "formal_point": [
        "圆周角",
        "平行线",
        "圆心角"
    ],
    "answer": "解:∵AB∥CD,∴∠ADC=∠BAD=36°,∴∠AOC=2∠ADC=2×36°=72°．故选:C．",
    "numbers": [
        36.0
    ]
}