{
    "id": 7761,
    "subject": "如图,已知D、E分别是△ABC中AB、AC边上的点,DE∥BC且\\frac{AD}{AB}=\\frac{1}{3},△ADE的周长2,则△ABC的周长为()",
    "eng_subject": "As shown in the figure, it is known that D and E are the points on AB and AC in △ABC, DE ∥ BC and \\frac{AD}{AB}=\\frac{1.0}{3.0}, the perimeter of △ADE is 2.0, then the perimeter of △ABC is ()",
    "unanswerable_subject": "如图,已知D、E分别是△ABC中AB、AC边上的点,\\frac{AD}{AB}=\\frac{1}{3},△ADE的周长2,则△ABC的周长为()",
    "unanswerable_eng_subject": "As shown in the figure, it is known that D and E are the points on AB and AC in △ABC, \\frac{AD}{AB}=\\frac{1.0}{3.0}, the perimeter of △ADE is 2.0, then the perimeter of △ABC is ()",
    "choices": [
        "4",
        "6",
        "8",
        "18"
    ],
    "label": 1,
    "formal_point": [
        "相似三角形"
    ],
    "answer": "解:∵DE∥BC,∴△ADE∽△ABC,∴\\frac{AD+DE+AE}{AB+BC+AC}=\\frac{AD}{AB}=\\frac{1}{3}∵AD+DE+AE=2,∴AB+BC+AC=6．故选:B．",
    "numbers": [
        1.0,
        3.0,
        2.0
    ]
}