{
    "id": 4513,
    "subject": "如图,AB∥CD,AD与BC相交于点O,若AO=2,DO=4,BO=3,则BC的长为()",
    "eng_subject": "As shown in the figure, AB ∥ CD, AD and BC intersect at point O, if AO = 2.0, DO = 4.0, BO = 3.0, then the length of BC is ()",
    "unanswerable_subject": "如图,AB∥CD,AD与BC相交于点O,若AO=2,DO=4,则BC的长为()",
    "unanswerable_eng_subject": "As shown in the figure, AB ∥ CD, AD and BC intersect at point O, if AO = 2.0, DO = 4.0, then the length of BC is ()",
    "choices": [
        "6",
        "9",
        "12",
        "15"
    ],
    "label": 1,
    "formal_point": [
        "平行线",
        "平行线分线段成比例"
    ],
    "answer": "解:∵AB∥CD,∴\\frac{BO}{CO}=\\frac{AO}{DO}；∵AO=2,DO=4,BO=3,∴\\frac{3}{CO}=\\frac{2}{4},解得:CO=6,∴BC=BO+CO=3+6=9．故选:B．",
    "numbers": [
        2.0,
        4.0,
        3.0
    ]
}