{
    "id": 9230,
    "subject": "如图,在▱ABCD中,BC=BD,∠C=65°,则∠ADB的度数是()",
    "eng_subject": "As shown in the figure, in ▱ABCD, BC = BD, ∠C = 65.0, then the degree of ∠ADB is ()",
    "unanswerable_subject": "如图,在▱ABCD中,∠C=65°,则∠ADB的度数是()",
    "unanswerable_eng_subject": "As shown in the figure, in ▱ABCD, ∠C = 65.0, then the degree of ∠ADB is ()",
    "choices": [
        "25°",
        "35°",
        "50°",
        "60°"
    ],
    "label": 2,
    "formal_point": [
        "三角形内角和",
        "平行四边形",
        "等腰三角形",
        "平行线"
    ],
    "answer": "解:∵BC=BD,∠C=65°,∴∠BDC=∠C=65°,∴∠DBC=180°-∠C-∠BDC=50°,∵四边形ABCD是平行四边形,∴AD∥BC,∴∠ADB=∠DBC=50°,故选:C．",
    "numbers": [
        65.0
    ]
}