{
    "id": 4642,
    "subject": "如图所示,在△ABC中,DE∥BC,若AD=1,DB=2,则\\frac{AD}{AB}的值为()",
    "eng_subject": "As shown in the figure, in △ABC, DE ∥ BC, if AD = 1.0, DB = 2.0, then the value of \\frac ADAB is ()",
    "unanswerable_subject": "如图所示,在△ABC中,DE∥BC,若AD=1,则\\frac{AD}{AB}的值为()",
    "unanswerable_eng_subject": "As shown in the figure, in △ABC, DE ∥ BC, if AD = 1.0, then the value of \\frac ADAB is ()",
    "choices": [
        "\\frac{2}{3}",
        "\\frac{1}{4}",
        "\\frac{1}{3}",
        "\\frac{1}{2}"
    ],
    "label": 2,
    "formal_point": [
        "平行线",
        "平行线分线段成比例"
    ],
    "answer": "解:∵AD=1,DB=2,∴AB=3,∴\\frac{AD}{AB}=\\frac{1}{3}；故选:C．",
    "numbers": [
        1.0,
        2.0
    ]
}