{
    "id": 5501,
    "subject": "如图,PA,PB切⊙O于点A,B,点C是⊙O上一点,且∠P=36°,则∠ACB=()",
    "eng_subject": "As shown in the figure, PA, PB are tangent to ⊙O at points A, B, point C is a point on ⊙O, and ∠P = 36.0, then ∠ACB = ()",
    "unanswerable_subject": "如图,PA,PB切⊙O于点A,B,且∠P=36°,则∠ACB=()",
    "unanswerable_eng_subject": "As shown in the figure, PA, PB are tangent to ⊙O at points A, B, and ∠P = 36.0, then ∠ACB = ()",
    "choices": [
        "54°",
        "72°",
        "108°",
        "144°"
    ],
    "label": 1,
    "formal_point": [
        "切线",
        "圆周角"
    ],
    "answer": "解:如图所示,连接OA、OB．p<(\\phi,7)∵PA、PB都为圆O的切线,∴∠PAO=∠PBO=90°．∵∠P=36°,∴∠AOB=144°．∴∠C=\\frac{1}{2}∠AOB=\\frac{1}{2}=72°．故选:B．",
    "numbers": [
        36.0
    ]
}