{
    "id": 5729,
    "subject": "如图,在▱ABCD中,∠BCD的平分线交AD于点E,交BA的延长线于点F,BF=4AF,BC=12,则AF的长度是()",
    "eng_subject": "As shown in the figure, in ▱ABCD, the bisector of ∠BCD intersects AD at point E, and it intersects the extended line of BA at point F, BF = 4 AF, BC = 12.0, then the length of AF is ()",
    "unanswerable_subject": "如图,在▱ABCD中,∠BCD的平分线交AD于点E,交BA的延长线于点F,BC=12,则AF的长度是()",
    "unanswerable_eng_subject": "As shown in the figure, in ▱ABCD, the bisector of ∠BCD intersects AD at point E, and it intersects the extended line of BA at point F, BC = 12.0, then the length of AF is ()",
    "choices": [
        "6",
        "5",
        "4",
        "3"
    ],
    "label": 3,
    "formal_point": [
        "平行四边形"
    ],
    "answer": "解:∵四边形ABCD为平行四边形,∴AD∥BC,AB∥DC,AB=CD,AD=BC=12,∴∠DEC=∠ECB,∵CF平分∠BCD,∴∠ECD=∠ECB,∴∠DEC=∠ECD,∴DE=DC,∴AE=AD-DE=12-DE,∵BF∥CD,∴△AEF∽△DEC,∵BF=4AF,∴\\frac{AF}{CD}=\\frac{AE}{DE},即\\frac{1}{3}=\\frac{12-DE}{DE},则DE=9．∴DE=DC=AB=9,∴AF=3,故选:D．",
    "numbers": [
        12.0
    ]
}