{
    "id": 22,
    "subject": "如图,已知∠1=∠2=∠3=55°,则∠4的度数是()",
    "eng_subject": "As shown in the figure, it is known that ∠1 = ∠2 = ∠3 = 55.0, then the degree of ∠4 is ()",
    "unanswerable_subject": "如图,已知∠1=∠2=55°,则∠4的度数是()",
    "unanswerable_eng_subject": "As shown in the figure, it is known that ∠1 = ∠2 = 55.0, then the degree of ∠4 is ()",
    "choices": [
        "110°",
        "115°",
        "120°",
        "125°"
    ],
    "label": 3,
    "formal_point": [
        "平行线"
    ],
    "answer": "试题分析:∵∠1=∠2,∠5=∠1(对顶角相等),∴∠2=∠5,∴a//b(同位角相等,得两直线平行);∴∠3=∠6=55°(两直线平行,内错角相等),故∠4=180°-55°=125°(邻补角互补).故选D.",
    "numbers": [
        55.0
    ]
}