{
    "question": "Sandeep has $759.00. Does he have enough to buy a microwave and a refrigerator?",
    "choices": [
        "yes",
        "no"
    ],
    "answer": "no",
    "unit": null,
    "table_title": null,
    "table": "microwave | $104.00\nwashing machine | $482.00\nrefrigerator | $669.00\ndishwasher | $386.00",
    "table_for_pd": {
        "Column 1": [
            "microwave",
            "washing machine",
            "refrigerator",
            "dishwasher"
        ],
        "Column 2": [
            "$104.00",
            "$482.00",
            "$669.00",
            "$386.00"
        ]
    },
    "row_num": 4,
    "column_num": 2,
    "solution": "Add the price of a microwave and the price of a refrigerator:\n\n$104.00 + $669.00 = $773.00\n\n$773.00 is more than $759.00. Sandeep does not have enough money.",
    "ques_type": "multi_choice",
    "ans_type": "boolean_text",
    "grade": 8,
    "split": "test"
}