{
    "question": "Look at this table. Is this relation a function?",
    "choices": [
        "yes",
        "no"
    ],
    "answer": "yes",
    "unit": null,
    "table_title": null,
    "table": "x | y\n9 | 8\n12 | 3\n20 | 11\n15 | 16",
    "table_for_pd": {
        "x": [
            "9",
            "12",
            "20",
            "15"
        ],
        "y": [
            "8",
            "3",
            "11",
            "16"
        ]
    },
    "row_num": 5,
    "column_num": 2,
    "solution": "Look at the x-values in the table.\n\nEach of the x-values is paired with only one y-value, so the relation is a function.",
    "ques_type": "multi_choice",
    "ans_type": "boolean_text",
    "grade": 8,
    "split": "test"
}