{
    "id": 194,
    "subject": "如图,直线a与直线b被直线c所截,b⊥c,垂足为点A,∠1=70°．若使直线b与直线a平行,则可将直线b绕着点A顺时针旋转()",
    "eng_subject": "As shown in the figure, the straight line a and the straight line b are intercepted by the straight line c, b ⊥ c, the foot of perpendicular is the point A, ∠1 = 70.0. If the line b is parallel to the line a, the line b can be rotated () clockwise around the point A ",
    "unanswerable_subject": "如图,直线a与直线b被直线c所截,b⊥c,垂足为点A．若使直线b与直线a平行,则可将直线b绕着点A顺时针旋转()",
    "unanswerable_eng_subject": "As shown in the figure, the straight line a and the straight line b are intercepted by the straight line c, b ⊥ c, the foot of perpendicular is the point A. If the line b is parallel to the line a, the line b can be rotated () clockwise around the point A ",
    "choices": [
        "70°",
        "50°",
        "30°",
        "20°"
    ],
    "label": 3,
    "formal_point": [
        "旋转",
        "垂线",
        "平行线",
        "内错角"
    ],
    "answer": "试题解析:∵b⊥c,∴∠2=90°.∵∠1=70°,a//b,∴直线b绕着点A顺时针旋转的度数=90°-70°=20°.故选D.",
    "numbers": [
        70.0
    ]
}