{
    "id": 2970,
    "subject": "如图,已知AB、AD是⊙O的弦,∠BOD=50°,则∠BAD的度数是()",
    "eng_subject": "As shown in the figure, it is known that AB and AD are the chords of ⊙O, ∠BOD = 50.0, then the degree of ∠BAD is ()",
    "unanswerable_subject": "如图,已知AB是⊙O的弦,∠BOD=50°,则∠BAD的度数是()",
    "unanswerable_eng_subject": "As shown in the figure, it is known that AB and AD are the chords of ⊙O, ∠BOD = 50.0, then the degree of ∠BAD is ()",
    "choices": [
        "50°",
        "40°",
        "25°",
        "35°"
    ],
    "label": 2,
    "formal_point": [
        "圆周角",
        "圆心角"
    ],
    "answer": "解:∵∠BOD=50°,∴∠BAD=25°,故选:C．",
    "numbers": [
        50.0
    ]
}