{
    "id": 596,
    "subject": "如图,在△ABC中,∠B=40°,过点C作CD∥AB,∠ACD=65°,则∠ACB的度数为()",
    "eng_subject": "As shown in the figure, in △ABC, ∠B = 40.0, passing point C to draw CD ∥ AB, ∠ACD = 65.0, then the degree of ∠ACB is ()",
    "unanswerable_subject": "如图,在△ABC中,∠B=40°,∠ACD=65°,则∠ACB的度数为()",
    "unanswerable_eng_subject": "As shown in the figure, in △ABC, ∠B = 40.0, ∠ACD = 65.0, then the degree of ∠ACB is ()",
    "choices": [
        "60°",
        "65°",
        "70°",
        "75°"
    ],
    "label": 3,
    "formal_point": [
        "平行线",
        "邻补角",
        "对顶角"
    ],
    "answer": "试题分析:∵CD//AB,∴∠A=∠ACD=65°,∴∠ACB=180°-∠A-∠B=180°-65°-40°=75°,即∠ACB的度数为75°.故选D.",
    "numbers": [
        40.0,
        65.0
    ]
}