{
    "id": 1782,
    "subject": "如图,⊙O的直径AB垂直于弦CD,垂足是点E,∠CAO=22.5°,OC=6,则CD的长为()",
    "eng_subject": "As shown in the figure, the diameter AB of ⊙O is perpendicular to the chord CD, the foot of perpendicular is the point E, ∠CAO = 22.5, OC = 6.0, then the length of CD is ()",
    "unanswerable_subject": "如图,⊙O的直径AB垂直于弦CD,垂足是点E,OC=6,则CD的长为()",
    "unanswerable_eng_subject": "As shown in the figure, the diameter AB of ⊙O is perpendicular to the chord CD, the foot of perpendicular is the point E, OC = 6.0, then the length of CD is ()",
    "choices": [
        "6√{2}",
        "3√{2}",
        "6",
        "12"
    ],
    "label": 0,
    "formal_point": [
        "圆周角",
        "垂径定理",
        "圆心角"
    ],
    "answer": "解:∵CD⊥AB,∴CE=DE,∵∠BOC=2∠A=2×22.5°=45°,∴△OCE为等腰直角三角形,∴CE=\\frac{√{2}}{2}OC=\\frac{√{2}}{2}×6=3√{2},∴CD=2CE=6√{2}．故选:A．",
    "numbers": [
        22.5,
        6.0
    ]
}