{
    "id": 1593,
    "subject": "如图,AB∥CD,AE平分∠CAB交CD于点E,若∠C=70°,则∠AED度数为()",
    "eng_subject": "As shown in the figure, AB ∥ CD, AE bisects ∠CAB and CD at point E, if ∠C = 70.0, then the degree of ∠AED is ()",
    "unanswerable_subject": "如图,AB∥CD,若∠C=70°,则∠AED度数为()",
    "unanswerable_eng_subject": "As shown in the figure, AB ∥ CD, if ∠C = 70.0, then the degree of ∠AED is ()",
    "choices": [
        "110°",
        "125°",
        "135°",
        "140°"
    ],
    "label": 1,
    "formal_point": [
        "角平分线",
        "三角形的外角",
        "平行线"
    ],
    "answer": "∵AB||CD,∴∠BAC+∠C=180°,∵∠C=70°∴∠CAB=180°-70°=110°,又∵AE平分∠BAC,∴∠CAE=55°,∴∠AED=∠C+∠CAE=125°,故选B.",
    "numbers": [
        70.0
    ]
}