{
    "id": 3382,
    "subject": "如图,在⊙O中,弦AC∥半径OB,∠BOC=50°,则∠OBA的度数()",
    "eng_subject": "As shown in the figure, in ⊙O, chord AC ∥ radius OB, ∠BOC = 50.0, then the degree of ∠OBA is ()",
    "unanswerable_subject": "如图,在⊙O中,∠BOC=50°,则∠OBA的度数()",
    "unanswerable_eng_subject": "As shown in the figure, in ⊙O, ∠BOC = 50.0, then the degree of ∠OBA is ()",
    "choices": [
        "25°",
        "50°",
        "60°",
        "30°"
    ],
    "label": 0,
    "formal_point": [
        "圆周角",
        "平行线"
    ],
    "answer": "解:∵∠BOC=2∠BAC,∠BOC=50°,∴∠BAC=25°,∵AC∥OB,∴∠BAC=∠B=25°,∵OA=OB,∴∠OBA=∠BAO=25°,\n故选:A．",
    "numbers": [
        50.0
    ]
}