{
    "id": 631,
    "subject": "如图,将含30°角的三角板的直角顶点放在直尺的一边上,若∠1=35°,则∠2的度数为()",
    "eng_subject": "As shown in the figure, put the right-angled vertex of the triangle plate with 30.0 angle on one side of the ruler, if ∠1 = 35.0, then the degree of ∠2 is ()",
    "unanswerable_subject": "如图,将含30°角的三角板的直角顶点放在直尺的一边上,则∠2的度数为()",
    "unanswerable_eng_subject": "As shown in the figure, put the right-angled vertex of the triangle plate with 30.0 angle on one side of the ruler, then the degree of ∠2 is ()",
    "choices": [
        "80°",
        "65°",
        "60°",
        "55°"
    ],
    "label": 1,
    "formal_point": [
        "平行线",
        "邻补角",
        "对顶角"
    ],
    "answer": "如图,∵∠1=35°,∠3=30°,∴∠4=115°,∵∠2+∠4=180°,∴∠2=65°.故选B.",
    "numbers": [
        30.0,
        35.0
    ]
}