{
    "id": 2664,
    "subject": "在Rt△ACB中,∠C=90°,BC=5,AC=12,则sinA=()",
    "eng_subject": "In Rt△ACB, ∠C = 90.0, BC = 5.0, AC = 12.0, then sinA = ()",
    "unanswerable_subject": "在Rt△ACB中,∠C=90°,BC=5,则sinA=()",
    "unanswerable_eng_subject": "In Rt△ACB, ∠C = 90.0, BC = 5.0, then sinA = ()",
    "choices": [
        "\\frac{5}{12}",
        "\\frac{12}{5}",
        "\\frac{5}{13}",
        "\\frac{12}{13}"
    ],
    "label": 2,
    "formal_point": [
        "三角函数",
        "直角三角形"
    ],
    "answer": "解:AB=√{AC^{2}+BC^{2}}=13,\n则sinA=\\frac{BC}{AB}=\\frac{5}{13}．\n故选:C．",
    "numbers": [
        90.0,
        5.0,
        12.0
    ]
}