{
    "id": 3001,
    "subject": "如图,已知CD为圆O的直径,过点D的弦DE平行于半径OA,若角D=50°,则角C的度数是()",
    "eng_subject": "As shown in the figure, it is known that CD is the diameter of circle O, and the chord DE passing through the point D is parallel to the radius OA. If the angle D = 50.0, the degree of the angle C is ()",
    "unanswerable_subject": "如图,已知CD为圆O的直径,若角D=50°,则角C的度数是()",
    "unanswerable_eng_subject": "As shown in the figure, it is known that CD is the diameter of circle O. If the angle D = 50.0, the degree of the angle C is ()",
    "choices": [
        "50°",
        "25°",
        "30°",
        "40°"
    ],
    "label": 1,
    "formal_point": [
        "圆周角",
        "平行线",
        "圆心角"
    ],
    "answer": "解:∵OA∥DE,∴∠AOD=∠D=50°,∴∠C=\\frac{1}{2}∠AOD=25°．故选:B．",
    "numbers": [
        50.0
    ]
}