{
    "id": 970,
    "subject": "如图,若CB=4cm,DB=7cm,且D是AC的中点,则AC的长为()",
    "eng_subject": "As shown in the figure, if CB = 4.0, DB = 7.0, and D is the midpoint of AC, then the length of AC is ()",
    "unanswerable_subject": "如图,若CB=4cm,DB=7cm,则AC的长为()",
    "unanswerable_eng_subject": "As shown in the figure, if CB = 4.0, DB = 7.0, then the length of AC is ()",
    "choices": [
        "6cm",
        "7cm",
        "4cm",
        "5cm"
    ],
    "label": 0,
    "formal_point": [],
    "answer": "∵CB=4cm,DB=7cm∴CD=7-4=3(cm);∵D是AC的中点,∴AD=CD=3cm,∴AC=AD+DC=3+3=6(cm).故选:A.",
    "numbers": [
        4.0,
        7.0
    ]
}