{
    "question": "A philanthropic organization compared the amounts of money that its members donated to certain causes. Who donated more money to arts education, Aubrey or Connor?",
    "choices": [
        "Connor",
        "Aubrey"
    ],
    "answer": "Connor",
    "unit": null,
    "table_title": "Donations",
    "table": "Person | Clean water | Arts education\nJoy | $16 | $12\nHarold | $6 | $6\nAubrey | $17 | $16\nConnor | $11 | $19",
    "table_for_pd": {
        "Person": [
            "Joy",
            "Harold",
            "Aubrey",
            "Connor"
        ],
        "Clean water": [
            "$16",
            "$6",
            "$17",
            "$11"
        ],
        "Arts education": [
            "$12",
            "$6",
            "$16",
            "$19"
        ]
    },
    "row_num": 5,
    "column_num": 3,
    "solution": "Find the Arts education column. Compare the numbers in this column for Aubrey and Connor.\n\n$19.00 is more than $16.00. Connor donated more money to arts education.",
    "ques_type": "multi_choice",
    "ans_type": "extractive_text",
    "grade": 5,
    "split": "test"
}