{
    "id": 9363,
    "subject": "如图,P为平行四边形ABCD内一点,过点P分别作AB、AD的平行线交平行四边形于E、F、G、H四点,若S~AHPE~=3,S~PFCG~=5,则S~△PBD~为()",
    "eng_subject": "As shown in the figure, P is a point in the parallelogram ABCD, and cross point P to draw the parallel line of AB and AD to intersect the parallelogram at the four points of E, F, G, and H. If S~AHPE~ = 3.0, S~PFCG~ = 5.0 , Then S~△PBD~ is ()",
    "unanswerable_subject": "如图,P为平行四边形ABCD内一点,过点P分别作AB、AD的平行线交平行四边形于E、F、G、H四点,若S~AHPE~=3,则S~△PBD~为()",
    "unanswerable_eng_subject": "As shown in the figure, P is a point in the parallelogram ABCD, and cross point P to draw the parallel line of AB and AD to intersect the parallelogram at the four points of E, F, G, and H. If S~AHPE~ = 3.0, Then S~△PBD~ is ()",
    "choices": [
        "1.5",
        "1",
        "2.5",
        "3"
    ],
    "label": 1,
    "formal_point": [
        "平行四边形",
        "平行线"
    ],
    "answer": "解:显然EPGD、GPFC、EPHA、PHBF均为平行四边形,∴S~△DEP~=S~△DGP~=\\frac{1}{2}S~平行四边形DEPG~,∴S~△PHB~=S~△PBF~=\\frac{1}{2}S~平行四边形PHBF~,又S~△ADB~=S~△EPD~+S~平行四边形AHPE~+S~△PHB~+S~△PDB~①S~△BCD~=S~△PDG~+S~平行四边形PFCG~+S~△PFB~-S~△PDB~②①-②得0=S~平行四边形AHPE~-S~平行四边形PFCG~+2S~△PDB~,即2S~△PBD~=5-3=2∴S~△PBD~=1．故选:B．",
    "numbers": [
        3.0,
        5.0
    ]
}