{
    "question": "Look at the following schedule. Molly just missed the 1.45 P.M. train at Pleasant River Campground. How long does she have to wait until the next train?",
    "choices": [
        "2 hours and 15 minutes",
        "2 hours",
        "1 hour and 30 minutes",
        "1 hour and 45 minutes"
    ],
    "answer": "2 hours and 15 minutes",
    "unit": null,
    "table_title": "Train schedule",
    "table": "Gecko Paradise | 9:30 A.M. | 11:15 A.M. | 11:30 A.M. | 1:45 P.M. | 9:00 P.M.\nRollercoaster Land | 10:00 A.M. | 11:45 A.M. | 12:00 P.M. | 2:15 P.M. | 9:30 P.M.\nMagician Village | 11:00 A.M. | 12:45 P.M. | 1:00 P.M. | 3:15 P.M. | 10:30 P.M.\nPleasant River Campground | 11:45 A.M. | 1:30 P.M. | 1:45 P.M. | 4:00 P.M. | 11:15 P.M.\nSnowy Mountain | 12:30 P.M. | 2:15 P.M. | 2:30 P.M. | 4:45 P.M. | 12:00 A.M.\nRocky Ravine Town | 1:30 P.M. | 3:15 P.M. | 3:30 P.M. | 5:45 P.M. | 1:00 A.M.\nSkyscraper City | 2:30 P.M. | 4:15 P.M. | 4:30 P.M. | 6:45 P.M. | 2:00 A.M.",
    "table_for_pd": {
        "Column 1": [
            "Gecko Paradise",
            "Rollercoaster Land",
            "Magician Village",
            "Pleasant River Campground",
            "Snowy Mountain",
            "Rocky Ravine Town",
            "Skyscraper City"
        ],
        "Column 2": [
            "9:30 A.M.",
            "10:00 A.M.",
            "11:00 A.M.",
            "11:45 A.M.",
            "12:30 P.M.",
            "1:30 P.M.",
            "2:30 P.M."
        ],
        "Column 3": [
            "11:15 A.M.",
            "11:45 A.M.",
            "12:45 P.M.",
            "1:30 P.M.",
            "2:15 P.M.",
            "3:15 P.M.",
            "4:15 P.M."
        ],
        "Column 4": [
            "11:30 A.M.",
            "12:00 P.M.",
            "1:00 P.M.",
            "1:45 P.M.",
            "2:30 P.M.",
            "3:30 P.M.",
            "4:30 P.M."
        ],
        "Column 5": [
            "1:45 P.M.",
            "2:15 P.M.",
            "3:15 P.M.",
            "4:00 P.M.",
            "4:45 P.M.",
            "5:45 P.M.",
            "6:45 P.M."
        ],
        "Column 6": [
            "9:00 P.M.",
            "9:30 P.M.",
            "10:30 P.M.",
            "11:15 P.M.",
            "12:00 A.M.",
            "1:00 A.M.",
            "2:00 A.M."
        ]
    },
    "row_num": 7,
    "column_num": 6,
    "solution": "Find 1:45 P. M. in the row for Pleasant River Campground.\n\nLook for the next train in that row.\n\nThe next train is at 4:00 P. M.\n\nFind the elapsed time. The elapsed time is 2 hours and 15 minutes.",
    "ques_type": "multi_choice",
    "ans_type": "other_text",
    "grade": 4,
    "split": "test"
}