{
    "question": "Nellie, an employee at Erickson's Convenience Store, looked at the sales of each of its soda products. On Saturday, which beverage had the highest sales?",
    "choices": [
        "Sweet Sips",
        "Fizzy Fun",
        "Krazy Kola"
    ],
    "answer": "Fizzy Fun",
    "unit": null,
    "table_title": "Convenience store beverage sales",
    "table": "Beverage | Saturday | Sunday\nKrazy Kola | $2 | $7\nFizzy Fun | $12 | $20\nSweet Sips | $9 | $1",
    "table_for_pd": {
        "Beverage": [
            "Krazy Kola",
            "Fizzy Fun",
            "Sweet Sips"
        ],
        "Saturday": [
            "$2",
            "$12",
            "$9"
        ],
        "Sunday": [
            "$7",
            "$20",
            "$1"
        ]
    },
    "row_num": 4,
    "column_num": 3,
    "solution": "Look at the numbers in the Saturday column. Find the greatest number in this column.\n\nThe greatest number is $12.00, which is in the Fizzy Fun row. On Saturday, Fizzy Fun had the highest sales.",
    "ques_type": "multi_choice",
    "ans_type": "extractive_text",
    "grade": 5,
    "split": "test"
}