{
    "id": 2466,
    "subject": "如图,AB是斜靠在墙壁上的固定爬梯,梯脚B到墙脚C的距离1.6m,梯上一点D到墙面的距离1.4m,BD长0.5m,则梯子的长为()",
    "eng_subject": "As shown in the figure, AB is a fixed climbing ladder leaning on the wall, the distance from the foot of the ladder B to the foot of the wall C is 1.6, the distance from the point D on the ladder to the wall is 1.4, and the length of the ladder is 0.5, then the length of the ladder is ()",
    "unanswerable_subject": "如图,AB是斜靠在墙壁上的固定爬梯,梯脚B到墙脚C的距离1.6m,梯上一点D到墙面的距离1.4m,则梯子的长为()",
    "unanswerable_eng_subject": "As shown in the figure, AB is a fixed climbing ladder leaning on the wall, the distance from the foot of the ladder B to the foot of the wall C is 1.6, the distance from the point D on the ladder to the wall is 1.4, then the length of the ladder is ()",
    "choices": [
        "3.5m",
        "4m",
        "4.5m",
        "5m"
    ],
    "label": 1,
    "formal_point": [
        "相似三角形",
        "距离"
    ],
    "answer": "解:因为梯子每一条踏板均和地面平行,所以构成一组相似三角形,\n即△ABC∽△ADE,则\\frac{DE}{BC}=\\frac{AD}{AB},\n设梯子长为x米,则\\frac{x-0.5}{x}=\\frac{1.4}{1.6},\n解得,x=4(m)．\n故选:B．",
    "numbers": [
        1.6,
        1.4,
        0.5
    ]
}