{
    "id": 1368,
    "subject": "如图,已知AB、AD是圆O的弦,∠ABO=30°,∠ADO=20°,则∠BAD=()",
    "eng_subject": "As shown in the figure, it is known that AB and AD are the chords of circle O, ∠ABO = 30.0, ∠ADO = 20.0, then ∠BAD = ()",
    "unanswerable_subject": "如图,已知AB、AD是圆O的弦,∠ABO=30°,则∠BAD=()",
    "unanswerable_eng_subject": "As shown in the figure, it is known that AB and AD are the chords of circle O, ∠ABO = 30.0, then ∠BAD = ()",
    "choices": [
        "30°",
        "40°",
        "50°",
        "60°"
    ],
    "label": 2,
    "formal_point": [],
    "answer": "解:如图,连接AO,则AO=BO=DO∠ABO=∠BAO;∠ADO=∠DAO∵∠ABO=30°,∠ADO=20°∴∠BAD=∠BAO+∠DAO=20^{°}+30^{°}=50^{°}.故选C.",
    "numbers": [
        30.0,
        20.0
    ]
}