{
    "id": 4201,
    "subject": "如图,PA、PB是⊙O的切线,AC是⊙O直径,∠c=55°,则∠APB等于()",
    "eng_subject": "As shown in the figure, PA and PB are the tangents of ⊙O, AC is the diameter of ⊙O, ∠c = 55.0, then ∠APB is equal to ()",
    "unanswerable_subject": "如图,PA是⊙O的切线,AC是⊙O直径,∠c=55°,则∠APB等于()",
    "unanswerable_eng_subject": "As shown in the figure, PA is the tangent of ⊙O, AC is the diameter of ⊙O, ∠c = 55.0, then ∠APB is equal to ()",
    "choices": [
        "55°",
        "60°",
        "65°",
        "70°"
    ],
    "label": 3,
    "formal_point": [
        "切线",
        "圆周角",
        "等腰三角形"
    ],
    "answer": "解:连接OB,∵PA、PB是⊙O的切线,AC是⊙O直径,∴∠OAP=∠OBP=∠ABC=90°,∵∠C=55°,OC=OB,∴∠OBC=55°,∴∠AOB=110°,则在四边形AOBP中,∠APB=70°．故选:D．",
    "numbers": [
        55.0
    ]
}