{
    "id": 7259,
    "subject": "如图,BE,CF为△ABC的两条高,若AB=6,BC=5,EF=3,则AE的长为()",
    "eng_subject": "As shown in the figure, BE and CF are the two heights of △ABC. If AB = 6.0, BC = 5.0, EF = 3.0, then the length of AE is ()",
    "unanswerable_subject": "如图,BE,CF为△ABC的两条高,若AB=6,BC=5,则AE的长为()",
    "unanswerable_eng_subject": "As shown in the figure, BE and CF are the two heights of △ABC. If AB = 6.0, BC = 5.0, then the length of AE is ()",
    "choices": [
        "\\frac{18}{5}",
        "4",
        "\\frac{21}{5}",
        "\\frac{24}{5}"
    ],
    "label": 0,
    "formal_point": [
        "相似三角形"
    ],
    "answer": "解:∵BE,CF为△ABC的两条高,∴∠AEB=∠AFC=90°,∵∠A=∠A,∴△AEB∽△AFC,∴\\frac{AE}{AF}=\\frac{AB}{AC},∵∠A=∠A,∴△AEF∽△ABC,∴\\frac{EF}{BC}=\\frac{AE}{AB},∵AB=6,BC=5,EF=3,∴\\frac{3}{5}=\\frac{AE}{6},∴AE=\\frac{18}{5},故选:A．",
    "numbers": [
        6.0,
        5.0,
        3.0
    ]
}