{
    "question": "Tara has $567.00. Does she have enough to buy a coffee table and a couch?",
    "choices": [
        "yes",
        "no"
    ],
    "answer": "no",
    "unit": null,
    "table_title": null,
    "table": "coffee table | $215.00\ndesk | $235.00\nkitchen table | $184.00\ncouch | $361.00",
    "table_for_pd": {
        "Column 1": [
            "coffee table",
            "desk",
            "kitchen table",
            "couch"
        ],
        "Column 2": [
            "$215.00",
            "$235.00",
            "$184.00",
            "$361.00"
        ]
    },
    "row_num": 4,
    "column_num": 2,
    "solution": "Add the price of a coffee table and the price of a couch:\n\n$215.00 + $361.00 = $576.00\n\n$576.00 is more than $567.00. Tara does not have enough money.",
    "ques_type": "multi_choice",
    "ans_type": "boolean_text",
    "grade": 4,
    "split": "test"
}