{
    "id": 3448,
    "subject": "如图,四边形ABCD内接于⊙O,AB为⊙O的直径,点C为⁀{BD}的中点,若∠DAB=50°,则∠ABC的大小是()",
    "eng_subject": "As shown in the figure, the quadrilateral ABCD is inscribed in ⊙O, AB is the diameter of ⊙O, and point C is the midpoint of ⁀BD. If ∠DAB = 50.0, then the size of ∠ABC is ()",
    "unanswerable_subject": "如图,四边形ABCD内接于⊙O,AB为⊙O的直径,若∠DAB=50°,则∠ABC的大小是()",
    "unanswerable_eng_subject": "As shown in the figure, the quadrilateral ABCD is inscribed in ⊙O, AB is the diameter of ⊙O. If ∠DAB = 50.0, then the size of ∠ABC is ()",
    "choices": [
        "55°",
        "60°",
        "65°",
        "70°"
    ],
    "label": 2,
    "formal_point": [
        "圆周角",
        "圆内接四边形"
    ],
    "answer": "解:连接OC,∵点C为⁀{BD}的中点,∴∠BOC=∠DAB=50°,∵OC=OB,∴∠ABC=∠OCB=65°,\n故选:C．",
    "numbers": [
        50.0
    ]
}