{
    "id": 6711,
    "subject": "如图,圆心角都是90°的扇形OAB与扇形OCD叠放在一起,OA=3,OC=1,分别连接AC、BD,则图中阴影部分的面积为()",
    "eng_subject": "As shown in the figure, the sector OAB and the sector OCD whose central angles are all 90.0 are stacked together, OA = 3.0, OC = 1.0, respectively connect AC and BD, then the area of ​​the shaded part in the figure is ()",
    "unanswerable_subject": "如图,圆心角都是90°的扇形OAB与扇形OCD叠放在一起,OA=3,分别连接AC、BD,则图中阴影部分的面积为()",
    "unanswerable_eng_subject": "As shown in the figure, the sector OAB and the sector OCD whose central angles are all 90.0 are stacked together, OA = 3.0, respectively connect AC and BD, then the area of ​​the shaded part in the figure is ()",
    "choices": [
        "\\frac{1}{2}π",
        "π",
        "2π",
        "4π"
    ],
    "label": 2,
    "formal_point": [
        "扇形面积",
        "圆心角"
    ],
    "answer": "解:由图可知,将△OAC顺时针旋转90°后可与△ODB重合,∴S~△OAC~=S~△OBD~；因此S_{阴影}=S~扇形OAB~+S~△OBD~-S~△OAC~-S~扇形OCD~=S~扇形OAB~-S~扇形OCD~=\\frac{1}{4}π×(9-1)=2π．故选:C．",
    "numbers": [
        90.0,
        3.0,
        1.0
    ]
}