{
    "id": 8406,
    "subject": "如图,在Rt△ABC中,AD⊥BC于D,DE⊥AB于E,若AD=3,DE=2,则AC=()",
    "eng_subject": "As shown in the figure, in Rt△ABC, AD ⊥ BC at D, DE ⊥ AB at E, if AD = 3.0, DE = 2.0, then AC = ()",
    "unanswerable_subject": "如图,在Rt△ABC中,AD⊥BC于D,DE⊥AB于E,若AD=3,则AC=()",
    "unanswerable_eng_subject": "As shown in the figure, in Rt△ABC, AD ⊥ BC at D, DE ⊥ AB at E, if AD = 3.0, then AC = ()",
    "choices": [
        "\\frac{21}{2}",
        "\\frac{√{15}}{2}",
        "√{15}",
        "\\frac{9}{2}"
    ],
    "label": 3,
    "formal_point": [
        "三角函数",
        "相似三角形",
        "直角三角形"
    ],
    "answer": "解:∵在Rt△ABC中,AD⊥BC于D,DE⊥AB于E,∴∠ADC=∠AED=∠BAC=90°,∴∠EAD+∠DAC=90°,∠C+∠CAD=90°,∴∠C=∠EAD,∴sin∠EAD=sin∠C=\\frac{DE}{AD}=\\frac{AD}{AC}∵AD=3,DE=2,∴\\frac{2}{3}=\\frac{3}{AC},解得:AC=\\frac{9}{2}．故选:D．",
    "numbers": [
        3.0,
        2.0
    ]
}