{
    "id": 1506,
    "subject": "如图,∠1=∠2,∠3=30°,则∠4等于()",
    "eng_subject": "As shown in the figure, ∠1 = ∠2, ∠3 = 30.0, then ∠4 is equal to ()",
    "unanswerable_subject": "如图,∠3=30°,则∠4等于()",
    "unanswerable_eng_subject": "As shown in the figure, ∠3 = 30.0, then ∠4 is equal to ()",
    "choices": [
        "120°",
        "130°",
        "145°",
        "150°"
    ],
    "label": 3,
    "formal_point": [
        "平行线"
    ],
    "answer": "解:∵∠1=∠2,∴allb,∴∠5=∠3=30°,∴∠4=180°-∠5,=150°,故选D",
    "numbers": [
        30.0
    ]
}