{
    "id": 5739,
    "subject": "如图,在▱ABCD中,AB=10cm,AD=15cm,AC、BD相交于点O．OE⊥BD交AD于E,则△ABE的周长为()",
    "eng_subject": "As shown in the figure, in ▱ABCD, AB = 10.0, AD = 15.0, AC and BD intersect at point O. OE ⊥ BD and it intersects AD at E, then the perimeter of △ABE is ()",
    "unanswerable_subject": "如图,在▱ABCD中,AB=10cm,AC、BD相交于点O．OE⊥BD交AD于E,则△ABE的周长为()",
    "unanswerable_eng_subject": "As shown in the figure, in ▱ABCD, AB = 10.0, AC and BD intersect at point O. OE ⊥ BD and it intersects AD at E, then the perimeter of △ABE is ()",
    "choices": [
        "20cm",
        "22cm",
        "25cm",
        "30cm"
    ],
    "label": 2,
    "formal_point": [
        "平行四边形",
        "垂线",
        "垂直平分线",
        "距离"
    ],
    "answer": "解:∵在▱ABCD中,点O是BD中点,EO⊥BD,∴EO是线段BD的中垂线,∴BE=ED,∴△ABE的周长=AB+AE+BE=AB+AD=10+15=25(cm)．故选:C．",
    "numbers": [
        10.0,
        15.0
    ]
}