{
    "id": 4436,
    "subject": "如图,⊙O与AB切于点C,∠BCE=60°,DC=6,DE=4,则S_{△CDE}为()",
    "eng_subject": "As shown in the figure, ⊙O ia tangent to AB at point C, ∠BCE = 60.0, DC = 6.0, DE = 4.0, then S_△CDE is ()",
    "unanswerable_subject": "如图,⊙O与AB切于点C,∠BCE=60°,DC=6,则S_{△CDE}为()",
    "unanswerable_eng_subject": "As shown in the figure, ⊙O ia tangent to AB at point C, ∠BCE = 60.0, DC = 6.0, then S_△CDE is ()",
    "choices": [
        "6√{5}",
        "6√{3}",
        "6√{2}",
        "6"
    ],
    "label": 1,
    "formal_point": [
        "切线",
        "三角函数",
        "含30度角的直角三角形",
        "直角三角形"
    ],
    "answer": "解:过C作CF⊥DE,交DE于点F,∵AB与圆O相切,CE为圆O的弦,∴∠CDE=∠BCE=60°,在Rt△CDF中,DC=6,∠CDE=60°,∴CF=DCsin60°=3√{3},又DE=4,则S_{△CDE}=\\frac{1}{2}DE•CF=6√{3}．故选:B．",
    "numbers": [
        60.0,
        6.0,
        4.0
    ]
}