{
    "id": 593,
    "subject": "如图,AB∥EF,CD⊥EF于点D,若∠BCD=140°,则∠ABC的度数为()",
    "eng_subject": "As shown in the figure, AB ∥ EF, CD ⊥ EF at point D, if ∠BCD = 140.0, then the degree of ∠ABC is ()",
    "unanswerable_subject": "如图,CD⊥EF于点D,若∠BCD=140°,则∠ABC的度数为()",
    "unanswerable_eng_subject": "As shown in the figure, CD ⊥ EF at point D, if ∠BCD = 140.0, then the degree of ∠ABC is ()",
    "choices": [
        "60°",
        "50°",
        "40°",
        "30°"
    ],
    "label": 1,
    "formal_point": [
        "平行线"
    ],
    "answer": "过点C作CG//AB,由题意可得:AB//EF//CG,故∠B=∠BCG,∵CD⊥EF于点D,∴∠GCD=90°∵∠BCD=140°.∴∠BCG=50^{°},∴∠ABC=50^{°},故选:B.",
    "numbers": [
        140.0
    ]
}