{
    "id": 5946,
    "subject": "如图,在△ABC中,点D、E分别是AB、AC的中点,若DE=1.5,则BC的长是()",
    "eng_subject": "As shown in the figure, in △ABC, points D and E are the midpoints of AB and AC respectively. If DE = 1.5, the length of BC is ()",
    "unanswerable_subject": "如图,在△ABC中,点D是AB的中点,若DE=1.5,则BC的长是()",
    "unanswerable_eng_subject": "As shown in the figure, in △ABC, point D is the midpoint of AB. If DE = 1.5, the length of BC is ()",
    "choices": [
        "3",
        "4",
        "2",
        "1"
    ],
    "label": 0,
    "formal_point": [
        "三角形中位线"
    ],
    "answer": "解:∵点D、E分别是AB、AC的中点,∴BC=2DE=3,故选:A．",
    "numbers": [
        1.5
    ]
}