{
    "id": 3635,
    "subject": "如图,⊙O上有A,B,C,D四点,其中∠A=80°,那么∠C的度数是()",
    "eng_subject": "As shown in the figure, there are four points A, B, C, D on ⊙O, where ∠A = 80.0, then the degree of ∠C is ()",
    "unanswerable_subject": "如图,⊙O上有A,B,C三点,其中∠A=80°,那么∠C的度数是()",
    "unanswerable_eng_subject": "As shown in the figure, there are three points A, B, C on ⊙O, where ∠A = 80.0, then the degree of ∠C is ()",
    "choices": [
        "40°",
        "60°",
        "80°",
        "100°"
    ],
    "label": 3,
    "formal_point": [
        "圆内接四边形"
    ],
    "answer": "解:∵四边形ABCD是圆内接四边形,∠A=80°,∴∠C=180°-80°=100°．\n故选:D．",
    "numbers": [
        80.0
    ]
}