{
    "question": "The table shows a function. Is the function linear or nonlinear?",
    "choices": [
        "linear",
        "nonlinear"
    ],
    "answer": "linear",
    "unit": null,
    "table_title": null,
    "table": "x | y\n7 | 3\n8 | 10\n9 | 17",
    "table_for_pd": {
        "x": [
            "7",
            "8",
            "9"
        ],
        "y": [
            "3",
            "10",
            "17"
        ]
    },
    "row_num": 4,
    "column_num": 2,
    "solution": "To determine whether the function is linear or nonlinear, see whether it has a constant rate of change.\nPick the points in any two rows of the table and calculate the rate of change between them. The first two rows are a good place to start.\nCall the values in the first row x1 and y1. Call the values in the second row x2 and y2.\nRate of change = \\frac{y2 - y1}{x2 - x1}\n = \\frac{10 - 3}{8 - 7}\n = \\frac{7}{1}\n = 7\nNow pick any other two rows and calculate the rate of change between them.\nCall the values in the second row x1 and y1. Call the values in the third row x2 and y2.\nRate of change = \\frac{y2 - y1}{x2 - x1}\n = \\frac{17 - 10}{9 - 8}\n = \\frac{7}{1}\n = 7\nThe two rates of change are the same.\nIf you checked the rate of change between rows 1 and 3, you would find that it is also 7.\nThis means the rate of change is the same for each pair of points. So, the function has a constant rate of change.\nThe function is linear.",
    "ques_type": "multi_choice",
    "ans_type": "boolean_text",
    "grade": 8,
    "split": "test"
}