{
    "id": 7802,
    "subject": "如图,DE∥BC,BD,CE相交于O,\\frac{EO}{OC}=\\frac{1}{3},AE=3,则EB=()",
    "eng_subject": "As shown in the figure, DE ∥ BC, BD, CE intersect at O, \\frac{EO}{OC}=\\frac{1.0}{3.0}, AE = N_3, then EB = ()",
    "unanswerable_subject": "如图,BD,CE相交于O,\\frac{EO}{OC}=\\frac{1}{3},AE=3,则EB=()",
    "unanswerable_eng_subject": "As shown in the figure, BD, CE intersect at O, \\frac{EO}{OC}=\\frac{1.0}{3.0}, AE = N_3, then EB = ()",
    "choices": [
        "6",
        "9",
        "12",
        "15"
    ],
    "label": 0,
    "formal_point": [
        "相似三角形",
        "平行线",
        "平行线分线段成比例"
    ],
    "answer": "解:∵DE∥BC,∴△EOD∽△COB,△AED∽△ABC,∴\\frac{DE}{BC}=\\frac{EO}{OC}=\\frac{1}{3},\\frac{DE}{BC}=\\frac{AE}{AB},又∵AE=3,∴BE=6．故选:A．",
    "numbers": [
        1.0,
        3.0,
        3.0
    ]
}