{
    "id": 1714,
    "subject": "如图,点A、B、C在⊙O上,∠ABO=22°,∠ACO=42°,则∠BOC等于()",
    "eng_subject": "As shown in the figure, points A, B, and C are on ⊙O, ∠ABO = 22.0, ∠ACO = 42.0, then ∠BOC is equal to ()",
    "unanswerable_subject": "如图,点A、B在⊙O上,∠ABO=22°,∠ACO=42°,则∠BOC等于()",
    "unanswerable_eng_subject": "As shown in the figure, points A, and B are on ⊙O, ∠ABO = 22.0, ∠ACO = 42.0, then ∠BOC is equal to ()",
    "choices": [
        "128°",
        "108°",
        "86°",
        "64°"
    ],
    "label": 0,
    "formal_point": [
        "圆周角",
        "三角形的外角",
        "等腰三角形",
        "圆心角"
    ],
    "answer": "解:过A作⊙O的直径,交⊙O于D；在△OAB中,OA=OB,则∠BOD=∠ABO+∠OAB=2×22°=44°,同理可得:∠COD=∠ACO+∠OAC=2×42°=84°,故∠BOC=∠BOD+∠COD=128°．故选:A．",
    "numbers": [
        22.0,
        42.0
    ]
}