{
    "id": 3306,
    "subject": "如图,在⊙O中,弦AB与CD交于点E,BE=DE,∠B=40°,则∠A的度数是()",
    "eng_subject": "As shown in the figure, in ⊙O, chord AB and CD intersect at point E, BE = DE, ∠B = 40.0, then the degree of ∠A is ()",
    "unanswerable_subject": "如图,在⊙O中,弦AB与CD交于点E,∠B=40°,则∠A的度数是()",
    "unanswerable_eng_subject": "As shown in the figure, in ⊙O, chord AB and CD intersect at point E, ∠B = 40.0, then the degree of ∠A is ()",
    "choices": [
        "20°",
        "30°",
        "40°",
        "80°"
    ],
    "label": 2,
    "formal_point": [
        "圆周角",
        "等腰三角形"
    ],
    "answer": "解:∵BE=DE,∠B=40°,∴∠D=∠B=40°,∴∠A=∠D=40°,\n故选:C．",
    "numbers": [
        40.0
    ]
}