{
    "id": 7924,
    "subject": "如图,在Rt△ABC中,∠BAC=90°,AB=2,AC=3,D为BC的中点,动点E,F分别在AB,AC上,分别过点EG∥AD∥FH,交BC于点G、H,若EF∥BC,则EF+EG+FH的值为()",
    "eng_subject": "As shown in the figure, in Rt△ABC, ∠BAC = 90.0, AB = 2.0, AC = 3.0, D is the midpoint of BC, and moving points E and F are on AB and AC respectively, passing points to draw EG ∥ AD ∥ FH, and they intersect BC at points G and H, if EF ∥ BC, then the value of EF + EG + FH is ()",
    "unanswerable_subject": "如图,在Rt△ABC中,∠BAC=90°,AB=2,D为BC的中点,动点E,F分别在AB,AC上,分别过点EG∥AD∥FH,交BC于点G、H,若EF∥BC,则EF+EG+FH的值为()",
    "unanswerable_eng_subject": "As shown in the figure, in Rt△ABC, ∠BAC = 90.0, AB = 2.0, D is the midpoint of BC, and moving points E and F are on AB and AC respectively, passing points to draw EG ∥ AD ∥ FH, and they intersect BC at points G and H, if EF ∥ BC, then the value of EF + EG + FH is ()",
    "choices": [
        "√{10}",
        "√{13}",
        "2√{10}",
        "2√{13}"
    ],
    "label": 1,
    "formal_point": [
        "相似三角形",
        "等腰三角形",
        "平行线"
    ],
    "answer": "解:∵∠BAC=90°,AB=2,AC=3,∴BC=√{AB²+AC²}=√{13},∵∠BAC=90°,D为BC的中点,∴DA=DB=DC,∴∠B=∠DAB,∠C=∠DAC,∵EF∥BC,EG∥AD∥FH,∴∠BEG=∠DAB,∠CFH=∠DAC,EF=GH,∴∠B=∠BEG,∠C=∠CFH,∴BG=EG,FH=HC,∴EF+EG+FH=GH+BG+HC=BC=√{13}．故选:B．",
    "numbers": [
        90.0,
        2.0,
        3.0
    ]
}