{
    "id": 1398,
    "subject": "如图所示,C、D是线段AB上两点,若AC=3cm,C为AD中点且AB=10cm,则DB=()",
    "eng_subject": "As shown in the figure, C and D are two points on the line segment AB, if AC = 3.0, C is the midpoint of AD and AB = 10.0, then DB = ()",
    "unanswerable_subject": "如图所示,C、D是线段AB上两点,若AC=3cm,且AB=10cm,则DB=()",
    "unanswerable_eng_subject": "As shown in the figure, C and D are two points on the line segment AB, if AC = 3.0, and AB = 10.0, then DB = ()",
    "choices": [
        "4cm",
        "5cm",
        "6cm",
        "7cm"
    ],
    "label": 0,
    "formal_point": [
        "距离"
    ],
    "answer": "解:∵点C为AD的中点,AC=3cm,∴CD=3cm.∵AB=10cm,AC+CD+DB=AB,∴BD=10-3-3=4cm.故答案选:A.",
    "numbers": [
        3.0,
        10.0
    ]
}