{
    "id": 4711,
    "subject": "如图,直线l_{1}∥l_{2}∥l_{3},已知:AB=4,BC=6,DE=3,则EF=()",
    "eng_subject": "As shown in the figure, the straight line l_{1.0}∥l_{2.0}∥l_{3.0}, it is known that: AB=4.0,BC=6.0,DE=3.0, then EF = ()",
    "unanswerable_subject": "如图,直线l_{1}∥l_{2}∥l_{3},已知:AB=4,BC=6,则EF=()",
    "unanswerable_eng_subject": "As shown in the figure, the straight line l_{1.0}∥l_{2.0}∥l_{3.0}, it is known that: AB=4.0,BC=6.0, then EF = ()",
    "choices": [
        "8",
        "6",
        "4.5",
        "2"
    ],
    "label": 2,
    "formal_point": [
        "平行线",
        "平行线分线段成比例"
    ],
    "answer": "解:∵l_{1}∥l_{2}∥l_{3},∴\\frac{AB}{BC}=\\frac{DE}{EF},即\\frac{4}{6}=\\frac{3}{EF},∴EF=\\frac{9}{2}．故选:C．",
    "numbers": [
        1.0,
        2.0,
        3.0,
        4.0,
        6.0,
        3.0
    ]
}