{
    "id": 7770,
    "subject": "如图所示,在△ABC中D为AC边上一点,若∠DBC=∠A,BC=3,AC=6,则CD的长为()",
    "eng_subject": "As shown in the figure, in △ABC, D is a point on AC, if ∠DBC = ∠A, BC = 3.0, AC = 6.0, then the length of CD is ()",
    "unanswerable_subject": "如图所示,在△ABC中D为AC边上一点,若∠DBC=∠A,BC=3,则CD的长为()",
    "unanswerable_eng_subject": "As shown in the figure, in △ABC, D is a point on AC, if ∠DBC = ∠A, BC = 3.0, then the length of CD is ()",
    "choices": [
        "1",
        "2",
        "\\frac{3}{2}",
        "\\frac{5}{2}"
    ],
    "label": 2,
    "formal_point": [
        "相似三角形"
    ],
    "answer": "解:∵∠DBC=∠A,∠C=∠C,∴△BCD∽△ACB,∴\\frac{CD}{BC}=\\frac{BC}{AC},∴\\frac{CD}{3}=\\frac{3}{6}∴CD=\\frac{3}{2},故选:C．",
    "numbers": [
        3.0,
        6.0
    ]
}