{
    "id": 479,
    "subject": "如图,直线a∥b,点B在直线b上,且AB⊥BC,∠1=55°,则∠2的度数为()",
    "eng_subject": "As shown in the figure, the straight line a ∥ b, the point B is on the straight line b, and AB ⊥ BC, ∠1 = 55.0, then the degree of ∠2 is ()",
    "unanswerable_subject": "如图,点B在直线b上,且AB⊥BC,∠1=55°,则∠2的度数为()",
    "unanswerable_eng_subject": "As shown in the figure, the point B is on the straight line b, and AB ⊥ BC, ∠1 = 55.0, then the degree of ∠2 is ()",
    "choices": [
        "25°",
        "35°",
        "45°",
        "55°"
    ],
    "label": 1,
    "formal_point": [
        "平行线"
    ],
    "answer": "解:∵a//b,∴BC与b所夹锐角等于∠1=55°,又AB⊥BC,∴∠2=180°-90°-55°=35°.故选B.",
    "numbers": [
        55.0
    ]
}