{
    "id": 3116,
    "subject": "如图,已知O是四边形ABCD内一点,OA=OB=OC,∠ABC=∠ADC=65°,则∠DAO+∠DCO=()",
    "eng_subject": "As shown in the figure, it is known that O is a point in the quadrilateral ABCD, OA = OB = OC, ∠ABC = ∠ADC = 65.0, then ∠DAO + ∠DCO = ()",
    "unanswerable_subject": "如图,已知O是四边形ABCD内一点,OA=OB,∠ABC=∠ADC=65°,则∠DAO+∠DCO=()",
    "unanswerable_eng_subject": "As shown in the figure, it is known that O is a point in the quadrilateral ABCD, OA = OB, ∠ABC = ∠ADC = 65.0, then ∠DAO + ∠DCO = ()",
    "choices": [
        "90°",
        "110°",
        "120°",
        "165°"
    ],
    "label": 3,
    "formal_point": [
        "圆周角",
        "等腰三角形"
    ],
    "answer": "解:∵OA=OB=OC,∴∠ABO=∠BAO,∠OBC=∠OCB,∵∠ABC=65°=∠ABO+∠OBC,∴∠BAO+∠BCO=65°,∵∠ADC=65°,∴∠DAO+∠DCO=360°-(∠ADC+∠BAO+∠BCO+∠ABC)=360°-(65°+65°+65°)=165°,\n故选:D．",
    "numbers": [
        65.0
    ]
}