{
    "id": 4426,
    "subject": "如图,AB是⊙O的切线,B为切点,AO与⊙O交于点C,若∠BAO=40°,则∠OCB的度数为()",
    "eng_subject": "As shown in the figure, AB is the tangent of ⊙O, B is the tangent point, AO and ⊙O intersect at point C, if ∠BAO = 40.0, then the degree of ∠OCB is ()",
    "unanswerable_subject": "如图,AB是⊙O的切线,B为切点,AO与⊙O交于点C,则∠OCB的度数为()",
    "unanswerable_eng_subject": "As shown in the figure, AB is the tangent of ⊙O, B is the tangent point, AO and ⊙O intersect at point C, the degree of ∠OCB is ()",
    "choices": [
        "40°",
        "50°",
        "65°",
        "75°"
    ],
    "label": 2,
    "formal_point": [
        "切线",
        "等腰三角形"
    ],
    "answer": "解:∵AB是⊙O的切线,B为切点,∴OB⊥AB,即∠OBA=90°,∵∠BAO=40°,∴∠O=50°,∵OB=OC(都是半径),∴∠OCB=\\frac{1}{2}(180°-∠O)=65°．故选:C．",
    "numbers": [
        40.0
    ]
}