{
    "id": 1377,
    "subject": "如图,C、D是线段AB上两点,若CB=4cm,DB=7cm,且D是AC的中点,则AB的长等于()",
    "eng_subject": "As shown in the figure, C and D are two points on the line segment AB, if CB = 4.0, DB = 7.0, and D is the midpoint of AC, then the length of AB is equal to ()",
    "unanswerable_subject": "如图,C、D是线段AB上两点,若CB=4cm,DB=7cm,则AB的长等于()",
    "unanswerable_eng_subject": "As shown in the figure, C and D are two points on the line segment AB, if CB = 4.0, DB = 7.0, then the length of AB is equal to ()",
    "choices": [
        "9cm",
        "10cm",
        "12cm",
        "14cm"
    ],
    "label": 1,
    "formal_point": [],
    "answer": "解:∵BD=7cm,BC=4cm,∴CD=BD-BC=3cm,∵D是AC的中点,∴AC=2CD=6cm,∴AB=AC+BC=10cm,故选:B.",
    "numbers": [
        4.0,
        7.0
    ]
}