{
    "question": "The table shows checking account features and fees for two banks in Westland County. Tommy just finished college and started a job in Westland County. He needs to open a new local checking account. Tommy plans to use bank ATMs 4 times each month to deposit cash payments and prefers to use online banking. Which bank is the better choice for Tommy?",
    "choices": [
        "Pediment Bank",
        "Redland Bank"
    ],
    "answer": "Redland Bank",
    "unit": null,
    "table_title": null,
    "table": " | Pediment Bank | Redland Bank\nChecking account services | Free for students; Otherwise, $11 per month | $15 per month\nATM transactions (bank ATM) | $1 per transaction | No ATM fees\nATM transactions (nonbank ATM) | $2 per transaction | $3.50 per transaction\nOnline banking | $5 per month | $3 per month",
    "table_for_pd": {
        "": [
            "Checking account services",
            "ATM transactions (bank ATM)",
            "ATM transactions (nonbank ATM)",
            "Online banking"
        ],
        "Pediment Bank": [
            "Free for students; Otherwise, $11 per month",
            "$1 per transaction",
            "$2 per transaction",
            "$5 per month"
        ],
        "Redland Bank": [
            "$15 per month",
            "No ATM fees",
            "$3.50 per transaction",
            "$3 per month"
        ]
    },
    "row_num": 5,
    "column_num": 3,
    "solution": "To determine which bank is the better choice for Tommy, compare the fees each bank would charge him. See which bank would charge him less.\n\nFind the fees Tommy should expect to pay in one month at Pediment Bank.\nThere is an $11 fee for having the checking account because Tommy is not a student.\nThere is a $1 fee for each bank ATM transaction. For 4 bank ATM transactions, he expects to pay $4 in fees.\nThere is a $5 fee for using online banking.\n\nIn all, Tommy should expect to pay $11 + $4 + $5 = $20 per month at Pediment Bank.\n\nFind the fees Tommy should expect to pay in one month at Redland Bank.\nThere is a $15 fee for having the checking account.\nThere is no fee for using the bank's ATMs.\nThere is a $3 fee for using online banking.\n\nIn all, Tommy should expect to pay $15 + $3 = $18 per month at Redland Bank.\n\nTommy should expect to pay $20 per month at Pediment Bank or $18 per month at Redland Bank. Redland Bank is the better choice for Tommy.",
    "ques_type": "multi_choice",
    "ans_type": "extractive_text",
    "grade": 6,
    "split": "test"
}