{
    "question": "Mike has $107. Does he have enough to buy a hedgehog and a tarantula?",
    "choices": [
        "yes",
        "no"
    ],
    "answer": "no",
    "unit": null,
    "table_title": null,
    "table": "tarantula | $20\npot-bellied pig | $80\nhedgehog | $91\niguana | $46\ncockatoo | $27\nchameleon | $57",
    "table_for_pd": {
        "Column 1": [
            "tarantula",
            "pot-bellied pig",
            "hedgehog",
            "iguana",
            "cockatoo",
            "chameleon"
        ],
        "Column 2": [
            "$20",
            "$80",
            "$91",
            "$46",
            "$27",
            "$57"
        ]
    },
    "row_num": 6,
    "column_num": 2,
    "solution": "Add the price of a hedgehog and the price of a tarantula:\n\n$91 + $20 = $111\n\n$111 is more than $107. Mike does not have enough money.",
    "ques_type": "multi_choice",
    "ans_type": "boolean_text",
    "grade": 8,
    "split": "test"
}