{
    "id": 8830,
    "subject": "如图,点A、B、C是⊙O上的三点,∠BAC=40°,则∠BOC的度数是()",
    "eng_subject": "As shown in the figure, points A, B, and C are three points on ⊙O, ∠BAC = 40.0, then the degree of ∠BOC is ()",
    "unanswerable_subject": "如图,点A、C是⊙O上的两点,∠BAC=40°,则∠BOC的度数是()",
    "unanswerable_eng_subject": "As shown in the figure, points A, and C are two points on ⊙O, ∠BAC = 40.0, then the degree of ∠BOC is ()",
    "choices": [
        "80°",
        "40°",
        "50°",
        "20°"
    ],
    "label": 0,
    "formal_point": [
        "圆周角",
        "圆心角"
    ],
    "answer": "解:∵∠BAC=40°,∴∠BOC=2∠BAC=80°．故选:A．",
    "numbers": [
        40.0
    ]
}