{
    "id": 7941,
    "subject": "如图,AB∥CD,\\frac{AO}{OD}=\\frac{2}{3},则△AOB的周长与△DOC的周长比是()",
    "eng_subject": "As shown in the figure, AB ∥ CD, \\frac{AO}{OD}=\\frac{2.0}{3.0}, then the ratio of the perimeter of △AOB to the perimeter of △DOC is ()",
    "unanswerable_subject": "如图,\\frac{AO}{OD}=\\frac{2}{3},则△AOB的周长与△DOC的周长比是()",
    "unanswerable_eng_subject": "As shown in the figure, \\frac{AO}{OD}=\\frac{2.0}{3.0}, then the ratio of the perimeter of △AOB to the perimeter of △DOC is ()",
    "choices": [
        "\\frac{2}{5}",
        "\\frac{3}{2}",
        "\\frac{4}{9}",
        "\\frac{2}{3}"
    ],
    "label": 3,
    "formal_point": [
        "相似三角形"
    ],
    "answer": "解:∵AB∥CD,∴∠A=∠D,∠B=∠C,∴△AOB∽△DOC,∴\\frac{C_{\\bigtriangleupAOB}}{C_{\\bigtriangleupDOC}}=\\frac{AO}{OD}=\\frac{2}{3},故选:D．",
    "numbers": [
        2.0,
        3.0
    ]
}