{
    "id": 7828,
    "subject": "如图,已知D、E、F分别为等腰△ABC边BC、CA、AB上的点,如果AB=AC,∠FDE=∠B,BD=2,CD=3,CE=4,AE=1,那么AF的长为()",
    "eng_subject": "As shown in the figure, it is known that D, E, and F are points on the side BC, CA, and AB of isosceles △ABC respectively. If AB = AC, ∠FDE = ∠B, BD = 2.0, CD = 3.0, CE = 4.0, AE = 1.0, then the length of AF is ()",
    "unanswerable_subject": "如图,已知D、E、F分别为等腰△ABC边BC、CA、AB上的点,如果∠FDE=∠B,BD=2,CD=3,CE=4,AE=1,那么AF的长为()",
    "unanswerable_eng_subject": "As shown in the figure, it is known that D, E, and F are points on the side BC, CA, and AB of isosceles △ABC respectively. if ∠FDE = ∠B, BD = 2.0, CD = 3.0, CE = 4.0, AE = 1.0, then the length of AF is ()",
    "choices": [
        "3.5",
        "4",
        "4.5",
        "5"
    ],
    "label": 0,
    "formal_point": [
        "相似三角形"
    ],
    "answer": "解:∵AB=AC,∴∠B=∠C；又∵∠FDE=∠B,∴∠BFD+∠BDF=∠BDF+∠CDE,∴∠BFD=∠CDE,而∠B=∠C,∴△BDF∽△CED,∴BD:CE=BF:DC,而BD=2,CD=3,CE=4,∴BF=1.5,∵AB=AC=1+4=5,∴AF=5-1.5=3.5．故选:A．",
    "numbers": [
        2.0,
        3.0,
        4.0,
        1.0
    ]
}