{
    "id": 3633,
    "subject": "如图,四边形ABCD内接于⊙O,若∠C=36°,则∠A的度数为()",
    "eng_subject": "As shown in the figure, the quadrilateral ABCD is inscribed in ⊙O, if ∠C = 36.0, then the degree of ∠A is ()",
    "unanswerable_subject": "如图,若∠C=36°,则∠A的度数为()",
    "unanswerable_eng_subject": "As shown in the figure, if ∠C = 36.0, then the degree of ∠A is ()",
    "choices": [
        "36°",
        "56°",
        "72°",
        "144°"
    ],
    "label": 3,
    "formal_point": [
        "圆内接四边形"
    ],
    "answer": "解:∵四边形ABCD内接于⊙O,∴∠A+∠C=180°,\n而∠C=36°,∴∠A=180°-36°=144°．\n故选:D．",
    "numbers": [
        36.0
    ]
}