{
    "id": 249,
    "subject": "如图,为测量学校旗杆的高度,小东用长为3.2米的竹竿作测量工具,移动竹竿,使竹竿顶端与旗杆顶端的影子恰好落在地面的同一点,此时,竹竿与这一点相距8米,与旗杆相距22米,则旗杆的高度为()米.",
    "eng_subject": "As shown in the figure, in order to measure the height of the school flagpole, Xiaodong uses a bamboo pole with a length of 3.2 as a measuring tool, and moves the bamboo pole so that the top of the bamboo pole and the shadow of the top of the flag pole fall on the same point on the ground. At this time, the distance between the bamboo pole and this point is 8.0 , 22.0 from the flagpole, the height of the flagpole is ().",
    "unanswerable_subject": "如图,为测量学校旗杆的高度,小东用长为3.2米的竹竿作测量工具,移动竹竿,使竹竿顶端与旗杆顶端的影子恰好落在地面的同一点,此时,竹竿与旗杆相距22米,则旗杆的高度为()米.",
    "unanswerable_eng_subject": "As shown in the figure, in order to measure the height of the school flagpole, Xiaodong uses a bamboo pole with a length of 3.2 as a measuring tool, and moves the bamboo pole so that the top of the bamboo pole and the shadow of the top of the flag pole fall on the same point on the ground. At this time, the distance between the bamboo pole and the flagpole is 22.0, the height of the flagpole is ().",
    "choices": [
        "8.8",
        "10",
        "12",
        "14"
    ],
    "label": 2,
    "formal_point": [
        "相似三角形"
    ],
    "answer": "若设旗杆高x米,则\\frac{3.2}{x}=\\frac{8}{8+22}∴x=12.故选C.",
    "numbers": [
        3.2,
        8.0,
        22.0
    ]
}