{
    "id": 7161,
    "subject": "如图,AB∥CD,AB=6,CD=9,AD=10,则OD的长为()",
    "eng_subject": "As shown in the figure, AB ∥ CD, AB = 6.0, CD = 9.0, AD = 10.0, then the length of OD is ()",
    "unanswerable_subject": "如图,AB∥CD,AB=6,CD=9,则OD的长为()",
    "unanswerable_eng_subject": "As shown in the figure, AB ∥ CD, AB = 6.0, CD = 9.0, then the length of OD is ()",
    "choices": [
        "4",
        "5",
        "6",
        "7"
    ],
    "label": 2,
    "formal_point": [
        "相似三角形"
    ],
    "answer": "解:∵AB∥CD,∴△AOB∽△DOC,∴\\frac{AB}{CD}=\\frac{AO}{OD},∵AB=6,CD=9,AD=10,∴\\frac{6}{9}=\\frac{10-OD}{OD},∴OD=6,故选:C．",
    "numbers": [
        6.0,
        9.0,
        10.0
    ]
}