{
    "question": "Look at the following schedule. When does marching band practice begin?",
    "choices": [
        "1:10 P.M.",
        "6:10 P.M.",
        "4:20 P.M.",
        "2:10 P.M."
    ],
    "answer": "6:10 P.M.",
    "unit": null,
    "table_title": "High school schedule",
    "table": "Event | Begin | End\nfootball game | 1:10 P.M. | 2:15 P.M.\nstudent government meeting | 1:55 P.M. | 2:50 P.M.\nchoir concert | 2:10 P.M. | 3:30 P.M.\nwomen's soccer practice | 3:05 P.M. | 4:10 P.M.\nwater polo practice | 3:40 P.M. | 4:45 P.M.\ntrack meet | 4:20 P.M. | 5:55 P.M.\ntheater rehearsal | 5:45 P.M. | 6:35 P.M.\nmarching band practice | 6:10 P.M. | 6:50 P.M.\nSpanish club meeting | 6:40 P.M. | 8:20 P.M.",
    "table_for_pd": {
        "Event": [
            "football game",
            "student government meeting",
            "choir concert",
            "women's soccer practice",
            "water polo practice",
            "track meet",
            "theater rehearsal",
            "marching band practice",
            "Spanish club meeting"
        ],
        "Begin": [
            "1:10 P.M.",
            "1:55 P.M.",
            "2:10 P.M.",
            "3:05 P.M.",
            "3:40 P.M.",
            "4:20 P.M.",
            "5:45 P.M.",
            "6:10 P.M.",
            "6:40 P.M."
        ],
        "End": [
            "2:15 P.M.",
            "2:50 P.M.",
            "3:30 P.M.",
            "4:10 P.M.",
            "4:45 P.M.",
            "5:55 P.M.",
            "6:35 P.M.",
            "6:50 P.M.",
            "8:20 P.M."
        ]
    },
    "row_num": 10,
    "column_num": 3,
    "solution": "Find marching band practice on the schedule. Find the beginning time for marching band practice.\n\nmarching band practice: 6:10 P. M.",
    "ques_type": "multi_choice",
    "ans_type": "extractive_text",
    "grade": 3,
    "split": "test"
}