{
    "id": 4141,
    "subject": "如图,⊙O是Rt△ABC的外接圆,∠ACB=90°,∠A=25°,过点C作⊙O的切线,交AB的延长线于点D,则∠D的度数是()",
    "eng_subject": "As shown in the figure, ⊙O is the circumscribed circle of Rt△ABC, ∠ACB = 90.0, ∠A = 25.0, crossing point C to draw the tangent of ⊙O, and intersects the extended line of AB at point D, then the degree of ∠D is ()",
    "unanswerable_subject": "如图,⊙O是Rt△ABC的外接圆,∠ACB=90°,过点C作⊙O的切线,交AB的延长线于点D,则∠D的度数是()",
    "unanswerable_eng_subject": "As shown in the figure, ⊙O is the circumscribed circle of Rt△ABC, ∠ACB = 90.0, crossing point C to draw the tangent of ⊙O, and intersects the extended line of AB at point D, then the degree of ∠D is ()",
    "choices": [
        "25°",
        "30°",
        "40°",
        "55°"
    ],
    "label": 2,
    "formal_point": [
        "切线",
        "外接圆",
        "圆周角"
    ],
    "answer": "解:连接OC,则∠COD=2∠A=50°,∵CD为⊙O的切线,∴OC⊥CD,∴∠OCD=90°,∴∠D=90°∠COD=40°,故选:C．",
    "numbers": [
        90.0,
        25.0
    ]
}