{
    "question": "A county agency recorded the money donated to several charitable causes over time. In April, which cause raised the most money?",
    "choices": [
        "animals",
        "education",
        "parks",
        "medical research"
    ],
    "answer": "education",
    "unit": null,
    "table_title": "Donations received",
    "table": "Cause | March | April\nParks | $5 | $10\nHunger | $5 | $10\nMedical research | $17 | $12\nEducation | $3 | $18\nAnimals | $12 | $6",
    "table_for_pd": {
        "Cause": [
            "Parks",
            "Hunger",
            "Medical research",
            "Education",
            "Animals"
        ],
        "March": [
            "$5",
            "$5",
            "$17",
            "$3",
            "$12"
        ],
        "April": [
            "$10",
            "$10",
            "$12",
            "$18",
            "$6"
        ]
    },
    "row_num": 6,
    "column_num": 3,
    "solution": "Look at the numbers in the April column. Find the greatest number in this column.\n\nThe greatest number is $18.00, which is in the Education row. In April, the most money was raised for education.",
    "ques_type": "multi_choice",
    "ans_type": "extractive_text",
    "grade": 5,
    "split": "test"
}