{
    "id": 1764,
    "subject": "如图,AB是⊙O的直径,C、D为圆上两点,∠D=34°,则∠BOC的度数为()",
    "eng_subject": "As shown in the figure, AB is the diameter of ⊙O, C and D are two points on the circle, ∠D = 34.0, then the degree of ∠BOC is ()",
    "unanswerable_subject": "如图,AB是⊙O的直径,C为圆上的点,∠D=34°,则∠BOC的度数为()",
    "unanswerable_eng_subject": "As shown in the figure, AB is the diameter of ⊙O, C is a point on the circle, ∠D = 34.0, then the degree of ∠BOC is ()",
    "choices": [
        "102°",
        "112°",
        "122°",
        "132°"
    ],
    "label": 1,
    "formal_point": [
        "圆周角",
        "三角形内角和",
        "邻补角",
        "对顶角",
        "等腰三角形"
    ],
    "answer": "解:连接BC,∵∠D=34°,∴由圆周角定理得:∠B=∠D=34°,∵OC=OB,∴∠OCB=∠B=34°,∴∠BOC=180°-∠B-∠OCB=112°,故选:B．",
    "numbers": [
        34.0
    ]
}