{
    "id": 1457,
    "subject": "如图,直线AB、CD相交于点O,OD平分∠AOE,∠BOC=50°,则∠EOB=()",
    "eng_subject": "As shown in the figure, the straight lines AB and CD intersect at point O, OD bisects ∠AOE, ∠BOC = 50.0, then ∠EOB = ()",
    "unanswerable_subject": "如图,直线AB、CD相交于点O,∠BOC=50°,则∠EOB=()",
    "unanswerable_eng_subject": "As shown in the figure, the straight lines AB and CD intersect at point O, ∠BOC = 50.0, then ∠EOB = ()",
    "choices": [
        "50°",
        "60°",
        "70°",
        "80°"
    ],
    "label": 3,
    "formal_point": [
        "角平分线",
        "邻补角",
        "对顶角"
    ],
    "answer": "解:∵∠BOC=50°,∴∠AOD=50°,∴∠AOE=100°,∠EOB=180°-100°=80°,故选D.",
    "numbers": [
        50.0
    ]
}