{
    "id": 8841,
    "subject": "如图,点O是⊙O的圆心,点A、B、C在⊙O上,AO∥BC,∠AOB=40°,则∠OAC的度数等于()",
    "eng_subject": "As shown in the figure, point O is the center of ⊙O, points A, B, and C are on ⊙O, AO ∥ BC, ∠AOB = 40.0, then the degree of ∠OAC is equal to ()",
    "unanswerable_subject": "如图,点O是⊙O的圆心,点A、B、C在⊙O上,∠AOB=40°,则∠OAC的度数等于()",
    "unanswerable_eng_subject": "As shown in the figure, point O is the center of ⊙O, points A, B, and C are on ⊙O, ∠AOB = 40.0, then the degree of ∠OAC is equal to ()",
    "choices": [
        "40°",
        "60°",
        "50°",
        "20°"
    ],
    "label": 3,
    "formal_point": [
        "圆周角",
        "平行线"
    ],
    "answer": "解:∵∠C=\\frac{1}{2}∠AOB=\\frac{1}{2}×40°=20°,又∵AO∥BC,∴∠OAC=∠C=20°．故选:D．",
    "numbers": [
        40.0
    ]
}