{
    "id": 887,
    "subject": "如图,⊿ABC内接于⊙O,若∠OAB=28°则∠C的大小为()",
    "eng_subject": "As shown in the figure, ⊿ABC is inscribed in ⊙O, if ∠OAB = 28.0, then the size of ∠C is ()",
    "unanswerable_subject": "如图,⊿ABC内接于⊙O,则∠C的大小为()",
    "unanswerable_eng_subject": "As shown in the figure, ⊿ABC is inscribed in ⊙O, then the size of ∠C is ()",
    "choices": [
        "56°",
        "60°",
        "62°",
        "28°"
    ],
    "label": 2,
    "formal_point": [
        "圆周角",
        "等腰三角形",
        "圆心角"
    ],
    "answer": "连接OB,∵OA=OB,∠OAB=28°∠OBA=∠OAB=28°,∴∠AOB=180°-28°-28°=124°,∵∠ACB、∠AOB是\\hat{AB}所对的圆周角和圆心角,∴∠ACB=\\frac{1}{2}∠AOB=62^{°},故选C",
    "numbers": [
        28.0
    ]
}