{
    "id": 1612,
    "subject": "如图,一个底面圆周长为24m,高为5m的圆柱体,一只蚂蚁沿表面从点A到点B所经过的最短路线长为()",
    "eng_subject": "As shown in the figure, a cylinder with a bottom circumference of 24.0 and a height of 5.0, the shortest route that an ant passes along the surface from point A to point B is ()",
    "unanswerable_subject": "如图,一个底面圆周长为24m的圆柱体,一只蚂蚁沿表面从点A到点B所经过的最短路线长为()",
    "unanswerable_eng_subject": "As shown in the figure, a cylinder with a bottom circumference of 24.0, the shortest route that an ant passes along the surface from point A to point B is ()",
    "choices": [
        "12m",
        "15m",
        "13m",
        "14m"
    ],
    "label": 2,
    "formal_point": [
        "勾股定理",
        "直角三角形",
        "立体图形"
    ],
    "answer": "将圆柱体的侧面展开,连接AB.如图所示:由于圆柱体的底面周长为24m,AD=24×\\frac{1}{2}=12m.又因为AC=5m,所以AB=√{12²+5²}=13m.即蚂蚁沿表面从点A到点B所经过的最短路线长为13m.故选C.",
    "numbers": [
        24.0,
        5.0
    ]
}