{
    "id": 4542,
    "subject": "如图,在矩形ABCD中,AB=3,BC=4,点M在BC边上,且满足BM=1,过D作DN⊥AM交AM于点N,则DN的长为()",
    "eng_subject": "As shown in the figure, in the rectangle ABCD, AB = 3.0, BC = 4.0, point M is on BC, and satisfies BM = 1.0, cross D to make DN ⊥ AM which intersects AM at point N, then the length of DN is ()",
    "unanswerable_subject": "如图,在矩形ABCD中,AB=3,点M在BC边上,且满足BM=1,过D作DN⊥AM交AM于点N,则DN的长为()",
    "unanswerable_eng_subject": "As shown in the figure, in the rectangle ABCD, AB = 3.0, point M is on BC, and satisfies BM = 1.0, cross D to make DN ⊥ AM which intersects AM at point N, then the length of DN is ()",
    "choices": [
        "\\frac{7}{2}√{5}",
        "\\frac{3}{5}√{5}",
        "\\frac{3}{2}√{10}",
        "\\frac{6}{5}√{10}"
    ],
    "label": 3,
    "formal_point": [
        "矩形",
        "相似三角形",
        "勾股定理"
    ],
    "answer": "解:连接DM,如图所示:∵四边形ABCD是矩形,∴∠B=90°,AD=BC=4,△AMD底边AD上的高为AB,AM=√{AB^{2}+BM^{2}}=√{3^{2}+1^{2}}=√{10},∵△ADM的面积=\\frac{1}{2}AM×DN=\\frac{1}{2}AD×AB,∴DN=\\frac{AD×AB}{AM}=\\frac{4×3}{√{10}}=\\frac{6√{10}}{5}；故选:D．",
    "numbers": [
        3.0,
        4.0,
        1.0
    ]
}