{
    "id": 101,
    "subject": "如图,BD平分∠ABC,CD∥AB,若∠BCD=70°,则∠CDB的度数为()",
    "eng_subject": "As shown in the figure, BD bisects ∠ABC, CD ∥ AB, if ∠BCD = 70.0, then the degree of ∠CDB is ()",
    "unanswerable_subject": "如图,CD∥AB,若∠BCD=70°,则∠CDB的度数为()",
    "unanswerable_eng_subject": "As shown in the figure, CD ∥ AB, if ∠BCD = 70.0, then the degree of ∠CDB is ()",
    "choices": [
        "55°",
        "50°",
        "45°",
        "30°"
    ],
    "label": 0,
    "formal_point": [
        "角平分线",
        "平行线",
        "三角形内角和"
    ],
    "answer": "试题分析:∵CD//AB,∴∠BCD+CBA=180^{°},∴∠CBA=180°-70°=110°,∵BD平分∠ABC,∴∠ABD=\\frac{1}{2}∠CBA=55^{°},而AB//CD∴∠CDB=∠ABD=55^{°}.故选A.",
    "numbers": [
        70.0
    ]
}