{
    "id": 3039,
    "subject": "如图,点A、B、C是⊙O上的三点,若∠A=40°,则∠BOC的度数是()",
    "eng_subject": "As shown in the figure, points A, B, and C are three points on ⊙O, if ∠A = 40.0, then the degree of ∠BOC is ()",
    "unanswerable_subject": "如图,点A、C是⊙O上的两点,若∠A=40°,则∠BOC的度数是()",
    "unanswerable_eng_subject": "As shown in the figure, points A, and C are two points on ⊙O, if ∠A = 40.0, then the degree of ∠BOC is ()",
    "choices": [
        "100°",
        "80°",
        "60°",
        "40°"
    ],
    "label": 1,
    "formal_point": [
        "圆周角",
        "圆心角"
    ],
    "answer": "解:∠BOC=2∠A=2×40°=80°．故选:B．",
    "numbers": [
        40.0
    ]
}