{
    "id": 476,
    "subject": "如图,把一块含有45°角的直角三角板的两个顶点放在直尺的对边上,如果∠1=27.5°,那么∠2等于()",
    "eng_subject": "As shown in the figure, put the two vertices of a right triangle plate with 45.0 angles on the opposite edges of the ruler. If ∠1 = 27.5, then ∠2 is equal to ()",
    "unanswerable_subject": "如图,把一块含有45°角的直角三角板的两个顶点放在直尺的对边上,那么∠2等于()",
    "unanswerable_eng_subject": "As shown in the figure, put the two vertices of a right triangle plate with 45.0 angles on the opposite edges of the ruler. ∠2 is equal to ()",
    "choices": [
        "32.5°",
        "22.5°",
        "20.5°",
        "17.5°"
    ],
    "label": 3,
    "formal_point": [
        "平行线",
        "同位角",
        "内错角"
    ],
    "answer": "解:∵AB//CD,∴∠1=∠AEC,又∠1=27.5,∠FEC=45°,∴∠2=∠FEC-∠1=17.5°.故选D.",
    "numbers": [
        45.0,
        27.5
    ]
}