{
    "id": 7250,
    "subject": "如图,已知AB、CD、EF互相平行,且AB=1,CD=4,那么EF的长是()",
    "eng_subject": "As shown in the figure, it is known that AB, CD, and EF are parallel to each other, and AB = 1.0, CD = 4.0, then the length of EF is ()",
    "unanswerable_subject": "如图,已知AB、CD、EF互相平行,且AB=1,那么EF的长是()",
    "unanswerable_eng_subject": "As shown in the figure, it is known that AB, CD, and EF are parallel to each other, and AB = 1.0, then the length of EF is ()",
    "choices": [
        "\\frac{1}{3}",
        "\\frac{2}{3}",
        "\\frac{3}{4}",
        "\\frac{4}{5}"
    ],
    "label": 3,
    "formal_point": [
        "相似三角形"
    ],
    "answer": "解:∵AB、CD、EF都与BD垂直,∴AB∥CD∥EF,∴△DEF∽△DAB,△BEF∽△BCD,∴\\frac{EF}{AB}=\\frac{DF}{DB},\\frac{EF}{CD}=\\frac{BF}{BD},∴\\frac{EF}{AB}+\\frac{EF}{CD}=\\frac{DF}{DB}+\\frac{BF}{BD}=\\frac{BD}{BD}=1．∵AB=1,CD=4,∴\\frac{EF}{1}+\\frac{EF}{4}=1,∴EF=\\frac{4}{5}．故选:D．",
    "numbers": [
        1.0,
        4.0
    ]
}