{
    "id": 3916,
    "subject": "如图,AB是⊙O的直径,C是⊙O上的点,过点C作⊙O的切线交AB的延长线于点E,OD⊥AC于点D,若∠E=30°,CE=6,则OD的值为()",
    "eng_subject": "As shown in the figure, AB is the diameter of ⊙O, C is the point on ⊙O, passing point C is the tangent of ⊙O and intersects the extended line of AB at point E, OD ⊥ AC at point D, if ∠E = 30.0, CE = 6.0, then the value of OD is ()",
    "unanswerable_subject": "如图,AB是⊙O的直径,C是⊙O上的点,过点C作⊙O的切线交AB的延长线于点E,若∠E=30°,CE=6,则OD的值为()",
    "unanswerable_eng_subject": "As shown in the figure, AB is the diameter of ⊙O, C is the point on ⊙O, passing point C is the tangent of ⊙O and intersects the extended line of AB at point E, if ∠E = 30.0, CE = 6.0, then the value of OD is ()",
    "choices": [
        "1",
        "√{3}",
        "2",
        "2√{3}"
    ],
    "label": 1,
    "formal_point": [
        "切线",
        "圆周角",
        "勾股定理",
        "垂径定理"
    ],
    "answer": "解:连接OC,∵CE为⊙O的切线,∴OC⊥EC,∴∠ECO=90°,∵∠E=30°,CE=6,∴OC=\\frac{6}{√{3}}=2√{3},∠EOC=60°,∵OA=OC,∴OA=2√{3},由圆周角定理得,∠EOC=2∠A,∴∠A=30°,∵OD⊥AC,∴∠ADO=90°,∴OD=\\frac{1}{2}OA=√{3},故选:B．",
    "numbers": [
        30.0,
        6.0
    ]
}