{
    "question": "Stacy looked at the dates of the digital photos on her computer to find out how many she had taken in the past 4 days. On which day did Stacy take the fewest photographs?",
    "choices": [
        "Wednesday",
        "Thursday",
        "Friday",
        "Saturday"
    ],
    "answer": "Wednesday",
    "unit": null,
    "table_title": "Photographs taken",
    "table": "Day | Number of photographs\nWednesday | 41\nThursday | 49\nFriday | 47\nSaturday | 46",
    "table_for_pd": {
        "Day": [
            "Wednesday",
            "Thursday",
            "Friday",
            "Saturday"
        ],
        "Number of photographs": [
            "41",
            "49",
            "47",
            "46"
        ]
    },
    "row_num": 5,
    "column_num": 2,
    "solution": "Find the least number in the table. Remember to compare the numbers starting with the highest place value. The least number is 41.\n\nNow find the corresponding day. Wednesday corresponds to 41.",
    "ques_type": "multi_choice",
    "ans_type": "extractive_text",
    "grade": 2,
    "split": "test"
}