{
    "question": "Sanjay has $11.50. Does he have enough to buy a pair of sweat pants and a red hat?",
    "choices": [
        "yes",
        "no"
    ],
    "answer": "yes",
    "unit": null,
    "table_title": null,
    "table": "pair of sweat pants | $5.63\npair of shoes | $9.67\npair of black socks | $1.16\nred hat | $5.73",
    "table_for_pd": {
        "Column 1": [
            "pair of sweat pants",
            "pair of shoes",
            "pair of black socks",
            "red hat"
        ],
        "Column 2": [
            "$5.63",
            "$9.67",
            "$1.16",
            "$5.73"
        ]
    },
    "row_num": 4,
    "column_num": 2,
    "solution": "Add the price of a pair of sweat pants and the price of a red hat:\n\n$5.63 + $5.73 = $11.36\n\n$11.36 is less than $11.50. Sanjay does have enough money.",
    "ques_type": "multi_choice",
    "ans_type": "boolean_text",
    "grade": 5,
    "split": "test"
}