{
    "id": 5725,
    "subject": "如图,在▱ABCD中,对角线AC,BD相交于点O,点E,F分别是AB,AO的中点,连接EF,若EF=3,则BD的长为()",
    "eng_subject": "As shown in the figure, in ▱ABCD, the diagonal AC and BD intersect at point O, and points E and F are the midpoints of AB and AO respectively. Connect EF. If EF = 3.0, the length of BD is ()",
    "unanswerable_subject": "如图,在▱ABCD中,对角线AC,BD相交于点O,点E是AB的中点,连接EF,若EF=3,则BD的长为()",
    "unanswerable_eng_subject": "As shown in the figure, in ▱ABCD, the diagonal AC and BD intersect at point O, and point E is the midpoint of AB. Connect EF. If EF = 3.0, the length of BD is ()",
    "choices": [
        "6",
        "9",
        "12",
        "15"
    ],
    "label": 2,
    "formal_point": [
        "平行四边形",
        "三角形中位线"
    ],
    "answer": "解:∵点E,F分别是AB,AO的中点,连接EF,EF=3,∴EF是△OAB的中位线,则OB=2EF=6,∵在▱ABCD中,∴BD=2OB=12,故选:C．",
    "numbers": [
        3.0
    ]
}