{
    "id": 5761,
    "subject": "如图,在平行四边形ABCD中,对角线AC、BD相交于点O,点E是边CD的中点,连接OE．若平行四边形ABCD的周长为24,BD=8,则△DOE的周长为()",
    "eng_subject": "As shown in the figure, in the parallelogram ABCD, the diagonals AC and BD intersect at the point O, and the point E is the midpoint of CD. Connect OE. If the perimeter of the parallelogram ABCD is 24.0 and BD = 8.0, then the perimeter of △DOE is ()",
    "unanswerable_subject": "如图,在平行四边形ABCD中,对角线AC、BD相交于点O,点E是边CD的中点,连接OE．若平行四边形ABCD的周长为24,则△DOE的周长为()",
    "unanswerable_eng_subject": "As shown in the figure, in the parallelogram ABCD, the diagonals AC and BD intersect at the point O, and the point E is the midpoint of CD. Connect OE. If the perimeter of the parallelogram ABCD is 24.0, then the perimeter of △DOE is ()",
    "choices": [
        "10",
        "12",
        "14",
        "16"
    ],
    "label": 0,
    "formal_point": [
        "平行四边形",
        "三角形中位线"
    ],
    "answer": "解:∵平行四边形ABCD的周长为24,∴BC+CD=12．∵O是BD中点,E是CD中点,∴OE=\\frac{1}{2}BC,DE=\\frac{1}{2}CD,OD=\\frac{1}{2}BD=4∴△DOE周长=OE+DE+OD=6+4=10．故选:A．",
    "numbers": [
        24.0,
        8.0
    ]
}