{
    "id": 5797,
    "subject": "如图,在△ABC中,AB=10,AC=6,过点A的直线DE∥CB,∠ABC与∠ACB的平分线分别交DE于E,D,则DE的长为()",
    "eng_subject": "As shown in the figure, in △ABC, AB = 10.0, AC = 6.0, the straight line DE ∥ CB passing through point A, the bisectors of ∠ABC and ∠ACB intersect DE at E, D respectively, then the length of DE is ()",
    "unanswerable_subject": "如图,在△ABC中,AB=10,过点A的直线DE∥CB,∠ABC与∠ACB的平分线分别交DE于E,D,则DE的长为()",
    "unanswerable_eng_subject": "As shown in the figure, in △ABC, AB = 10.0, the straight line DE ∥ CB passing through point A, the bisectors of ∠ABC and ∠ACB intersect DE at E, D respectively, then the length of DE is ()",
    "choices": [
        "14",
        "16",
        "10",
        "12"
    ],
    "label": 1,
    "formal_point": [
        "勾股定理",
        "直角三角形",
        "等腰三角形",
        "平行线"
    ],
    "answer": "解:∵DE∥BC,∴∠E=∠EBC．∵BE平分∠ABC,∴∠ABE=∠EBC,∴∠E=∠ABE,∴AB=AE=10．同理可得:AD=AC=6,∴DE=AD+AE=AB+AC=16．故选:B．",
    "numbers": [
        10.0,
        6.0
    ]
}