{
    "id": 3,
    "subject": "如图,已知OA=OB=OC且∠ACB=30°,则∠AOB的大小是()",
    "eng_subject": "As shown in the figure, it is known that OA = OB = OC and ∠ACB = 30.0, then the size of ∠AOB is ()",
    "unanswerable_subject": "如图,已知OA=OB且∠ACB=30°,则∠AOB的大小是()",
    "unanswerable_eng_subject": "As shown in the figure, it is known that OA = OB and ∠ACB = 30.0, then the size of ∠AOB is ()",
    "choices": [
        "40°",
        "50°",
        "60°",
        "70°"
    ],
    "label": 2,
    "formal_point": [
        "圆周角"
    ],
    "answer": "∵OA=OB=OC,∴A、B、C在以O为圆心OA为半径的圆上.作⊙O.∵∠ACB和∠AOB是同弧AB所对的圆周角和圆心角,且∠ACB=30°,∴根据同弧所对的圆周角是圆心角的一半的性质,得∠AOB=60°.故选C.",
    "numbers": [
        30.0
    ]
}