{
    "id": 4906,
    "subject": "如图,C、M是线段AB上的两点,且点M是线段AC的中点,若AB=8cm,BC=2cm,则AM的长为()",
    "eng_subject": "As shown in the figure, C and M are two points on the line segment AB, and the point M is the midpoint of the line segment AC. If AB = 8.0, BC = 2.0, then the length of AM is ()",
    "unanswerable_subject": "如图,C、M是线段AB上的两点,若AB=8cm,BC=2cm,则AM的长为()",
    "unanswerable_eng_subject": "As shown in the figure, C and M are two points on the line segment AB. If AB = 8.0, BC = 2.0, then the length of AM is ()",
    "choices": [
        "2cm",
        "3cm",
        "4cm",
        "6cm"
    ],
    "label": 1,
    "formal_point": [
        "距离"
    ],
    "answer": "【解答】:由图形可知AC=AB-BC=8-2=6cm,∵M是线段AC的中点,∴AM=AC=3cm．故AM的长为3cm．",
    "numbers": [
        8.0,
        2.0
    ]
}