{
    "id": 2730,
    "subject": "如图,已知Rt△ABC中,∠C=90°,AC=6,BC=8,则tanA的值为()",
    "eng_subject": "As shown in the figure, it is known that in Rt△ABC, ∠C = 90.0, AC = 6.0, BC = 8.0, then the value of tanA is ()",
    "unanswerable_subject": "如图,已知Rt△ABC中,∠C=90°,AC=6,则tanA的值为()",
    "unanswerable_eng_subject": "As shown in the figure, it is known that in Rt△ABC, ∠C = 90.0, AC = 6.0, then the value of tanA is ()",
    "choices": [
        "\\frac{3}{5}",
        "\\frac{4}{5}",
        "\\frac{3}{4}",
        "\\frac{4}{3}"
    ],
    "label": 3,
    "formal_point": [
        "三角函数",
        "直角三角形"
    ],
    "answer": "解:∵在Rt△ABC中,∠C=90°,AC=6,BC=8,∴tanA=\\frac{BC}{AC}=\\frac{8}{6}=\\frac{4}{3}．\n故选:D．",
    "numbers": [
        90.0,
        6.0,
        8.0
    ]
}