{
    "id": 159,
    "subject": "如图,在△ABC中,∠C=36°,将△ABC绕点A逆时针旋转60°得到△AED,AD与BC交于点F,则∠AFC的度数为()",
    "eng_subject": "As shown in the figure, in △ABC, ∠C = 36.0, rotate △ABC anticlockwise around point A by 60.0 to get △AED, AD and BC intersect at point F, then the degree of ∠AFC is ()",
    "unanswerable_subject": "如图,在△ABC中,将△ABC绕点A逆时针旋转60°得到△AED,AD与BC交于点F,则∠AFC的度数为()",
    "unanswerable_eng_subject": "As shown in the figure, in △ABC, rotate △ABC anticlockwise around point A by 60.0 to get △AED, AD and BC intersect at point F, then the degree of ∠AFC is ()",
    "choices": [
        "84°",
        "80°",
        "60°",
        "90°"
    ],
    "label": 0,
    "formal_point": [
        "旋转"
    ],
    "answer": "试题分析:根据旋转图形可得∠FAC=60°,根据△AFC的内角和定理可得∠AFC=180°-36°-60°=84°.",
    "numbers": [
        36.0,
        60.0
    ]
}