{
    "question": "Maggie has $62.00. Does she have enough to buy a crystal vase and a rug?",
    "choices": [
        "yes",
        "no"
    ],
    "answer": "yes",
    "unit": null,
    "table_title": null,
    "table": "chandelier | $92.93\nceramic vase | $47.58\nrug | $10.48\ncrystal vase | $50.58",
    "table_for_pd": {
        "Column 1": [
            "chandelier",
            "ceramic vase",
            "rug",
            "crystal vase"
        ],
        "Column 2": [
            "$92.93",
            "$47.58",
            "$10.48",
            "$50.58"
        ]
    },
    "row_num": 4,
    "column_num": 2,
    "solution": "Add the price of a crystal vase and the price of a rug:\n\n$50.58 + $10.48 = $61.06\n\n$61.06 is less than $62.00. Maggie does have enough money.",
    "ques_type": "multi_choice",
    "ans_type": "boolean_text",
    "grade": 7,
    "split": "test"
}