{
    "id": 9465,
    "subject": "如图平行四边形ABCD的对角线AC与BD相交于点O,AB=7,AC=10,△ABO周长为16,那么对角线BD的长等于()",
    "eng_subject": "As shown in the figure, the diagonal AC and BD of the parallelogram ABCD intersect at the point O, AB = 7.0, AC = 10.0, the perimeter of △ABO is 16.0, then the length of the diagonal BD is equal to ()",
    "unanswerable_subject": "如图平行四边形ABCD的对角线AC与BD相交于点O,AB=7,△ABO周长为16,那么对角线BD的长等于()",
    "unanswerable_eng_subject": "As shown in the figure, the diagonal AC and BD of the parallelogram ABCD intersect at the point O, AB = 7.0, the perimeter of △ABO is 16.0, then the length of the diagonal BD is equal to ()",
    "choices": [
        "4",
        "5",
        "6",
        "8"
    ],
    "label": 3,
    "formal_point": [
        "平行四边形"
    ],
    "answer": "解:∵AB=7,AC=10,△ABO周长为16,∴AB+OA+0B=16,∴OA+OB=9,∵平行四边形ABCD,∴AC=2OA=10,BD=2OB,∴OA=5,∴OB=4,∴BD=8,故选:D．",
    "numbers": [
        7.0,
        10.0,
        16.0
    ]
}