{
    "question": "Beth has $34. Does she have enough to buy a coffee pot and a cookbook?",
    "choices": [
        "yes",
        "no"
    ],
    "answer": "no",
    "unit": null,
    "table_title": null,
    "table": "serving platter | $14\ncookbook | $20\nsoup pot | $35\ncoffee pot | $16\nset of dishes | $68",
    "table_for_pd": {
        "Column 1": [
            "serving platter",
            "cookbook",
            "soup pot",
            "coffee pot",
            "set of dishes"
        ],
        "Column 2": [
            "$14",
            "$20",
            "$35",
            "$16",
            "$68"
        ]
    },
    "row_num": 5,
    "column_num": 2,
    "solution": "Add the price of a coffee pot and the price of a cookbook:\n\n$16 + $20 = $36\n\n$36 is more than $34. Beth does not have enough money.",
    "ques_type": "multi_choice",
    "ans_type": "boolean_text",
    "grade": 3,
    "split": "test"
}