{
    "id": 2237,
    "subject": "如图,在⊙O中,弦AB的长为10,圆周角∠ACB=45°,则这个圆的直径AD为()",
    "eng_subject": "As shown in the figure, in ⊙O, the length of chord AB is 10.0, and the angle of circumference ∠ACB = 45.0, then the diameter of the circle AD is ()",
    "unanswerable_subject": "如图,在⊙O中,弦AB的长为10,则这个圆的直径AD为()",
    "unanswerable_eng_subject": "As shown in the figure, in ⊙O, the length of chord AB is 10.0, then the diameter of the circle AD is ()",
    "choices": [
        "5√{2}",
        "10√{2}",
        "15√{2}",
        "20√{2}"
    ],
    "label": 1,
    "formal_point": [
        "勾股定理",
        "圆周角",
        "直角三角形"
    ],
    "answer": "解:连接BD,∵∠ACB=45°,∴∠ADB=45°,∵直径AD,∴∠ABD=90°,∵AB=10,∴AD=10√{2}．故选B．",
    "numbers": [
        10.0,
        45.0
    ]
}