{
    "id": 9894,
    "subject": "如图,在△ABC中,AB=2,AC=1,以AB为直径的圆与AC相切,与边BC交于点D,则AD的长为()",
    "eng_subject": "As shown in the figure, in △ABC, AB = 2.0, AC = 1.0, the circle with AB as the diameter is tangent to AC and intersects the edge BC at point D, then the length of AD is ()",
    "unanswerable_subject": "如图,在△ABC中,AB=2,以AB为直径的圆与AC相切,与边BC交于点D,则AD的长为()",
    "unanswerable_eng_subject": "As shown in the figure, in △ABC, AB = 2.0, the circle with AB as the diameter is tangent to AC and intersects the edge BC at point D, then the length of AD is ()",
    "choices": [
        "\\frac{2}{5}√{5}",
        "\\frac{4}{5}√{5}",
        "\\frac{2}{5}√{3}",
        "\\frac{4}{5}√{3}"
    ],
    "label": 0,
    "formal_point": [
        "切线",
        "圆周角",
        "直角三角形"
    ],
    "answer": "解:∵AB为直径的圆与AC相切,∴∠CAB=∠ADB=90°,∵AB=2,AC=1,∴BC=√{5},∵AD•BC=AC•AB,∴AD=\\frac{AC\\cdotAB}{BC}=\\frac{2}{5}√{5}．故选:A．",
    "numbers": [
        2.0,
        1.0
    ]
}