{
    "question": "The city library monitored the number of books checked out each day. On which day were the fewest books checked out?",
    "choices": [
        "Thursday",
        "Friday",
        "Saturday",
        "Sunday"
    ],
    "answer": "Thursday",
    "unit": null,
    "table_title": "Books checked out",
    "table": "Day | Number of books\nThursday | 735\nFriday | 773\nSaturday | 757\nSunday | 753",
    "table_for_pd": {
        "Day": [
            "Thursday",
            "Friday",
            "Saturday",
            "Sunday"
        ],
        "Number of books": [
            "735",
            "773",
            "757",
            "753"
        ]
    },
    "row_num": 5,
    "column_num": 2,
    "solution": "Find the least number in the table. Remember to compare the numbers starting with the highest place value. The least number is 735.\n\nNow find the corresponding day. Thursday corresponds to 735.",
    "ques_type": "multi_choice",
    "ans_type": "extractive_text",
    "grade": 2,
    "split": "test"
}