{
    "id": 4546,
    "subject": "已知如图,在△ABC中,点D、点E分别在AB、BC边上,且DE∥AC,BE=2,CE=1,△BDE的面积为4,则△ABC的面积为()",
    "eng_subject": "As shown in the figure, in △ABC, point D and point E are on AB and BC respectively, and DE ∥ AC, BE = 2.0, CE = 1.0, the area of ​​△BDE is 4.0, then the area of ​​△ABC is ( )",
    "unanswerable_subject": "已知如图,在△ABC中,点D、点E分别在AB、BC边上,BE=2,CE=1,△BDE的面积为4,则△ABC的面积为()",
    "unanswerable_eng_subject": "As shown in the figure, in △ABC, point D and point E are on AB and BC respectively, BE = 2.0, CE = 1.0, the area of ​​△BDE is 4.0, then the area of ​​△ABC is ( )",
    "choices": [
        "5",
        "6",
        "8",
        "9"
    ],
    "label": 3,
    "formal_point": [
        "相似三角形",
        "平行线"
    ],
    "answer": "解:∵BE=2,CE=1,∴BC=BE+CE=2+1=3,∵DE∥AC,∴△BDE∽△BAC,∴\\frac{BE}{BC}=\\frac{BD}{AB}=\\frac{2}{3},∴\\frac{S△BDE}{S△ABC}=(\\frac{2}{3})^{2}=\\frac{4}{9},∵△BDE的面积为4,∴S△ABC=\\frac{9}{4}×4=9,故选:D．",
    "numbers": [
        2.0,
        1.0,
        4.0
    ]
}