{
    "id": 3316,
    "subject": "如图,CD为⊙O的直径,弦AB交CD于点M,M是AB的中点,点P在⁀{AD}上,PC与AB交于点N,∠PNA=60°,则∠PDC等于()",
    "eng_subject": "As shown in the figure, CD is the diameter of ⊙O, chord AB intersects CD at point M, M is the midpoint of AB, point P is at ⁀AD, PC and AB intersect at point N, ∠PNA = 60.0, then ∠PDC is equal to ( )",
    "unanswerable_subject": "如图,CD为⊙O的直径,弦AB交CD于点M,点P在⁀{AD}上,PC与AB交于点N,∠PNA=60°,则∠PDC等于()",
    "unanswerable_eng_subject": "As shown in the figure, CD is the diameter of ⊙O, chord AB intersects CD at point M, point P is at ⁀AD, PC and AB intersect at point N, ∠PNA = 60.0, then ∠PDC is equal to ( )",
    "choices": [
        "40°",
        "50°",
        "60°",
        "70°"
    ],
    "label": 2,
    "formal_point": [
        "圆周角"
    ],
    "answer": "解:∵CD为⊙O的直径,∴∠P=90°．∵M是AB的中点,∴CM⊥AB．∵∠PNA=60°,∴∠C=90°-60°=30°,∴∠PDC=90°-∠C=90°-30°=60°．\n故选:C．",
    "numbers": [
        60.0
    ]
}