{
    "id": 165,
    "subject": "如图,直线AB∥CD,Rt△DEF如图放置,∠EDF=90°,若∠1+∠F=70°,则∠2的度数为()",
    "eng_subject": "As shown in the figure, the straight line AB ∥ CD, Rt△DEF is placed as shown, ∠EDF = 90.0, if ∠1 + ∠F = 70.0, then the degree of ∠2 is ()",
    "unanswerable_subject": "如图,Rt△DEF如图放置,∠EDF=90°,若∠1+∠F=70°,则∠2的度数为()",
    "unanswerable_eng_subject": "As shown in the figure, Rt△DEF is placed as shown, ∠EDF = 90.0, if ∠1 + ∠F = 70.0, then the degree of ∠2 is ()",
    "choices": [
        "20°",
        "25°",
        "30°",
        "40°"
    ],
    "label": 0,
    "formal_point": [
        "平行线"
    ],
    "answer": "试题分析:根据∠1+∠F=70°以及三角形的外角的性质可得∠ABD=70°,根据AB//CD可得∠ABD+∠BDC=180°,则∠BDC=110°,根据∠EDF=90°可得∠2=110°-90°=20°.",
    "numbers": [
        90.0,
        70.0
    ]
}