{
    "id": 7462,
    "subject": "如图,在△ABC中,点D,E分别为边AB,AC上的点,且DE∥BC,若AD=5,BD=10,DE=3,则BC的长为()",
    "eng_subject": "As shown in the figure, in △ABC, points D and E are points on edges AB and AC respectively, and DE ∥ BC, if AD = 5.0, BD = 10.0, DE = 3.0, then the length of BC is ()",
    "unanswerable_subject": "如图,在△ABC中,点D,E分别为边AB,AC上的点,且DE∥BC,若AD=5,BD=10,则BC的长为()",
    "unanswerable_eng_subject": "As shown in the figure, in △ABC, points D and E are points on edges AB and AC respectively, and DE ∥ BC, if AD = 5.0, BD = 10.0, then the length of BC is ()",
    "choices": [
        "3",
        "6",
        "9",
        "12"
    ],
    "label": 2,
    "formal_point": [
        "相似三角形"
    ],
    "answer": "解:∵AD=5,BD=10,∴AB=15,∵DE∥BC,∴△ADE∽△ABC,∴\\frac{AD}{AB}=\\frac{DE}{BC},即\\frac{5}{15}=\\frac{3}{BC},∴BC=9,故选:C．",
    "numbers": [
        5.0,
        10.0,
        3.0
    ]
}