{
    "id": 188,
    "subject": "将直尺和直角三角板按如图方式摆放(∠ACB为直角),已知∠1=30°,则∠2的大小是()",
    "eng_subject": "Place the ruler and the right triangle board as shown in the figure (∠ACB is a right angle), it is known that ∠1 = 30.0, then the size of ∠2 is ()",
    "unanswerable_subject": "将直尺和直角三角板按如图方式摆放(∠ACB为直角),则∠2的大小是()",
    "unanswerable_eng_subject": "Place the ruler and the right triangle board as shown in the figure (∠ACB is a right angle), then the size of ∠2 is ()",
    "choices": [
        "30°",
        "45°",
        "60°",
        "65°"
    ],
    "label": 2,
    "formal_point": [
        "直角三角形",
        "平行线"
    ],
    "answer": "试题分析:先根据两角互余的性质求出∠3的度数,再由平行线的性质即可得出结论.∵∠1+∠3=90°,∠1=30°,∴∠3=60°.∵直尺的两边互相平行,∴∠2=∠3=60°.",
    "numbers": [
        30.0
    ]
}