{
    "id": 9452,
    "subject": "平行四边形ABCD的周长是28cm,AC与BD相交于点O,△AOB的周长比△OBC的周长大4cm,那么AB等于()",
    "eng_subject": "The perimeter of the parallelogram ABCD is 28.0, AC and BD intersect at point O, the perimeter of △AOB is 4.0 larger than the perimeter of △OBC, then AB is equal to ()",
    "unanswerable_subject": "ABCD的周长是28cm,AC与BD相交于点O,△AOB的周长比△OBC的周长大4cm,那么AB等于()",
    "unanswerable_eng_subject": "The perimeter of ABCD is 28.0, AC and BD intersect at point O, the perimeter of △AOB is 4.0 larger than the perimeter of △OBC, then AB is equal to ()",
    "choices": [
        "8cm",
        "9cm",
        "10cm",
        "11cm"
    ],
    "label": 1,
    "formal_point": [
        "平行四边形"
    ],
    "answer": "解:∵平行四边形ABCD,∴OA=OC,OB=OD,∵平行四边形ABCD的周长是28cm,∴AB=CD,AD=BC,∴AB+BC+CD+AD=2(AB+BC)=28cm,∴AB+BC=14cm,∵△AOB的周长比△OBC的周长大4cm,∴AB+OA+OB-(BC+OB+OC)=AB-BC=4cm,∴AB=9cm．故选:B．",
    "numbers": [
        28.0,
        4.0
    ]
}