{
    "id": 4074,
    "subject": "如图,PA、PB分别与⊙O相切于点A、B,⊙O的切线EF分别交PA、PB于点E、F,切点C在弧AB上,若PA长为2,则△PEF的周长是()",
    "eng_subject": "As shown in the figure, PA and PB are tangent to ⊙O at points A and B respectively, the tangent EF of ⊙O intersects PA and PB at points E and F respectively, and the tangent point C is on the arc AB. If the length of PA is 2.0, then the perimeter of △PEF is ()",
    "unanswerable_subject": "如图,PA与⊙O相切于点A,⊙O的切线EF分别交PA、PB于点E、F,切点C在弧AB上,若PA长为2,则△PEF的周长是()",
    "unanswerable_eng_subject": "As shown in the figure, PA is tangent to ⊙O at point A, the tangent EF of ⊙O intersects PA and PB at points E and F respectively, and the tangent point C is on the arc AB. If the length of PA is 2.0, then the perimeter of △PEF is ()",
    "choices": [
        "8",
        "6",
        "4",
        "2"
    ],
    "label": 2,
    "formal_point": [
        "切线"
    ],
    "answer": "解:∵PA、PB分别与⊙O相切于点A、B,⊙O的切线EF分别交PA、PB于点E、F,切点C在弧AB上,∴AE=CE,FB=CF,PA=PB=2,∴△PEF的周长=PE+EF+PF=PA+PB=4．故选:C．",
    "numbers": [
        2.0
    ]
}