{
    "id": 2657,
    "subject": "在Rt△ABC中,∠C=90°,AB=2,BC=1,则sinB的值是()",
    "eng_subject": "In Rt△ABC, ∠C = 90.0, AB = 2.0, BC = 1.0, then the value of sinB is ()",
    "unanswerable_subject": "在Rt△ABC中,∠C=90°,AB=2,则sinB的值是()",
    "unanswerable_eng_subject": "In Rt△ABC, ∠C = 90.0, AB = 2.0, then the value of sinB is ()",
    "choices": [
        "\\frac{1}{2}",
        "\\frac{√{2}}{2}",
        "\\frac{√{3}}{2}",
        "2"
    ],
    "label": 2,
    "formal_point": [
        "三角函数"
    ],
    "answer": "解:根据勾股定理可得:AC=√{AB^{2}-BC^{2}}=√{3},∴sinB=\\frac{AC}{AB}=\\frac{√{3}}{2}．\n故选:C．",
    "numbers": [
        90.0,
        2.0,
        1.0
    ]
}