{
    "id": 2472,
    "subject": "如图,阳光从教室的窗户射入室内,窗户框AB在地面上的影长DE=1.8m,窗户下檐到地面的距离BC=1m,EC=1.2m,那么窗户的高AB为()",
    "eng_subject": "As shown in the figure, the sunlight enters the room from the windows of the classroom, the length of the shadow of the window frame AB on the ground DE = 1.8, the distance from the lower eaves of the window to the ground BC = 1.0, EC = 1.2, then the height of the window AB is ()",
    "unanswerable_subject": "如图,阳光从教室的窗户射入室内,窗户框AB在地面上的影长DE=1.8m,窗户下檐到地面的距离BC=1m,那么窗户的高AB为()",
    "unanswerable_eng_subject": "As shown in the figure, the sunlight enters the room from the windows of the classroom, the length of the shadow of the window frame AB on the ground DE = 1.8, the distance from the lower eaves of the window to the ground BC = 1.0, then the height of the window AB is ()",
    "choices": [
        "1.5m",
        "1.6m",
        "1.86m",
        "2.16m"
    ],
    "label": 0,
    "formal_point": [
        "相似三角形",
        "距离"
    ],
    "answer": "解:∵BE∥AD,∴△BCE∽△ACD,∴\\frac{CB}{AC}=\\frac{CE}{CD}即\\frac{BC}{AB+BC}=\\frac{EC}{DE+EC}\n且BC=1,DE=1.8,EC=1.2∴\\frac{1}{AB+1}=\\frac{1.2}{1.8+1.2}∴1.2AB=1.8,∴AB=1.5m．\n故选:A．",
    "numbers": [
        1.8,
        1.0,
        1.2
    ]
}