{
    "id": 7217,
    "subject": "如图,DC∥EF∥AB,若\\frac{EG}{AB}=\\frac{1}{2},DC=6,则GF的长为()",
    "eng_subject": "As shown in the figure, DC ∥ EF ∥ AB, if\\frac{EG}{AB}=\\frac{1.0}{2.0},DC=6.0, then the length of GF is ()",
    "unanswerable_subject": "如图,DC∥EF,若\\frac{EG}{AB}=\\frac{1}{2},DC=6,则GF的长为()",
    "unanswerable_eng_subject": "As shown in the figure, DC ∥ EF, if\\frac{EG}{AB}=\\frac{1.0}{2.0},DC=6.0, then the length of GF is ()",
    "choices": [
        "2",
        "3",
        "4",
        "1.5"
    ],
    "label": 1,
    "formal_point": [
        "相似三角形"
    ],
    "answer": "解:∵EF∥AB,∴△DEG∽△DAB,∴\\frac{DG}{DB}=\\frac{EG}{AB}=\\frac{1}{2},即点G为DB的中点,∵DC∥EF,点G为DB的中点,∴GF=\\frac{1}{2}CD=3,故选:B．",
    "numbers": [
        1.0,
        2.0,
        6.0
    ]
}