{
    "question": "Hugo has $9,986.00. Does he have enough to buy a Jamaican vacation package and an African safari vacation package?",
    "choices": [
        "yes",
        "no"
    ],
    "answer": "no",
    "unit": null,
    "table_title": null,
    "table": "Australian vacation package | $3,483.00\nCaribbean vacation package | $2,496.00\nJamaican vacation package | $6,319.00\nHawaiian vacation package | $5,492.00\nAfrican safari vacation package | $4,170.00",
    "table_for_pd": {
        "Column 1": [
            "Australian vacation package",
            "Caribbean vacation package",
            "Jamaican vacation package",
            "Hawaiian vacation package",
            "African safari vacation package"
        ],
        "Column 2": [
            "$3,483.00",
            "$2,496.00",
            "$6,319.00",
            "$5,492.00",
            "$4,170.00"
        ]
    },
    "row_num": 5,
    "column_num": 2,
    "solution": "Add the price of a Jamaican vacation package and the price of an African safari vacation package:\n\n$6,319.00 + $4,170.00 = $10,489.00\n\n$10,489.00 is more than $9,986.00. Hugo does not have enough money.",
    "ques_type": "multi_choice",
    "ans_type": "boolean_text",
    "grade": 8,
    "split": "test"
}