{
    "id": 4026,
    "subject": "如图,直线PA、PB是⊙O的两条切线,A、B分别为切点,若∠APB=120°,⊙O的半径为10,则弦AB的长为()",
    "eng_subject": "As shown in the figure, the straight lines PA and PB are the two tangents of ⊙O. If ∠APB = 120.0, the radius of ⊙O is 10.0, then the length of chord AB is ()",
    "unanswerable_subject": "如图,直线PA、PB是⊙O的两条切线,A、B分别为切点,若∠APB=120°,则弦AB的长为()",
    "unanswerable_eng_subject": "As shown in the figure, the straight lines PA and PB are the two tangents of ⊙O. If ∠APB = 120.0, then the length of chord AB is ()",
    "choices": [
        "5",
        "10",
        "10√{3}",
        "5√{3}"
    ],
    "label": 1,
    "formal_point": [
        "切线",
        "直角三角形"
    ],
    "answer": "解:连OA,OB,∵直线PA,PB是⊙O的两条切线,∴OA⊥PA,OB⊥PB,∴∠OAP=∠OBP=90°∵∠APB=120°,∠OAP+∠OBP+∠APB+∠AOB=360°,∴∠AOB=60°,∵OA=OB,∴△AOB为等边三角形,∴AB=OA=10,故选:B．",
    "numbers": [
        120.0,
        10.0
    ]
}