{
    "id": 4700,
    "subject": "如图,AB∥CD∥EF,AC与BD相交于点E,若CE=5,CF=4,AE=BC,则\\frac{CD}{AB}的值是()",
    "eng_subject": "As shown in the figure, AB ∥ CD ∥ EF, AC and BD intersect at point E, if CE = 5.0, CF = 4.0, AE = BC, then the value of \\frac CDAB is ()",
    "unanswerable_subject": "如图,AB∥CD,AC与BD相交于点E,若CE=5,CF=4,AE=BC,则\\frac{CD}{AB}的值是()",
    "unanswerable_eng_subject": "As shown in the figure, AB ∥ CD, AC and BD intersect at point E, if CE = 5.0, CF = 4.0, AE = BC, then the value of \\frac CDAB is ()",
    "choices": [
        "\\frac{2}{3}",
        "\\frac{1}{2}",
        "\\frac{1}{3}",
        "\\frac{1}{4}"
    ],
    "label": 3,
    "formal_point": [
        "平行线",
        "平行线分线段成比例"
    ],
    "answer": "解:设AE=x,则BC=x,∵EF∥AB,∴\\frac{CE}{CA}=\\frac{CF}{CB},即\\frac{5}{5+x}=\\frac{4}{x},解得x=20,即AE=20,∵CD∥AB,∴△ECD∽△EAB,∴\\frac{CD}{AB}=\\frac{CE}{AE}=\\frac{5}{20}=\\frac{1}{4}．故选:D．",
    "numbers": [
        5.0,
        4.0
    ]
}