{
    "id": 5012,
    "subject": "如图,点C在线段AB上,点D是AC的中点,如果CD=3cm,AB=10cm,那么BC的长度是()",
    "eng_subject": "As shown in the figure, point C is on line AB, point D is the midpoint of AC, if CD = 3.0, AB = 10.0, then the length of BC is ()",
    "unanswerable_subject": "如图,点C在线段AB上,如果CD=3cm,AB=10cm,那么BC的长度是()",
    "unanswerable_eng_subject": "As shown in the figure, point C is on line AB, if CD = 3.0, AB = 10.0, then the length of BC is ()",
    "choices": [
        "3cm",
        "4cm",
        "6cm",
        "7cm"
    ],
    "label": 1,
    "formal_point": [
        "距离"
    ],
    "answer": "【解答】解:∵点D是AC的中点,∴AC=2CD=2×3=6cm,∴BC=AB-AC=10-6=4cm．",
    "numbers": [
        3.0,
        10.0
    ]
}