{
    "id": 9530,
    "subject": "如图,在平行四边形ABCD中,AC,BD为对角线,BC=6,BC边上的高为4,则图中阴影部分的面积为()",
    "eng_subject": "As shown in the figure, in the parallelogram ABCD, AC and BD are diagonals, BC = 6.0, and the height on BC is 4.0, then the area of ​​the shaded part in the figure is ()",
    "unanswerable_subject": "如图,在平行四边形ABCD中,AC,BD为对角线,BC=6,则图中阴影部分的面积为()",
    "unanswerable_eng_subject": "As shown in the figure, in the parallelogram ABCD, AC and BD are diagonals, BC = 6.0, then the area of ​​the shaded part in the figure is ()",
    "choices": [
        "3",
        "6",
        "12",
        "24"
    ],
    "label": 2,
    "formal_point": [
        "平行四边形"
    ],
    "answer": "解:通过观察结合平行四边形性质得:S_{阴影}=\\frac{1}{2}×6×4=12．故选:C．",
    "numbers": [
        6.0,
        4.0
    ]
}