{
    "id": 4364,
    "subject": "如图,AP、BP分别切⊙O于点A、B,∠P=60°,点C在优弧AB上,则∠C度数为()",
    "eng_subject": "As shown in the figure, AP and BP are tangent to ⊙O at points A and B respectively, ∠P = 60.0, point C is on the major arc AB, then the degree of ∠C is ()",
    "unanswerable_subject": "如图,AP切⊙O于点A,∠P=60°,点C在优弧AB上,则∠C度数为()",
    "unanswerable_eng_subject": "As shown in the figure, AP is tangent to ⊙O at point A, ∠P = 60.0, point C is on the major arc AB, then the degree of ∠C is ()",
    "choices": [
        "30°",
        "60°",
        "40°",
        "72°"
    ],
    "label": 1,
    "formal_point": [
        "切线",
        "圆周角"
    ],
    "answer": "解:∵AP、BP分别切⊙O于点A、B,∴∠OAP=∠OBP=90°,∴∠AOB=360°-60°-90°-90°=120°,∴∠C=\\frac{1}{2}∠AOB=60°．故选:B．",
    "numbers": [
        60.0
    ]
}