{
    "id": 7914,
    "subject": "如图,在边长为9的正方形ABCD中,F为AB上一点,连接CF．过点F作FE⊥CF,交AD于点E,若AF=3,则AE等于()",
    "eng_subject": "As shown in the figure, in the square ABCD with edge length 9.0, F is a point on AB. Connect CF. Pass point F to draw FE ⊥ CF which intersects AD at point E, if AF = 3.0, then AE is equal to ()",
    "unanswerable_subject": "如图,在正方形ABCD中,F为AB上一点,连接CF．过点F作FE⊥CF,交AD于点E,若AF=3,则AE等于()",
    "unanswerable_eng_subject": "As shown in the figure, in the square ABCD, F is a point on AB. Connect CF. Pass point F to draw FE ⊥ CF which intersects AD at point E, if AF = 3.0, then AE is equal to ()",
    "choices": [
        "1",
        "1.5",
        "2",
        "2.5"
    ],
    "label": 2,
    "formal_point": [
        "相似三角形",
        "正方形"
    ],
    "answer": "解:∵四边形ABCD是正方形,∴AD=AB=BC=9,∠A=∠B=90°,∵FE⊥CF,∴∠EFC=90°,∴∠AEF+∠EFA=90°,∠AFE+∠CFB=90°,∴∠AEF=∠CFB,∴△AEF∽△BFC,∴\\frac{AE}{BF}=\\frac{AF}{BC},∴\\frac{AE}{9-3}=\\frac{3}{9},∴AE=2,故选:C．",
    "numbers": [
        9.0,
        3.0
    ]
}