{
    "question": "Ernest's campground is close to two hiking trails with scenic destinations. One trail ends at an underground lake in the bottom of a small cave. The other trail ends at a mountain peak. The elevation of each destination is shown on the campground map. Which trail's destination is farther from sea level?",
    "choices": [
        "underground lake",
        "mountain peak"
    ],
    "answer": "underground lake",
    "unit": null,
    "table_title": null,
    "table": "Destination | Elevation (ft.)\nUnderground lake | -350\nMountain peak | 325",
    "table_for_pd": {
        "Destination": [
            "Underground lake",
            "Mountain peak"
        ],
        "Elevation (ft.)": [
            "-350",
            "325"
        ]
    },
    "row_num": 3,
    "column_num": 2,
    "solution": "The underground lake's elevation is negative, so it is below sea level. The mountain peak's elevation is positive, so it is above sea level.\nTo find the destination farther from sea level, use absolute value. Absolute value tells you how far each destination is from sea level.\nUnderground lake: |-350| = 350\nMountain peak: |325| = 325\nThe underground lake is 350 feet below sea level, and the mountain peak is only 325 feet above sea level. The underground lake is farther from sea level.",
    "ques_type": "multi_choice",
    "ans_type": "extractive_text",
    "grade": 6,
    "split": "test"
}