{
    "id": 6563,
    "subject": "如图,在△ABC中,∠A=90°,AB=AC=3,现将△ABC绕点B逆时针旋转一定角度,点C′恰落在边BC上的高所在的直线上,则边BC在旋转过程中所扫过的面积为()",
    "eng_subject": "As shown in the figure, in △ABC, ∠A = 90.0, AB = AC = 3.0, now rotate △ABC anticlockwise around point B by a certain angle, point C′ falls on the straight line where the height of side BC is located, then the area swept by BC during the rotation of edge BC is ()",
    "unanswerable_subject": "如图,在△ABC中,∠A=90°,AC=3,现将△ABC绕点B逆时针旋转一定角度,点C′恰落在边BC上的高所在的直线上,则边BC在旋转过程中所扫过的面积为()",
    "unanswerable_eng_subject": "As shown in the figure, in △ABC, ∠A = 90.0, AC = 3.0, now rotate △ABC anticlockwise around point B by a certain angle, point C′ falls on the straight line where the height of side BC is located, then the area swept by BC during the rotation of edge BC is ()",
    "choices": [
        "π",
        "2π",
        "3π",
        "4π"
    ],
    "label": 2,
    "formal_point": [
        "旋转",
        "扇形面积",
        "圆心角"
    ],
    "answer": "解:作高AD,则C′点在AD的反向延长线上,如图,∵∠A=90°,AB=AC=3,∴△ABC为等腰直角三角形,∴BC=√{2}AB=3√{2},BD=CD,∵△ABC绕点B逆时针旋转一定角度,点C′恰落在边BC上的高所在的直线上,∴BC′=BC=3√{2},∴BD=\\frac{1}{2}BC′,∴∠BC′D=30°,∴∠DBC′=60°,∴边BC在旋转过程中所扫过的面积=\\frac{60\\cdotπ\\cdot(3√{2})^{2}}{360}=3π．故选:C．",
    "numbers": [
        90.0,
        3.0
    ]
}