{
    "id": 3883,
    "subject": "如图,在半径为2的⊙O中,C为直径AB延长线上一点,CD与圆相切于点D,连接AD,已知∠DAC=30°,则线段CD的长为()",
    "eng_subject": "As shown in the figure, in the ⊙O with a radius of 2.0, C is a point on the extended line of the diameter AB, CD is tangent to the circle at point D. Connect AD, given that ∠DAC = 30.0, the length of the line segment CD is ()",
    "unanswerable_subject": "如图,在⊙O中,C为直径AB延长线上一点,CD与圆相切于点D,连接AD,已知∠DAC=30°,则线段CD的长为()",
    "unanswerable_eng_subject": "As shown in the figure, in the ⊙O, C is a point on the extended line of the diameter AB, CD is tangent to the circle at point D. Connect AD, given that ∠DAC = 30.0, the length of the line segment CD is ()",
    "choices": [
        "1",
        "√{3}",
        "2",
        "2√{3}"
    ],
    "label": 3,
    "formal_point": [
        "切线",
        "圆周角"
    ],
    "answer": "解:∵CD与圆相切于点D,∴OD⊥CD,∵∠DOC=2∠DAC=2×30°=60°,∴∠C=30°,∴CD=√{3}OD=2√{3}．故选:D．",
    "numbers": [
        2.0,
        30.0
    ]
}