{
    "id": 6,
    "subject": "如图,AB∥CD,若∠2=135°,那么∠1的度数是()",
    "eng_subject": "As shown in the figure, AB ∥ CD, if ∠2 = 135.0, then the degree of ∠1 is ()",
    "unanswerable_subject": "如图,若∠2=135°,那么∠1的度数是()",
    "unanswerable_eng_subject": "As shown in the figure, if ∠2 = 135.0, then the degree of ∠1 is ()",
    "choices": [
        "30°",
        "45°",
        "60°",
        "75°"
    ],
    "label": 1,
    "formal_point": [
        "平行线"
    ],
    "answer": "由AB1ICD,知∠1的对顶角与∠2互补,所以∠1=45°",
    "numbers": [
        135.0
    ]
}