{
    "id": 1977,
    "subject": "如图,AO是圆锥的高,圆锥的底面半径OB=0.7,AB的长为2.5,则AO的长为()",
    "eng_subject": "As shown in the figure, AO is the height of the cone, the bottom radius of the cone OB = 0.7, the length of AB is 2.5, then the length of AO is ()",
    "unanswerable_subject": "如图,AO是圆锥的高,圆锥的底面半径OB=0.7,则AO的长为()",
    "unanswerable_eng_subject": "As shown in the figure, AO is the height of the cone, the bottom radius of the cone OB = 0.7, then the length of AO is ()",
    "choices": [
        "2.4",
        "2.2",
        "1.8",
        "1.6"
    ],
    "label": 0,
    "formal_point": [
        "圆锥的计算"
    ],
    "answer": "解:由勾股定理得,AO=√{AB^{2}-0B^{2}}=2.4,故选:A．",
    "numbers": [
        0.7,
        2.5
    ]
}