{
    "id": 1832,
    "subject": "如图,AB是⊙O的直径,点C、D是圆上两点,且∠AOC=126°,则∠CDB=()",
    "eng_subject": "As shown in the figure, AB is the diameter of ⊙O, points C and D are two points on the circle, and ∠AOC = 126.0, then ∠CDB = ()",
    "unanswerable_subject": "如图,AB是⊙O的直径,点C圆上的点,且∠AOC=126°,则∠CDB=()",
    "unanswerable_eng_subject": "As shown in the figure, AB is the diameter of ⊙O, point C is a point on the circle, and ∠AOC = 126.0, then ∠CDB = ()",
    "choices": [
        "54°",
        "64°",
        "27°",
        "37°"
    ],
    "label": 2,
    "formal_point": [
        "圆周角",
        "圆心角"
    ],
    "answer": "解:∵∠AOC=126°,∴∠BOC=180°-∠AOC=54°,∵∠CDB=\\frac{1}{2}∠BOC=27°．故选:C．",
    "numbers": [
        126.0
    ]
}