{
    "id": 3920,
    "subject": "如图,直线AB与⊙O相切于点A,⊙O的半径为1,若∠OBA=30°,则OB长为()",
    "eng_subject": "As shown in the figure, the straight line AB is tangent to ⊙O at point A, the radius of ⊙O is 1.0, if ∠OBA = 30.0, then the length of OB is ()",
    "unanswerable_subject": "如图,直线AB与⊙O相切于点A,若∠OBA=30°,则OB长为()",
    "unanswerable_eng_subject": "As shown in the figure, the straight line AB is tangent to ⊙O at point A, if ∠OBA = 30.0, then the length of OB is ()",
    "choices": [
        "1",
        "2",
        "√{3}",
        "2√{3}"
    ],
    "label": 1,
    "formal_point": [
        "切线",
        "三角函数",
        "直角三角形"
    ],
    "answer": "解:∵直线AB与⊙O相切于点A,连接OA则∠OAB=90°．∵OA=1,∴OB=\\frac{0A}{sinB}=\\frac{1}{\\frac{1}{2}}=2．故选:B．",
    "numbers": [
        1.0,
        30.0
    ]
}