{
    "id": 4553,
    "subject": "如图,在△ABC中,DE∥BC,若AB=7cm,AC=5cm,AD=3cm,则DE=()",
    "eng_subject": "As shown in the figure, in △ABC, DE ∥ BC, if AB = 7.0, AC = 5.0, AD = 3.0, then DE = ()",
    "unanswerable_subject": "如图,在△ABC中,DE∥BC,若AB=7cm,AC=5cm,则DE=()",
    "unanswerable_eng_subject": "As shown in the figure, in △ABC, DE ∥ BC, if AB = 7.0, AC = 5.0, then DE = ()",
    "choices": [
        "\\frac{15}{4}cm",
        "\\frac{20}{3}cm",
        "\\frac{15}{7}cm",
        "\\frac{20}{7}cm"
    ],
    "label": 3,
    "formal_point": [
        "相似三角形"
    ],
    "answer": "解:∵AB=7,AD=3,∴BD=BA-AD=4,∵DE∥BC,∴△BDE∽△BAC,∴\\frac{BD}{BA}=\\frac{DE}{AC},即\\frac{4}{7}=\\frac{DE}{5},解得,DE=\\frac{20}{7}(cm),故选:D．",
    "numbers": [
        7.0,
        5.0,
        3.0
    ]
}