{
    "id": 1750,
    "subject": "如图,AB为⊙O的直径,C、D是⊙O上的两点,∠BAC=30°,⁀{AD}=⁀{CD}．则∠DAC等于()",
    "eng_subject": "As shown in the figure, AB is the diameter of ⊙O, C and D are two points on ⊙O, ∠BAC = 30.0, ⁀AD = ⁀CD. Then ∠DAC is equal to ()",
    "unanswerable_subject": "如图,AB为⊙O的直径,C、D是⊙O上的两点,∠BAC=30°．则∠DAC等于()",
    "unanswerable_eng_subject": "As shown in the figure, AB is the diameter of ⊙O, C and D are two points on ⊙O, ∠BAC = 30.0. Then ∠DAC is equal to ()",
    "choices": [
        "70°",
        "45°",
        "30°",
        "25°"
    ],
    "label": 2,
    "formal_point": [
        "圆周角",
        "圆心角"
    ],
    "answer": "解:∵AB为⊙O的直径,∴∠ACB=90°,∴∠B=90°-∠BAC=90°-30°=60°,∴∠D=180°-∠B=120°,∵⁀{AD}=⁀{CD},∴AD=CD,∴∠DAC=∠DCA=\\frac{1}{2}(180°-120°)=30°．故选:C．",
    "numbers": [
        30.0
    ]
}