{
    "id": 8596,
    "subject": "如图,▱ABCD的顶点A、B、D在⊙O上,顶点C在⊙O的直径BE上,连接AE,∠E=36°,则∠ADC的度数是()",
    "eng_subject": "As shown in the figure, the vertices A, B, and D of ▱ABCD are on ⊙O, and the vertex C is on the diameter BE of ⊙O, connect AE, ∠E = 36.0, then the degree of ∠ADC is ()",
    "unanswerable_subject": "如图,▱ABCD的顶点A、D在⊙O上,顶点C在⊙O的直径BE上,连接AE,∠E=36°,则∠ADC的度数是()",
    "unanswerable_eng_subject": "As shown in the figure, the vertices A, and D of ▱ABCD are on ⊙O, and the vertex C is on the diameter BE of ⊙O, connect AE, ∠E = 36.0, then the degree of ∠ADC is ()",
    "choices": [
        "44°",
        "54°",
        "72°",
        "53°"
    ],
    "label": 1,
    "formal_point": [
        "圆周角",
        "平行四边形"
    ],
    "answer": "解:∵BE是直径,∴∠BAE=90°,∵四边形ABCD是平行四边形,∠E=36°,∴∠BEA=∠DAE=36°,∴∠BAD=126°,∴∠ADC=54°,故选:B．",
    "numbers": [
        36.0
    ]
}