{
    "question": "Some friends compared the sizes of their stuffed animal collections. Who has the fewest stuffed animals?",
    "choices": [
        "Celine",
        "Kimi",
        "Hunter",
        "Allie"
    ],
    "answer": "Hunter",
    "unit": null,
    "table_title": "Stuffed animal collections",
    "table": "Name | Number of stuffed animals\nCeline | 259\nKimi | 292\nHunter | 229\nAllie | 252",
    "table_for_pd": {
        "Name": [
            "Celine",
            "Kimi",
            "Hunter",
            "Allie"
        ],
        "Number of stuffed animals": [
            "259",
            "292",
            "229",
            "252"
        ]
    },
    "row_num": 5,
    "column_num": 2,
    "solution": "Find the least number in the table. Remember to compare the numbers starting with the highest place value. The least number is 229.\n\nNow find the corresponding name. Hunter corresponds to 229.",
    "ques_type": "multi_choice",
    "ans_type": "extractive_text",
    "grade": 2,
    "split": "test"
}