{
    "question": "Look at the table. Then answer the question. At a price of $360, is there a shortage or a surplus?",
    "choices": [
        "shortage",
        "surplus"
    ],
    "answer": "surplus",
    "unit": null,
    "table_title": null,
    "table": "Price | Quantity demanded | Quantity supplied\n$140 | 16,900 | 7,600\n$250 | 13,300 | 10,600\n$360 | 9,700 | 13,600\n$470 | 6,100 | 16,600\n$580 | 2,500 | 19,600",
    "table_for_pd": {
        "Price": [
            "$140",
            "$250",
            "$360",
            "$470",
            "$580"
        ],
        "Quantity demanded": [
            "16,900",
            "13,300",
            "9,700",
            "6,100",
            "2,500"
        ],
        "Quantity supplied": [
            "7,600",
            "10,600",
            "13,600",
            "16,600",
            "19,600"
        ]
    },
    "row_num": 6,
    "column_num": 3,
    "solution": "At the price of $360, the quantity demanded is less than the quantity supplied. There is too much of the good or service for sale at that price. So, there is a surplus.\n",
    "ques_type": "multi_choice",
    "ans_type": "boolean_text",
    "grade": 5,
    "split": "test"
}