{
    "id": 9832,
    "subject": "如图,P是⊙O外一点,PA、PB分别交⊙O于C、D两点,已知⁀{AB}和⁀{CD}所对的圆心角分别为90°和50°,则∠P=()",
    "eng_subject": "As shown in the figure, P is a point outside ⊙O, PA and PB intersect ⊙O at two points C and D respectively. It is known that the central angles of ⁀AB and ⁀CD are 90.0 and 50.0 respectively, then ∠P = ()",
    "unanswerable_subject": "如图,P是⊙O外一点,PA、PB分别交⊙O于C、D两点,已知⁀{AB}所对的圆心角为90°,则∠P=()",
    "unanswerable_eng_subject": "As shown in the figure, P is a point outside ⊙O, PA and PB intersect ⊙O at two points C and D respectively. It is known that the central angle of ⁀AB is 90.0, then ∠P = ()",
    "choices": [
        "45°",
        "40°",
        "25°",
        "20°"
    ],
    "label": 3,
    "formal_point": [
        "圆周角",
        "圆心角"
    ],
    "answer": "解:∵⁀{AB}和⁀{CD}所对的圆心角分别为90°和50°,∴∠A=25°,∠ADB=45°,∵∠P+∠A=∠ADB,∴∠P=∠ADB-∠P=45°-25°=20°．故选:D．",
    "numbers": [
        90.0,
        50.0
    ]
}