{
    "question": "Cindy has $1.50. Does she have enough to buy a bottle of ketchup and a bottle of vinegar?",
    "choices": [
        "yes",
        "no"
    ],
    "answer": "no",
    "unit": null,
    "table_title": null,
    "table": "jar of salsa | $0.99\nbottle of ketchup | $0.98\nbottle of vinegar | $0.57\nbottle of hot sauce | $0.86",
    "table_for_pd": {
        "Column 1": [
            "jar of salsa",
            "bottle of ketchup",
            "bottle of vinegar",
            "bottle of hot sauce"
        ],
        "Column 2": [
            "$0.99",
            "$0.98",
            "$0.57",
            "$0.86"
        ]
    },
    "row_num": 4,
    "column_num": 2,
    "solution": "Add the price of a bottle of ketchup and the price of a bottle of vinegar:\n\n$0.98 + $0.57 = $1.55\n\n$1.55 is more than $1.50. Cindy does not have enough money.",
    "ques_type": "multi_choice",
    "ans_type": "boolean_text",
    "grade": 3,
    "split": "test"
}