{
    "id": 4621,
    "subject": "如图,已知直线a∥b∥c,直线m,n与a,b,c分别交于点A,C,E,B,D,F,若AC=4,AE=10,BD=3,则DF的值是()",
    "eng_subject": "As shown in the figure, it is known that a straight line a ∥ b ∥ c, a straight line, n and a, b, c intersect at points A, C, E, B, D, F, if AC = 4.0, AE = 10.0, BD = 3.0, then the value of DF is ()",
    "unanswerable_subject": "如图,已知直线a∥b∥c,直线m,n与a,b,c分别交于点A,C,E,B,D,F,若AC=4,AE=10,则DF的值是()",
    "unanswerable_eng_subject": "As shown in the figure, it is known that a straight line a ∥ b ∥ c, a straight line, n and a, b, c intersect at points A, C, E, B, D, F, if AC = 4.0, AE = 10.0, then the value of DF is ()",
    "choices": [
        "4",
        "4.5",
        "5",
        "5.5"
    ],
    "label": 1,
    "formal_point": [
        "平行线",
        "平行线分线段成比例"
    ],
    "answer": "解:∵a∥b∥c,∴image_023087.png\\frac{AC}{AE}=\\frac{BD}{BF},即\\frac{4}{10}=\\frac{3}{BF},解得,BF=\\frac{15}{2},则DF=BF-BD=4.5,故选:B．",
    "numbers": [
        4.0,
        10.0,
        3.0
    ]
}