{
    "id": 540,
    "subject": "如图,等腰三角形ABC中,AB=AC,BD是AC边上的高,若∠A=36°,则∠DBC的大小是()",
    "eng_subject": "As shown in the figure, in the isosceles triangle ABC, AB = AC, BD is the height on AC, if ∠A = 36.0, then the size of ∠DBC is ()",
    "unanswerable_subject": "如图,等腰三角形ABC中,AB=AC,BD是AC边上的高,则∠DBC的大小是()",
    "unanswerable_eng_subject": "As shown in the figure, in the isosceles triangle ABC, AB = AC, BD is the height on AC, then the size of ∠DBC is ()",
    "choices": [
        "18°",
        "36°",
        "54°",
        "72°"
    ],
    "label": 0,
    "formal_point": [
        "等腰三角形"
    ],
    "answer": "∵AB=AC,∠A=36^{°},∴∠ABC=∠ACB=72^{°}.∵BD是AC边上的高,∴BD⊥AC,∴∠DBC=90^{°}-72^{°}=18^{°}故选A.",
    "numbers": [
        36.0
    ]
}