{
    "id": 8434,
    "subject": "如图,⊙O是△ABC的外接圆,∠BOC=3∠AOB,若∠ACB=20°,则∠BAC的度数是()",
    "eng_subject": "As shown in the figure, ⊙O is the circumscribed circle of △ABC, ∠BOC = 3.0 ∠AOB, if ∠ACB = 20.0, then the degree of ∠BAC is ()",
    "unanswerable_subject": "如图,⊙O是△ABC的外接圆,若∠ACB=20°,则∠BAC的度数是()",
    "unanswerable_eng_subject": "As shown in the figure, ⊙O is the circumscribed circle of △ABC, if ∠ACB = 20.0, then the degree of ∠BAC is ()",
    "choices": [
        "120°",
        "80°",
        "60°",
        "30°"
    ],
    "label": 2,
    "formal_point": [
        "圆周角",
        "外接圆",
        "圆心角"
    ],
    "answer": "解:∵∠ACB=20°,∴∠AOB=2∠ACB=40°,∵∠BOC=3∠AOB,∴∠BOC=120°,∴∠BAC=\\frac{1}{2}∠BOC=60°．故选:C．",
    "numbers": [
        3.0,
        20.0
    ]
}