{
    "id": 9716,
    "subject": "如图,AB是⊙O的直径,点C、点D在⊙O上,连结AC、BC、AD、CD,若∠BAC=50°,则∠ADC的度数等于()",
    "eng_subject": "As shown in the figure, AB is the diameter of ⊙O, point C and point D are on ⊙O. Connect AC, BC, AD, CD, if ∠BAC = 50.0, then the degree of ∠ADC is equal to ()",
    "unanswerable_subject": "如图,点C、点D在⊙O上,连结AC、BC、AD、CD,若∠BAC=50°,则∠ADC的度数等于()",
    "unanswerable_eng_subject": "As shown in the figure, point C and point D are on ⊙O. Connect AC, BC, AD, CD, if ∠BAC = 50.0, then the degree of ∠ADC is equal to ()",
    "choices": [
        "30°",
        "35°",
        "40°",
        "45°"
    ],
    "label": 2,
    "formal_point": [
        "圆周角",
        "圆心角"
    ],
    "answer": "解:∵AB是⊙O的直径,∴∠ACB=90°,∵∠BAC=50°,∴∠B=40°,∴∠ADC=∠B=40°．故选:C．",
    "numbers": [
        50.0
    ]
}