{
    "id": 244,
    "subject": "(3分)如图,EF∥BC,AC平分∠BAF,∠B=50°,则∠C的度数是()",
    "eng_subject": "As shown in the figure, EF ∥ BC, AC bisects ∠BAF, ∠B = 50.0, then the degree of ∠C is ()",
    "unanswerable_subject": "(3分)如图,EF∥BC,∠B=50°,则∠C的度数是()",
    "unanswerable_eng_subject": "As shown in the figure, EF ∥ BC, ∠B = 50.0, then the degree of ∠C is ()",
    "choices": [
        "50°",
        "55°",
        "60°",
        "65°"
    ],
    "label": 3,
    "formal_point": [
        "平行线"
    ],
    "answer": "试题分析:∵EF//BC,∴∠EAB=∠B=50°,∠C=∠CAF,∴∠BAF=180°-50°=130°,又∵AC平分∠BAF,∴∠CAF=130°÷2=65°,∴∠C=65°.故选D.",
    "numbers": [
        50.0
    ]
}