{
    "question": "Jill has $74.00. Does she have enough to buy a car show ticket and a baseball ticket?",
    "choices": [
        "yes",
        "no"
    ],
    "answer": "no",
    "unit": null,
    "table_title": null,
    "table": "comedy show ticket | $28.00\ncar show ticket | $29.00\nbasketball ticket | $44.00\nbaseball ticket | $46.00\nairplane show ticket | $30.00",
    "table_for_pd": {
        "Column 1": [
            "comedy show ticket",
            "car show ticket",
            "basketball ticket",
            "baseball ticket",
            "airplane show ticket"
        ],
        "Column 2": [
            "$28.00",
            "$29.00",
            "$44.00",
            "$46.00",
            "$30.00"
        ]
    },
    "row_num": 5,
    "column_num": 2,
    "solution": "Add the price of a car show ticket and the price of a baseball ticket:\n\n$29.00 + $46.00 = $75.00\n\n$75.00 is more than $74.00. Jill does not have enough money.",
    "ques_type": "multi_choice",
    "ans_type": "boolean_text",
    "grade": 3,
    "split": "test"
}