{
    "id": 2747,
    "subject": "如图,在Rt△ABC中,∠C=90°,AC=1,BC=2,则\\cosB的值是()",
    "eng_subject": "As shown in the figure, in Rt△ABC, ∠C = 90.0, AC = 1.0, BC = 2.0, then the value of cosB is ()",
    "unanswerable_subject": "如图,在Rt△ABC中,∠C=90°,AC=1,则\\cosB的值是()",
    "unanswerable_eng_subject": "As shown in the figure, in Rt△ABC, ∠C = 90.0, AC = 1.0, then the value of cosB is ()",
    "choices": [
        "\\frac{√{5}}{5}",
        "\\frac{2√{5}}{5}",
        "\\frac{1}{2}",
        "2"
    ],
    "label": 1,
    "formal_point": [
        "勾股定理",
        "三角函数"
    ],
    "answer": "解:在Rt△ABC中,∠C=90°,AC=1,BC=2,由勾股定理,得\nAB=√{AC^{2}+BC^{2}}=√{5}．\n由锐角的余弦,得\\cosB=\\frac{BC}{AB}=\\frac{2}{√{5}}=\\frac{2√{5}}{5},\n故选:B．",
    "numbers": [
        90.0,
        1.0,
        2.0
    ]
}