{
    "id": 332,
    "subject": "如图所示,直线AB、CD被直线EF所截,若AB∥CD,∠1=100°,则∠2的大小是()",
    "eng_subject": "As shown in the figure, the straight lines AB and CD are intercepted by the straight line EF. If AB ∥ CD, ∠1 = 100.0, then the size of ∠2 is ()",
    "unanswerable_subject": "如图所示,直线AB、CD被直线EF所截,∠1=100°,则∠2的大小是()",
    "unanswerable_eng_subject": "As shown in the figure, the straight lines AB and CD are intercepted by the straight line EF. If ∠1 = 100.0, then the size of ∠2 is ()",
    "choices": [
        "10°",
        "50°",
        "80°",
        "100°"
    ],
    "label": 2,
    "formal_point": [
        "同位角",
        "平行线"
    ],
    "answer": "试题分析:∵AB//CD,∠3=∠1=100°,∴∠2=180°-∠3=80°,故选C.",
    "numbers": [
        100.0
    ]
}