{
    "id": 9270,
    "subject": "如图,▱ABCD中,AE平分∠BAD,若CE=3cm,AB=4cm,则▱ABCD的周长是()",
    "eng_subject": "As shown in the figure, in ▱ABCD, AE bisects ∠BAD, if CE = 3.0, AB = 4.0, then the perimeter of ▱ABCD is ()",
    "unanswerable_subject": "如图,▱ABCD中,若CE=3cm,AB=4cm,则▱ABCD的周长是()",
    "unanswerable_eng_subject": "As shown in the figure, in ▱ABCD, if CE = 3.0, AB = 4.0, then the perimeter of ▱ABCD is ()",
    "choices": [
        "20cm",
        "21cm",
        "22cm",
        "23cm"
    ],
    "label": 2,
    "formal_point": [
        "平行四边形",
        "等腰三角形",
        "平行线"
    ],
    "answer": "解:∵四边形ABCD是平行四边形,∴AD=BC=10,AB=DC,AD∥BC,∴∠DAE=∠BEA,∵AE平分∠BCD,∴∠BAE=∠DAE,∴∠BEA=∠BAE,∴BE=AB=4cm,∴BC=BE+CE=7cm,∴▱ABCD的周长=2(DC+BC)=2(4+7)=22cm；故选:C．",
    "numbers": [
        3.0,
        4.0
    ]
}