{
    "id": 7618,
    "subject": "如图,在△ABC中,∠ACB=90°,D是AB上一点,连接CD,∠ACD=∠B,若BC=13cm,CD=5cm,则BD=()",
    "eng_subject": "As shown in the figure, in △ABC, ∠ACB = 90.0, D is the point on AB, connect CD, ∠ACD = ∠B, if BC = 13.0, CD = 5.0, then BD = ()",
    "unanswerable_subject": "如图,在△ABC中,∠ACB=90°,D是AB上一点,连接CD,若BC=13cm,CD=5cm,则BD=()",
    "unanswerable_eng_subject": "As shown in the figure, in △ABC, ∠ACB = 90.0, D is the point on AB, connect CD, if BC = 13.0, CD = 5.0, then BD = ()",
    "choices": [
        "8cm",
        "9cm",
        "10cm",
        "12cm"
    ],
    "label": 3,
    "formal_point": [
        "勾股定理",
        "相似三角形"
    ],
    "answer": "解:∵∠A=∠A,∠ACD=∠B,∴△ADC∽△ACB；∴∠BDC=∠ACB=90°,∴BD=√{BC²-CD²}=√{13²-5²}=12,故选:D．",
    "numbers": [
        90.0,
        13.0,
        5.0
    ]
}