{
    "id": 399,
    "subject": "将一张宽度相等的长方形纸条按如图所示的方式折叠一下,如果∠1=140°,那么∠2的度数是()",
    "eng_subject": "Fold a rectangular piece of paper with equal width as shown in the figure. If ∠1 = 140.0, then the degree of ∠2 is ()",
    "unanswerable_subject": "将一张宽度相等的长方形纸条按如图所示的方式折叠一下,那么∠2的度数是()",
    "unanswerable_eng_subject": "Fold a rectangular piece of paper with equal width as shown in the figure. The degree of ∠2 is ()",
    "choices": [
        "100°",
        "110°",
        "120°",
        "140°"
    ],
    "label": 1,
    "formal_point": [
        "平行线"
    ],
    "answer": "试题分析:根据平行线的性质可得∠3+∠4=∠1=140°,根据折叠图形的性质可得:∠3=∠4=70°,根据平行线的性质可得:∠2=180°-70°=110°.",
    "numbers": [
        140.0
    ]
}