{
    "id": 8883,
    "subject": "如图,正方形ABCD的边长为3,以CD为一边向CD两侧作等边三角形PCD和等边三角形QCD,那么PQ的长是()",
    "eng_subject": "As shown in the figure, the edge length of the square ABCD is 3.0, and the equilateral triangle PCD and equilateral triangle QCD are made on both sides of CD with CD as one edge, then the length of PQ is ()",
    "unanswerable_subject": "如图,正方形ABCD的边长为3,以CD为一边向CD两侧作三角形PCD和三角形QCD,那么PQ的长是()",
    "unanswerable_eng_subject": "As shown in the figure, the edge length of the square ABCD is 3.0, and the triangle PCD and triangle QCD are made on both sides of CD with CD as one edge, then the length of PQ is ()",
    "choices": [
        "\\frac{3√{3}}{2}",
        "\\frac{2√{3}}{3}",
        "3√{3}",
        "6√{3}"
    ],
    "label": 2,
    "formal_point": [
        "勾股定理",
        "等边三角形",
        "直角三角形",
        "正方形"
    ],
    "answer": "解:根据题意可知△PDQ是等腰三角形,且DC垂直平分PQ,易得DE=1.5,DQ=3；在Rt△DEQ中QE=√{9-\\frac{9}{4}}=\\frac{3√{3}}{2},所以PQ=2QE=3√{3}；故选:C．",
    "numbers": [
        3.0
    ]
}