{
    "question": "Look at the table. Then answer the question. At a price of $790, is there a shortage or a surplus?",
    "choices": [
        "shortage",
        "surplus"
    ],
    "answer": "surplus",
    "unit": null,
    "table_title": null,
    "table": "Price | Quantity demanded | Quantity supplied\n$250 | 14,400 | 1,200\n$430 | 11,300 | 5,700\n$610 | 8,200 | 10,200\n$790 | 5,100 | 14,700\n$970 | 2,000 | 19,200",
    "table_for_pd": {
        "Price": [
            "$250",
            "$430",
            "$610",
            "$790",
            "$970"
        ],
        "Quantity demanded": [
            "14,400",
            "11,300",
            "8,200",
            "5,100",
            "2,000"
        ],
        "Quantity supplied": [
            "1,200",
            "5,700",
            "10,200",
            "14,700",
            "19,200"
        ]
    },
    "row_num": 6,
    "column_num": 3,
    "solution": "At the price of $790, the quantity demanded is less than the quantity supplied. There is too much of the good or service for sale at that price. So, there is a surplus.\n",
    "ques_type": "multi_choice",
    "ans_type": "boolean_text",
    "grade": 5,
    "split": "test"
}