{
    "id": 4424,
    "subject": "如图,△ABC中,AB=AC,∠BA0=45°,△ABC内接于⊙O,D为⊙O上一点,过点D作⊙O的切线交BC的延长线于E,若DE⊥BC,AD=2√{2},则DE的长为()",
    "eng_subject": "As shown in the figure, in △ABC, AB = AC, ∠BAO = 45.0, △ABC is inscribed in ⊙O, D is a point on ⊙O, passing point D is the tangent of ⊙O and the extended line of BC at E, if DE ⊥ BC, AD = 2.0√{2.0}, then the length of DE is ()",
    "unanswerable_subject": "如图,△ABC中,∠BA0=45°,△ABC内接于⊙O,D为⊙O上一点,过点D作⊙O的切线交BC的延长线于E,若DE⊥BC,AD=2√{2},则DE的长为()",
    "unanswerable_eng_subject": "As shown in the figure, in △ABC, ∠BAO = 45.0, △ABC is inscribed in ⊙O, D is a point on ⊙O, passing point D is the tangent of ⊙O and the extended line of BC at E, if DE ⊥ BC, AD = 2.0√{2.0}, then the length of DE is ()",
    "choices": [
        "2",
        "1",
        "\\frac{3}{2}",
        "√{2}"
    ],
    "label": 3,
    "formal_point": [
        "切线",
        "直角三角形",
        "矩形"
    ],
    "answer": "解:过点A作AH⊥BC于点H,连接OC,OD,∵AB=AC,∴AH=CH,∴AH过点O,∵DE是⊙O的切线,∴OD⊥DE,∵DE⊥BC,∴∠OHE=∠E=∠EDO=90°,∴四边形ODEH是矩形,∴∠AOD=90°,∵AD=2√{2},∴OA=OD=2,∵∠BAC=45°,∴∠COH=45°,∵OC=2,∴OH=CH=√{2},∴DE=OH=√{2}．故选:D．",
    "numbers": [
        45.0,
        2.0,
        2.0
    ]
}