{
    "id": 9239,
    "subject": "如图,在▱ABCD中,AB=6,BC=8,∠C的平分线交AD于E,交BA的延长线于F,则AE+AF的值等于()",
    "eng_subject": "As shown in the figure, in ▱ABCD, AB = 6.0, BC = 8.0, the bisector of ∠C intersects AD at E, and intersects the extended line of BA at F, then the value of AE + AF is equal to ()",
    "unanswerable_subject": "如图,在▱ABCD中,AB=6,∠C的平分线交AD于E,交BA的延长线于F,则AE+AF的值等于()",
    "unanswerable_eng_subject": "As shown in the figure, in ▱ABCD, AB = 6.0, the bisector of ∠C intersects AD at E, and intersects the extended line of BA at F, then the value of AE + AF is equal to ()",
    "choices": [
        "2",
        "3",
        "4",
        "6"
    ],
    "label": 2,
    "formal_point": [
        "平行四边形",
        "等腰三角形"
    ],
    "answer": "解:∵四边形ABCD是平行四边形,∴AB∥CD,AD=BC=8,CD=AB=6,∴∠F=∠DCF,∵CF平分∠BCD,∴∠FCB=∠DCF,∴∠F=∠FCB,∴BF=BC=8,同理:DE=CD=6,∴AF=BF-AB=2,AE=AD-DE=2,∴AE+AF=4；故选:C．",
    "numbers": [
        6.0,
        8.0
    ]
}