{
    "id": 5677,
    "subject": "如图,AB∥CD,BE垂直平分AD,DC=BC,若∠A=70°,则∠C=()",
    "eng_subject": "As shown in the figure, AB ∥ CD, BE perpendicularly bisects AD, DC = BC, if ∠A = 70.0, then ∠C = ()",
    "unanswerable_subject": "如图,AB∥CD,BE垂直平分AD,若∠A=70°,则∠C=()",
    "unanswerable_eng_subject": "As shown in the figure, AB ∥ CD, BE perpendicularly bisects AD, if ∠A = 70.0, then ∠C = ()",
    "choices": [
        "100°",
        "110°",
        "115°",
        "120°"
    ],
    "label": 0,
    "formal_point": [
        "角平分线",
        "垂直平分线",
        "等腰三角形",
        "平行线"
    ],
    "answer": "解:∵BE垂直平分AD,∴AB=DB,∴∠ABE=∠DBE,又∵∠A=70°,∴∠ABE=20°,∴∠ABD=40°,又∵AB∥CD,∴∠CDB=∠ABD=40°,又∵DC=BC,∴∠C=180°-2×40°=100°,故选:A．",
    "numbers": [
        70.0
    ]
}