{
    "id": 4184,
    "subject": "如图,直线AB与⊙O相切于点A,⊙O的半径为2,若∠OBA=30°,则AB的长为()",
    "eng_subject": "As shown in the figure, the straight line AB and ⊙O are tangent to point A, the radius of ⊙O is 2.0, if ∠OBA = 30.0, then the length of AB is ()",
    "unanswerable_subject": "如图,直线AB与⊙O相切于点A,若∠OBA=30°,则AB的长为()",
    "unanswerable_eng_subject": "As shown in the figure, the straight line AB and ⊙O are tangent to point A, if ∠OBA = 30.0, then the length of AB is ()",
    "choices": [
        "4√{3}",
        "4",
        "2√{3}",
        "2"
    ],
    "label": 2,
    "formal_point": [
        "切线",
        "三角函数"
    ],
    "answer": "解:∵AB为切线,∴∠OAB=90°,∵∠OBA=30°,OA=2,∴AB=\\frac{0A}{tan30^{°}}=\\frac{2}{\\frac{√{3}}{3}}=2√{3},故选:C．",
    "numbers": [
        2.0,
        30.0
    ]
}