{
    "id": 4534,
    "subject": "如图,直线a、b、c分别与直线m、n交于点A、B、C、D、E、F．已知直线a∥b∥c,若AB=2,BC=3,则\\frac{DE}{EF}的值为()",
    "eng_subject": "As shown in the figure, straight lines a, b, and c intersect straight lines and n at points A, B, C, D, E, and F respectively. Given the straight line a ∥ b ∥ c, if AB = 2.0, BC = 3.0, then the value of \\frac DEEF is ()",
    "unanswerable_subject": "如图,直线a、b、c分别与直线m、n交于点A、B、C、D、E、F．已知直线a∥b∥c,若AB=2,则\\frac{DE}{EF}的值为()",
    "unanswerable_eng_subject": "As shown in the figure, straight lines a, b, and c intersect straight lines and n at points A, B, C, D, E, and F respectively. Given the straight line a ∥ b ∥ c, if AB = 2.0, then the value of \\frac DEEF is ()",
    "choices": [
        "\\frac{2}{3}",
        "\\frac{3}{2}",
        "\\frac{2}{5}",
        "\\frac{3}{5}"
    ],
    "label": 0,
    "formal_point": [
        "平行线",
        "平行线分线段成比例"
    ],
    "answer": "解:∵直线a∥b∥c,∴\\frac{DE}{EF}=\\frac{AB}{BC}=\\frac{2}{3},故选:A．",
    "numbers": [
        2.0,
        3.0
    ]
}