{
    "id": 703,
    "subject": "如图,点B,O,D在同一直线上,若∠1=15°,∠2=105°,则∠AOC的度数是()",
    "eng_subject": "As shown in the figure, the points B, O, D are on the same straight line, if ∠1 = 15.0, ∠2 = 105.0, then the degree of ∠AOC is ()",
    "unanswerable_subject": "如图,点B,O,D在同一直线上,若∠1=15°,则∠AOC的度数是()",
    "unanswerable_eng_subject": "As shown in the figure, the points B, O, D are on the same straight line, if ∠1 = 15.0, then the degree of ∠AOC is ()",
    "choices": [
        "70",
        "80",
        "90",
        "100"
    ],
    "label": 2,
    "formal_point": [
        "邻补角"
    ],
    "answer": "∵∠2=105°,∴∠BOC=180^{°}-∠2=75^{°}∴∠AOC=∠1+∠BOC=15^{°}+75^{°}=90^{°}故选C.",
    "numbers": [
        15.0,
        105.0
    ]
}