{
    "id": 7600,
    "subject": "如图,已知点D是AB边的中点,AF∥BC,CG:GA=3:1,BC=8,则AF等于()",
    "eng_subject": "As shown in the figure, the known point D is the midpoint of AB, AF ∥ BC, CG:GA=3.0:1.0,BC=8.0, then AF is equal to ()",
    "unanswerable_subject": "如图,已知点D是AB边的中点,CG:GA=3:1,BC=8,则AF等于()",
    "unanswerable_eng_subject": "As shown in the figure, the known point D is the midpoint of AB, CG:GA=3.0:1.0,BC=8.0, then AF is equal to ()",
    "choices": [
        "2",
        "4",
        "16",
        "8"
    ],
    "label": 1,
    "formal_point": [
        "相似三角形"
    ],
    "answer": "解:∵AF∥BC,∴△AFD∽△BED,∴AF:BE=AD:BD,∵D为AB中点,∴AF:BE=1,即AF=BE,∵AF∥BC,∴△AFG∽△CEG,∴CE:AF=CG:GA=3:1,∴CE=3AF,∴BC=2AF=8,∴AF=4,故选:B．",
    "numbers": [
        3.0,
        1.0,
        8.0
    ]
}