{
    "id": 521,
    "subject": "如图,已知∠1=60°,∠A+∠B+∠C+∠D+∠E+∠F=()",
    "eng_subject": "As shown in the figure, it is known that ∠1 = 60.0, ∠A + ∠B + ∠C + ∠D + ∠E + ∠F = ()",
    "unanswerable_subject": "如图,已知∠1=60°,∠A+∠B+∠C+∠D+∠E=()",
    "unanswerable_eng_subject": "As shown in the figure, it is known that ∠1 = 60.0, ∠A + ∠B + ∠C + ∠D + ∠E = ()",
    "choices": [
        "360°",
        "540°",
        "240°",
        "280°"
    ],
    "label": 2,
    "formal_point": [
        "三角形内角和",
        "三角形的外角"
    ],
    "answer": "∵∠1+∠B+∠C+∠D+∠E=180°,∠1+∠A+∠F=180°,∠1=60°,∴∠B+∠C+∠D+∠E=120°,∠A+∠F=120°,∴∠A+∠B+∠C+∠D+∠E+∠F=240°.故选:C",
    "numbers": [
        60.0
    ]
}