{
    "id": 9155,
    "subject": "如图,菱形ABCD的周长是16,∠A=60°,则对角线BD的长度为()",
    "eng_subject": "As shown in the figure, the perimeter of the diamond ABCD is 16.0, ∠A = 60.0, then the length of the diagonal BD is ()",
    "unanswerable_subject": "如图,菱形ABCD的周长是16,则对角线BD的长度为()",
    "unanswerable_eng_subject": "As shown in the figure, the perimeter of the diamond ABCD is 16.0, then the length of the diagonal BD is ()",
    "choices": [
        "2",
        "2√{3}",
        "4",
        "4√{3}"
    ],
    "label": 2,
    "formal_point": [
        "等边三角形",
        "菱形"
    ],
    "answer": "解:∵菱形ABCD的周长是16,∴AB=AD=CD=BC=4,∵∠A=60°,∴△ABD是等边三角形,∴AB=AD=BD=4．∴对角线BD的长度为4．故选:C．",
    "numbers": [
        16.0,
        60.0
    ]
}