{
    "question": "Look at the table. Then answer the question. At a price of $1,145, is there a shortage or a surplus?",
    "choices": [
        "shortage",
        "surplus"
    ],
    "answer": "surplus",
    "unit": null,
    "table_title": null,
    "table": "Price | Quantity demanded | Quantity supplied\n$995 | 19,900 | 12,600\n$1,045 | 16,600 | 14,200\n$1,095 | 13,300 | 15,800\n$1,145 | 10,000 | 17,400\n$1,195 | 6,700 | 19,000",
    "table_for_pd": {
        "Price": [
            "$995",
            "$1,045",
            "$1,095",
            "$1,145",
            "$1,195"
        ],
        "Quantity demanded": [
            "19,900",
            "16,600",
            "13,300",
            "10,000",
            "6,700"
        ],
        "Quantity supplied": [
            "12,600",
            "14,200",
            "15,800",
            "17,400",
            "19,000"
        ]
    },
    "row_num": 6,
    "column_num": 3,
    "solution": "At the price of $1,145, the quantity demanded is less than the quantity supplied. There is too much of the good or service for sale at that price. So, there is a surplus.\n",
    "ques_type": "multi_choice",
    "ans_type": "boolean_text",
    "grade": 5,
    "split": "test"
}