{
    "id": 5985,
    "subject": "如图,在△ABC中,AB=AC,∠A=40°,DE垂直平分AC,则∠BCD的度数等于()",
    "eng_subject": "As shown in the figure, in △ABC, AB = AC, ∠A = 40.0, DE bisects AC perpendicularly, then the degree of ∠BCD is equal to ()",
    "unanswerable_subject": "如图,在△ABC中,∠A=40°,DE垂直平分AC,则∠BCD的度数等于()",
    "unanswerable_eng_subject": "As shown in the figure, in △ABC, ∠A = 40.0, DE bisects AC perpendicularly, then the degree of ∠BCD is equal to ()",
    "choices": [
        "20°",
        "30°",
        "40°",
        "50°"
    ],
    "label": 1,
    "formal_point": [
        "垂直平分线",
        "等腰三角形",
        "距离"
    ],
    "answer": "解:∵AB=AC,∠A=40°,∴∠ABC=∠ACB=70°．∵DE垂直平分AC,∴AD=CD,∴∠A=∠ACD=40°∴∠BCD=∠ACB-∠ACD=30°．故选:B．",
    "numbers": [
        40.0
    ]
}