{
    "id": 7141,
    "subject": "如图,在Rt△ABC中,∠BAC=90°,AB=3,AC=4,点P为BC上任意一点,连接PA,以PA,PC为邻边作平行四边形PAQC,连接PQ,则PQ的最小值为()",
    "eng_subject": "As shown in the figure, in Rt△ABC, ∠BAC = 90.0, AB = 3.0, AC = 4.0, point P is any point on BC, connect PA, take PA and PC as adjacent edges to make parallelogram PAQC, connect PQ, then the minimum value of PQ is ()",
    "unanswerable_subject": "如图,在Rt△ABC中,∠BAC=90°,AB=3,点P为BC上任意一点,连接PA,以PA,PC为邻边作平行四边形PAQC,连接PQ,则PQ的最小值为()",
    "unanswerable_eng_subject": "As shown in the figure, in Rt△ABC, ∠BAC = 90.0, AB = 3.0, point P is any point on BC, connect PA, take PA and PC as adjacent edges to make parallelogram PAQC, connect PQ, then the minimum value of PQ is ()",
    "choices": [
        "\\frac{6}{5}",
        "\\frac{12}{5}",
        "\\frac{5}{3}",
        "2"
    ],
    "label": 1,
    "formal_point": [
        "勾股定理",
        "垂线",
        "平行四边形",
        "相似三角形"
    ],
    "answer": "解:∵∠BAC=90°,AB=3,AC=4,∴BC=√{AC²+AB²}=5,∵四边形APCQ是平行四边形,∴PO=QO,CO=AO,∵PQ最短也就是PO最短,∴过O作BC的垂线OP′,∵∠ACB=∠P′CO,∠CP′O=∠CAB=90°,∴△CAB∽△CP′O,∴\\frac{CO}{BC}=\\frac{OP'}{AB},∴\\frac{2}{5}=\\frac{OP'}{3},∴OP′=\\frac{6}{5},∴则PQ的最小值为2OP′=\\frac{12}{5},故选:B．",
    "numbers": [
        90.0,
        3.0,
        4.0
    ]
}