{
    "id": 7508,
    "subject": "如图,已知\\frac{OA}{DO}=\\frac{BO}{CO}=\\frac{1}{2},△AOB的面积是100cm²,则△DOC的面积为()",
    "eng_subject": "As shown in the figure, it is known that\\frac{OA}{DO}=\\frac{BO}{CO}=\\frac{1.0}{2.0}, the area of ​​△AOB is 100.0 ^ 2, then the area of ​​△DOC is ()",
    "unanswerable_subject": "如图,已知\\frac{OA}{DO}=\\frac{1}{2},△AOB的面积是100cm²,则△DOC的面积为()",
    "unanswerable_eng_subject": "As shown in the figure, it is known that\\frac{OA}{DO}=\\frac{1.0}{2.0}, the area of ​​△AOB is 100.0 ^ 2, then the area of ​​△DOC is ()",
    "choices": [
        "200cm²",
        "300cm²",
        "400cm²",
        "500cm²"
    ],
    "label": 2,
    "formal_point": [
        "相似三角形"
    ],
    "answer": "解:∵\\frac{OA}{DO}=\\frac{BO}{CO}=\\frac{1}{2},∠AOB=∠COD,∴△AOB∽△COD,∴\\frac{S_{\\bigtriangleupAOB}}{S_{\\bigtriangleupCOD}}=(\\frac{OA}{DO})²,∴S~△DOC~=400故选:C．",
    "numbers": [
        1.0,
        2.0,
        100.0
    ]
}