{
    "question": "Tanner has $0.66. Does he have enough to buy a piece of floral stationery and a pale purple note card?",
    "choices": [
        "yes",
        "no"
    ],
    "answer": "yes",
    "unit": null,
    "table_title": null,
    "table": "pale purple note card | $0.24\npiece of polka-dotted paper | $0.55\npiece of floral stationery | $0.39\npiece of striped paper | $0.77",
    "table_for_pd": {
        "Column 1": [
            "pale purple note card",
            "piece of polka-dotted paper",
            "piece of floral stationery",
            "piece of striped paper"
        ],
        "Column 2": [
            "$0.24",
            "$0.55",
            "$0.39",
            "$0.77"
        ]
    },
    "row_num": 4,
    "column_num": 2,
    "solution": "Add the price of a piece of floral stationery and the price of a pale purple note card:\n\n$0.39 + $0.24 = $0.63\n\n$0.63 is less than $0.66. Tanner does have enough money.",
    "ques_type": "multi_choice",
    "ans_type": "boolean_text",
    "grade": 3,
    "split": "test"
}