{
    "id": 4968,
    "subject": "如图,C是以AB为直径的半圆O上一点,连结AC,BC,分别以AC,BC为边向外作正方形ACDE,BCFG．DE,FG,⁀{\\mathrm{AC}},⁀{\\mathrm{BC}}的中点分别是M,N,P,Q．若MP+NQ=14,AC+BC=18,则AB的长为()",
    "eng_subject": "As shown in the figure, C is a point on the semicircle O with AB as the diameter, connect AC and BC, and make square ACDE and BCFG with AC and BC as the edges respectively. The midpoints of DE, FG, ⁀\\athrAC, ⁀\\athrBC are M, N, P, Q respectively. If MP + NQ = 14.0, AC + BC = 18.0, then the length of AB is ()",
    "unanswerable_subject": "如图,C是以AB为直径的半圆O上一点,连结AC,BC,分别以AC,BC为边向外作正方形ACDE,BCFG．DE,FG,⁀{\\mathrm{AC}},⁀{\\mathrm{BC}}的中点分别是M,N,P,Q．若MP+NQ=14,则AB的长为()",
    "unanswerable_eng_subject": "As shown in the figure, C is a point on the semicircle O with AB as the diameter, connect AC and BC, and make square ACDE and BCFG with AC and BC as the edges respectively. The midpoints of DE, FG, ⁀\\athrAC, ⁀\\athrBC are M, N, P, Q respectively. If MP + NQ = 14.0, then the length of AB is ()",
    "choices": [
        "9√{2}",
        "\\frac{90}{7}",
        "13",
        "16"
    ],
    "label": 2,
    "formal_point": [
        "正方形",
        "三角形中位线",
        "垂径定理"
    ],
    "answer": "【解答】解:连接OP,OQ,∵DE,FG,⁀{\\mathrm{AC}},⁀{\\mathrm{BC}}的中点分别是M,N,P,Q,∴OP⊥AC,OQ⊥BC,∴H、I是AC、BD的中点,∴OH+OI=\\frac{1}{2}(AC+BC)=9,∵MH+NI=AC+BC=18,MP+NQ=14,∴PH+QI=18-14=4,∴AB=OP+OQ=OH+OI+PH+QI=9+4=13,",
    "numbers": [
        14.0,
        18.0
    ]
}