{
    "id": 5301,
    "subject": "如图,点C在线段AB上,点E是AC中点,点D是BC中点．若ED=6,则线段AB的长为()",
    "eng_subject": "As shown in the figure, point C is on line AB, point E is the midpoint of AC, and point D is the midpoint of BC. If ED = 6.0, the length of the line segment AB is ()",
    "unanswerable_subject": "如图,点C在线段AB上,点E是AC中点．若ED=6,则线段AB的长为()",
    "unanswerable_eng_subject": "As shown in the figure, point C is on line AB, point E is the midpoint of AC. If ED = 6.0, the length of the line segment AB is ()",
    "choices": [
        "6",
        "9",
        "12",
        "18"
    ],
    "label": 2,
    "formal_point": [
        "距离"
    ],
    "answer": "【解答】解:∵点E是AC中点,点D是BC中点,∴AE=CE=\\frac{1}{2}AC,CD=BD=\\frac{1}{2}BC,∴CE+CD=\\frac{1}{2}AC+\\frac{1}{2}BC,即ED=\\frac{1}{2}(AC+BC)=\\frac{1}{2}AB,∴AB=2ED=12；",
    "numbers": [
        6.0
    ]
}