{
    "question": "Turner has $3,536.00. Does he have enough to buy a parrot and an alpaca?",
    "choices": [
        "yes",
        "no"
    ],
    "answer": "yes",
    "unit": null,
    "table_title": null,
    "table": "python | $4,379.00\nparrot | $1,605.00\nmacaw | $2,329.00\ncockatiel | $1,040.00\nalpaca | $1,827.00",
    "table_for_pd": {
        "Column 1": [
            "python",
            "parrot",
            "macaw",
            "cockatiel",
            "alpaca"
        ],
        "Column 2": [
            "$4,379.00",
            "$1,605.00",
            "$2,329.00",
            "$1,040.00",
            "$1,827.00"
        ]
    },
    "row_num": 5,
    "column_num": 2,
    "solution": "Add the price of a parrot and the price of an alpaca:\n\n$1,605.00 + $1,827.00 = $3,432.00\n\n$3,432.00 is less than $3,536.00. Turner does have enough money.",
    "ques_type": "multi_choice",
    "ans_type": "boolean_text",
    "grade": 8,
    "split": "test"
}