{
    "id": 884,
    "subject": "如图,在△ABC中,DE是AC的垂直平分线,AE=3cm,△ABD的周长为13cm,则△ABC的周长为()",
    "eng_subject": "As shown in the figure, in △ABC, DE is the perpendicular bisector of AC, AE = 3.0, the perimeter of △ABD is 13.0, then the perimeter of △ABC is ()",
    "unanswerable_subject": "如图,在△ABC中,DE是AC的垂直平分线,△ABD的周长为13cm,则△ABC的周长为()",
    "unanswerable_eng_subject": "As shown in the figure, in △ABC, DE is the perpendicular bisector of AC, the perimeter of △ABD is 13.0, then the perimeter of △ABC is ()",
    "choices": [
        "16cm",
        "13cm",
        "19cm",
        "10cm"
    ],
    "label": 2,
    "formal_point": [
        "垂直平分线"
    ],
    "answer": "∵DE是AC的垂直平分线,AE=3cm,∴AE=CE=3cm,AD=DC,又△ABD的周长为13cm,即AB+BD+AD=13cm,△ABC的周长=AB+BC+AC=AB+BD+DC+2AE=AB+BD+AD+2AE=13+6=19cm故选C.",
    "numbers": [
        3.0,
        13.0
    ]
}