{
    "id": 2867,
    "subject": "在Rt△ABC中,∠ACB=90°,CD⊥AB于点D,若AC=3,BC=4,则tanα等于()",
    "eng_subject": "In Rt△ABC, ∠ACB = 90.0, CD ⊥ AB at point D, if AC = 3.0, BC = 4.0, then tanα is equal to ()",
    "unanswerable_subject": "在Rt△ABC中,∠ACB=90°,CD⊥AB于点D,若AC=3,则tanα等于()",
    "unanswerable_eng_subject": "In Rt△ABC, ∠ACB = 90.0, CD ⊥ AB at point D, if AC = 3.0, then tanα is equal to ()",
    "choices": [
        "\\frac{4}{5}",
        "\\frac{3}{5}",
        "\\frac{3}{4}",
        "\\frac{4}{3}"
    ],
    "label": 2,
    "formal_point": [
        "三角函数"
    ],
    "answer": "解:∵∠ACB=90°,∴∠ACD+∠DCB=90°,∵CD⊥AB于点D,∴∠AB+∠DCB=90°,∴∠ACD=∠B,∴tanα=tanB=\\frac{AC}{CB}=\\frac{3}{4},\n故选:C．",
    "numbers": [
        90.0,
        3.0,
        4.0
    ]
}