{
    "id": 4283,
    "subject": "如图,AC是⊙O的切线,切点为C,BC是⊙O的直径,AB交⊙O于点D,连接OD．若∠BAC=55°,则∠COD的大小为()",
    "eng_subject": "As shown in the figure, AC is the tangent of ⊙O, the tangent point is C, BC is the diameter of ⊙O, AB intersects ⊙O at point D, and connect OD. If ∠BAC = 55.0, then the size of ∠COD is ()",
    "unanswerable_subject": "如图,BC是⊙O的直径,AB交⊙O于点D,连接OD．若∠BAC=55°,则∠COD的大小为()",
    "unanswerable_eng_subject": "As shown in the figure, BC is the diameter of ⊙O, AB intersects ⊙O at point D, and connect OD. If ∠BAC = 55.0, then the size of ∠COD is ()",
    "choices": [
        "70°",
        "60°",
        "55°",
        "35°"
    ],
    "label": 0,
    "formal_point": [
        "切线",
        "圆周角"
    ],
    "answer": "解:∵AC是⊙O的切线,∴BC⊥AC,∴∠C=90°,∵∠BAC=55°,∴∠B=90°-∠BAC=35°,∴∠COD=2∠B=70°．故选:A．",
    "numbers": [
        55.0
    ]
}