{
    "id": 2803,
    "subject": "如图,四个边长为1的小正方形拼成一个大正方形,A、B、O是小正方形顶点,⊙O的半径为1,P是⊙O上的点,且位于右上方的小正方形内,则sin∠APB等于()",
    "eng_subject": "As shown in the figure, the four small squares with edge length of 1.0 form a large square. A, B, and O are the vertices of the small squares, the radius of ⊙O is 1.0, and P is the point on ⊙O, and the small square is located at the upper right. , then sin∠APB is equal to ()",
    "unanswerable_subject": "如图,四个边长为1的小正方形拼成一个大正方形,A、B、O是小正方形顶点,⊙O的半径为1,则sin∠APB等于()",
    "unanswerable_eng_subject": "As shown in the figure, the four small squares with edge length of 1.0 form a large square. A, B, and O are the vertices of the small squares, the radius of ⊙O is 1.0, and the small square is located at the upper right. , then sin∠APB is equal to ()",
    "choices": [
        "\\frac{√{3}}{2}",
        "\\frac{√{2}}{2}",
        "\\frac{1}{2}",
        "1"
    ],
    "label": 1,
    "formal_point": [
        "三角函数",
        "圆周角",
        "正方形"
    ],
    "answer": "解:连接AB,BC．∵AC是直径．∴∠ABC=90°,则△ABC是等腰直角三角形．∴∠C=45°∴sin∠APB=sinC=sin45°=\\frac{√{2}}{2}．\n故选:B．",
    "numbers": [
        1.0,
        1.0
    ]
}