{
    "id": 3333,
    "subject": "如图,A、B、C三点在圆上,在△ABC中,∠ABC=70°,∠ACB=30°,D是弧BAC的中点,连结DB,DC,则∠DBC的度数为()",
    "eng_subject": "As shown in the figure, the three points A, B, and C are on the circle. In △ABC, ∠ABC = 70.0, ∠ACB = 30.0, D is the midpoint of the arc BAC. Connect DB and DC, then the degree of ∠DBC is ()",
    "unanswerable_subject": "如图,A、B、C三点在圆上,在△ABC中,∠ABC=70°,D是弧BAC的中点,连结DB,DC,则∠DBC的度数为()",
    "unanswerable_eng_subject": "As shown in the figure, the three points A, B, and C are on the circle. In △ABC, ∠ABC = 70.0, D is the midpoint of the arc BAC. Connect DB and DC, then the degree of ∠DBC is ()",
    "choices": [
        "70°",
        "50°",
        "45°",
        "30°"
    ],
    "label": 1,
    "formal_point": [
        "三角形内角和",
        "圆周角",
        "圆心角"
    ],
    "answer": "解:∵在△ABC中,∠ABC=70°,∠ACB=30°,∴∠A=180°-∠ABC-∠ACB=80°,∴∠D=∠A=80°,∵D是弧BAC的中点,∴⁀{BD}=⁀{CD},∴∠DBC=∠DCB,∴∠DBC=\\frac{1}{2}(180°-∠D)=50°,\n故选:B．",
    "numbers": [
        70.0,
        30.0
    ]
}