{
    "id": 48,
    "subject": "如图,直线a∥b,直线c与a,b相交,∠1=55°,则∠2=()",
    "eng_subject": "As shown in the figure, the straight line a ∥ b, the straight line c intersects a and b, ∠1 = 55.0, then ∠2 = ()",
    "unanswerable_subject": "如图,直线c与a,b相交,∠1=55°,则∠2=()",
    "unanswerable_eng_subject": "As shown in the figure, the straight line c intersects a and b, ∠1 = 55.0, then ∠2 = ()",
    "choices": [
        "55°",
        "35°",
        "125°",
        "65°"
    ],
    "label": 0,
    "formal_point": [
        "同位角",
        "平行线",
        "对顶角"
    ],
    "answer": "如图,a//b,,∠1=55^{°},∴∠3=∠1=55^{°}.∵∠2和∠3是对顶角,∴∠2=∠3=55°故选A.",
    "numbers": [
        55.0
    ]
}