{
    "question": "Rhianna has $28.00. Does she have enough to buy a pink sweater and a pair of brown pants?",
    "choices": [
        "yes",
        "no"
    ],
    "answer": "no",
    "unit": null,
    "table_title": null,
    "table": "pair of boots | $43.00\nblack skirt | $12.00\npair of brown pants | $16.00\npink sweater | $15.00",
    "table_for_pd": {
        "Column 1": [
            "pair of boots",
            "black skirt",
            "pair of brown pants",
            "pink sweater"
        ],
        "Column 2": [
            "$43.00",
            "$12.00",
            "$16.00",
            "$15.00"
        ]
    },
    "row_num": 4,
    "column_num": 2,
    "solution": "Add the price of a pink sweater and the price of a pair of brown pants:\n\n$15.00 + $16.00 = $31.00\n\n$31.00 is more than $28.00. Rhianna does not have enough money.",
    "ques_type": "multi_choice",
    "ans_type": "boolean_text",
    "grade": 5,
    "split": "test"
}