{
    "id": 5357,
    "subject": "如图,已知△ABC,点D在BC的延长线上,∠ACD=140°,∠ABC=50°,则∠A的大小为()",
    "eng_subject": "As shown in the figure, it is known that △ABC, point D is on the extended line of BC, ∠ACD = 140.0, ∠ABC = 50.0, then the size of ∠A is ()",
    "unanswerable_subject": "如图,已知△ABC,点D在BC的延长线上,∠ACD=140°,则∠A的大小为()",
    "unanswerable_eng_subject": "As shown in the figure, it is known that △ABC, point D is on the extended line of BC, ∠ACD = 140.0, then the size of ∠A is ()",
    "choices": [
        "50°",
        "140°",
        "120°",
        "90°"
    ],
    "label": 3,
    "formal_point": [
        "三角形内角和",
        "三角形的外角"
    ],
    "answer": "【解答】解:∵∠ACD=∠A+∠ABC,∴∠A=∠ACD-∠ABC,∵∠ACD=140°,∠ABC=50°,∴∠A=140°-50°=90°",
    "numbers": [
        140.0,
        50.0
    ]
}