{
    "id": 462,
    "subject": "如图,△ABC中,∠C=90°,AD是∠BAC的平分线,DE⊥AB于E,若DE=8cm,DB=10cm则BC等于()",
    "eng_subject": "As shown in the figure, in △ABC, ∠C = 90.0, AD is the bisector of ∠BAC, DE ⊥ AB at E, if DE = 8.0, DB = 10.0, then BC is equal to ()",
    "unanswerable_subject": "如图,△ABC中,∠C=90°,DE⊥AB于E,若DE=8cm,DB=10cm则BC等于()",
    "unanswerable_eng_subject": "As shown in the figure, in △ABC, ∠C = 90.0, DE ⊥ AB at E, if DE = 8.0, DB = 10.0, then BC is equal to ()",
    "choices": [
        "14cm",
        "16cm",
        "18cm",
        "20cm"
    ],
    "label": 2,
    "formal_point": [
        "角平分线"
    ],
    "answer": "已知△ABC中,∠C=90°,AD是∠BAC的平分线,DE⊥AB于E,根据角平分线的性质可得CD=DE=8cm,所以BC=CD+BD=18cm,故选C.",
    "numbers": [
        90.0,
        8.0,
        10.0
    ]
}