{
    "id": 3232,
    "subject": "如图,AB和CD是⊙O的两条直径,弦DE∥AB,若弧DE为40°的弧,则∠BOC=()",
    "eng_subject": "As shown in the figure, AB and CD are the two diameters of ⊙O, the chord DE ∥ AB, if the arc DE is the arc of 40.0, then ∠BOC = ()",
    "unanswerable_subject": "如图,AB和CD是⊙O的两条直径,若弧DE为40°的弧,则∠BOC=()",
    "unanswerable_eng_subject": "As shown in the figure, AB and CD are the two diameters of ⊙O, if the arc DE is the arc of 40.0, then ∠BOC = ()",
    "choices": [
        "110°",
        "80°",
        "40°",
        "70°"
    ],
    "label": 0,
    "formal_point": [
        "等腰三角形",
        "圆心角"
    ],
    "answer": "解:连接OE,∵弧DE为40°的弧,∴∠DOE=40°．∵OD=OE,∴∠ODE=\\frac{180^{°}-40^{°}}{2}=70°．∵弦DE∥AB,∴∠AOC=∠ODE=70°,∴∠BOC=180°-∠AOC=180°-70°=110°．故选:A．",
    "numbers": [
        40.0
    ]
}