{
    "question": "Look at the following schedule. Emmett just missed the 9.15 A.M. boat at Rocky Cliffs. How long does he have to wait until the next boat?",
    "choices": [
        "45 minutes",
        "1 hour",
        "15 minutes",
        "30 minutes"
    ],
    "answer": "15 minutes",
    "unit": null,
    "table_title": "Tour boat schedule",
    "table": "Rocky Cliffs | 8:15 A.M. | 9:00 A.M. | 9:15 A.M. | 9:30 A.M. | 10:00 A.M.\nKite Coast | 9:00 A.M. | 9:45 A.M. | 10:00 A.M. | 10:15 A.M. | 10:45 A.M.\nLobster Pier | 10:15 A.M. | 11:00 A.M. | 11:15 A.M. | 11:30 A.M. | 12:00 P.M.\nOcean City | 12:00 P.M. | 12:45 P.M. | 1:00 P.M. | 1:15 P.M. | 1:45 P.M.",
    "table_for_pd": {
        "Column 1": [
            "Rocky Cliffs",
            "Kite Coast",
            "Lobster Pier",
            "Ocean City"
        ],
        "Column 2": [
            "8:15 A.M.",
            "9:00 A.M.",
            "10:15 A.M.",
            "12:00 P.M."
        ],
        "Column 3": [
            "9:00 A.M.",
            "9:45 A.M.",
            "11:00 A.M.",
            "12:45 P.M."
        ],
        "Column 4": [
            "9:15 A.M.",
            "10:00 A.M.",
            "11:15 A.M.",
            "1:00 P.M."
        ],
        "Column 5": [
            "9:30 A.M.",
            "10:15 A.M.",
            "11:30 A.M.",
            "1:15 P.M."
        ],
        "Column 6": [
            "10:00 A.M.",
            "10:45 A.M.",
            "12:00 P.M.",
            "1:45 P.M."
        ]
    },
    "row_num": 4,
    "column_num": 6,
    "solution": "Find 9:15 A. M. in the row for Rocky Cliffs.\n\nLook for the next boat in that row.\n\nThe next boat is at 9:30 A. M.\n\nFind the elapsed time. The elapsed time is 15 minutes.",
    "ques_type": "multi_choice",
    "ans_type": "other_text",
    "grade": 4,
    "split": "test"
}