{
    "question": "Look at this table. Is this relation a function?",
    "choices": [
        "yes",
        "no"
    ],
    "answer": "yes",
    "unit": null,
    "table_title": null,
    "table": "x | y\n16 | 5\n1 | 12\n20 | 9",
    "table_for_pd": {
        "x": [
            "16",
            "1",
            "20"
        ],
        "y": [
            "5",
            "12",
            "9"
        ]
    },
    "row_num": 4,
    "column_num": 2,
    "solution": "Look at the x-values in the table.\n\nEach of the x-values is paired with only one y-value, so the relation is a function.",
    "ques_type": "multi_choice",
    "ans_type": "boolean_text",
    "grade": 8,
    "split": "test"
}