{
    "question": "Johnny has $0.08. Does he have enough to buy a brown cat's eye bead and a pink striped glass bead?",
    "choices": [
        "yes",
        "no"
    ],
    "answer": "yes",
    "unit": null,
    "table_title": null,
    "table": "square yellow bead | $0.03\nbead with green and blue swirls | $0.02\nbrown cat's eye bead | $0.02\npurple and red clay bead | $0.03\nsmall pink bead | $0.04\npink striped glass bead | $0.06",
    "table_for_pd": {
        "Column 1": [
            "square yellow bead",
            "bead with green and blue swirls",
            "brown cat's eye bead",
            "purple and red clay bead",
            "small pink bead",
            "pink striped glass bead"
        ],
        "Column 2": [
            "$0.03",
            "$0.02",
            "$0.02",
            "$0.03",
            "$0.04",
            "$0.06"
        ]
    },
    "row_num": 6,
    "column_num": 2,
    "solution": "Add the price of a brown cat's eye bead and the price of a pink striped glass bead:\n\n$0.02 + $0.06 = $0.08\n\nSince Johnny has $0.08, he has just enough money.",
    "ques_type": "multi_choice",
    "ans_type": "boolean_text",
    "grade": 5,
    "split": "test"
}