{
    "id": 1215,
    "subject": "在△ABC中,AB=AC,D、E分别在BC、AC上,AD=AE,∠CDE=20°,则∠BAD的度数为()",
    "eng_subject": "In △ABC, AB = AC, D and E are respectively on BC and AC, AD = AE, ∠CDE = 20.0, then the degree of ∠BAD is ()",
    "unanswerable_subject": "在△ABC中,D、E分别在BC、AC上,AD=AE,∠CDE=20°,则∠BAD的度数为()",
    "unanswerable_eng_subject": "In △ABC, D and E are respectively on BC and AC, AD = AE, ∠CDE = 20.0, then the degree of ∠BAD is ()",
    "choices": [
        "36°",
        "40°",
        "45°",
        "50°"
    ],
    "label": 1,
    "formal_point": [
        "三角形的外角",
        "等腰三角形"
    ],
    "answer": "∵∠ADC是三角形ABD的外角,∠AED是三角形DEC的一个外角,∠CDE=20°,∴∠ADC=∠BAD+∠B=∠ADE+∠EDC,∠AED=∠EDC+∠C,∠B+∠BAD=∠ADE+20°,∠AED=∠C+20°.∵AB=AC,AD=AE,∠CDE=20°,∴∠B=∠C,∠ADE=∠AED=∠C+20°,∴∠C+∠BAD=∠C+20°+20°,∴∠BAD=40°故选B.",
    "numbers": [
        20.0
    ]
}