{
    "id": 1524,
    "subject": "如图,直线AB∥CD,AE平分∠CAB,∠ACD=40°,则∠AEC的度数是()",
    "eng_subject": "As shown in the figure, the straight line AB ∥ CD, AE bisects ∠CAB, ∠ACD = 40.0, then the degree of ∠AEC is ()",
    "unanswerable_subject": "如图,直线AB∥CD,∠ACD=40°,则∠AEC的度数是()",
    "unanswerable_eng_subject": "As shown in the figure, the straight line AB ∥ CD, ∠ACD = 40.0, then the degree of ∠AEC is ()",
    "choices": [
        "40°",
        "70°",
        "80°",
        "140°"
    ],
    "label": 1,
    "formal_point": [
        "平行线",
        "内错角",
        "邻补角",
        "角平分线",
        "同位角",
        "对顶角"
    ],
    "answer": "解:∵ABIICD,∴∠ACD+∠BAC=180°,∵∠ACD=40°,∴∠BAC=180°-40°=140°,∵AE平分∠CAB,∴∠BAE=\\frac{1}{2}∠BAC=\\frac{1}{2}×140^{°}=70^{°},∴∠AEC=∠BAE=70°,故选:B.",
    "numbers": [
        40.0
    ]
}