{
    "id": 385,
    "subject": "如图,在△ABC中,AB=AC,过点A作AD∥BC.若∠1=70°,则∠BAC的大小为()",
    "eng_subject": "As shown in the figure, in △ABC, AB = AC, passing point A to draw AD ∥ BC. If ∠1 = 70.0, then the size of ∠BAC is ()",
    "unanswerable_subject": "如图,在△ABC中,过点A作AD∥BC.若∠1=70°,则∠BAC的大小为()",
    "unanswerable_eng_subject": "As shown in the figure, in △ABC, passing point A to draw AD ∥ BC. If ∠1 = 70.0, then the size of ∠BAC is ()",
    "choices": [
        "40°",
        "30°",
        ".70°",
        "50°"
    ],
    "label": 0,
    "formal_point": [
        "等腰三角形",
        "平行线"
    ],
    "answer": "试题分析:根据AD//BC可得出∠C=∠1=70°/再根据AB=AC即可得出∠B=∠C=70°,结合三角形的内角和为180°,即可算出C=180°-∠B-∠C=40°.故选A.",
    "numbers": [
        70.0
    ]
}