{
    "id": 9272,
    "subject": "如图,在▱ABCD中,AE平分∠BAD,已知∠AEB=63°,则∠D的度数为()",
    "eng_subject": "As shown in the figure, in ▱ABCD, AE bisects ∠BAD, and it is known that ∠AEB = 63.0, then the degree of ∠D is ()",
    "unanswerable_subject": "如图,在▱ABCD中,已知∠AEB=63°,则∠D的度数为()",
    "unanswerable_eng_subject": "As shown in the figure, in ▱ABCD, and it is known that ∠AEB = 63.0, then the degree of ∠D is ()",
    "choices": [
        "63°",
        "72°",
        "54°",
        "60°"
    ],
    "label": 2,
    "formal_point": [
        "平行四边形"
    ],
    "answer": "解:四边形ABCD是平行四边形,∴AD∥BC,∴∠DAB+∠B=180°,∠B=∠D,∴∠AEB=∠DAE=63°,∵AE平分∠BAD,∴∠DAB=2∠DAE=2×63°=126°,∴∠B=180°-126°=54°∴∠D=∠B=54°,故选:C．",
    "numbers": [
        63.0
    ]
}