{
    "id": 4758,
    "subject": "如图DE∥BC,AD=3,DB=4,AE=1.5,则EC等于()",
    "eng_subject": "As shown in the figure DE ∥ BC, AD = 3.0, DB = 4.0, AE = 1.5, then EC is equal to ()",
    "unanswerable_subject": "如图DE∥BC,AD=3,DB=4,则EC等于()",
    "unanswerable_eng_subject": "As shown in the figure DE ∥ BC, AD = 3.0, DB = 4.0, then EC is equal to ()",
    "choices": [
        "1",
        "1.5",
        "2",
        "2.5"
    ],
    "label": 2,
    "formal_point": [
        "平行线",
        "平行线分线段成比例"
    ],
    "answer": "解:∵△ABC中,DE∥BC,∴\\frac{AD}{BD}=\\frac{AE}{EC},∵AD=3,DB=6,AE=2,∴\\frac{3}{4}=\\frac{1.5}{EC},∴EC=2．故选:C．",
    "numbers": [
        3.0,
        4.0,
        1.5
    ]
}