{
    "question": "Pedro has $1.00. Does he have enough to buy a tiny gold bead and a brown cat's eye bead?",
    "choices": [
        "yes",
        "no"
    ],
    "answer": "no",
    "unit": null,
    "table_title": null,
    "table": "shiny metal bead | $0.16\ntiny gold bead | $0.15\nbrown cat's eye bead | $0.95\nshiny red bead | $0.77\noval turquoise bead | $0.75",
    "table_for_pd": {
        "Column 1": [
            "shiny metal bead",
            "tiny gold bead",
            "brown cat's eye bead",
            "shiny red bead",
            "oval turquoise bead"
        ],
        "Column 2": [
            "$0.16",
            "$0.15",
            "$0.95",
            "$0.77",
            "$0.75"
        ]
    },
    "row_num": 5,
    "column_num": 2,
    "solution": "Add the price of a tiny gold bead and the price of a brown cat's eye bead:\n\n$0.15 + $0.95 = $1.10\n\n$1.10 is more than $1.00. Pedro does not have enough money.",
    "ques_type": "multi_choice",
    "ans_type": "boolean_text",
    "grade": 3,
    "split": "test"
}