{
    "id": 1957,
    "subject": "在直角三角形ABC中,∠CAB=90°,∠ABC=72°,AD是∠CAB的角平分线,交边BC于点D,过点C作△ACD中AD边上的高线CE,则∠ECD的度数为()",
    "eng_subject": "In the right triangle ABC, ∠CAB = 90.0, ∠ABC = 72.0, AD is the angle bisector of ∠CAB, and the intersection BC is at point D, and crossing point C is the high line CE on the AD side in △ACD, then the degree of ∠ECD is ()",
    "unanswerable_subject": "在直角三角形ABC中,∠CAB=90°,∠ABC=72°,过点C作△ACD中AD边上的高线CE,则∠ECD的度数为()",
    "unanswerable_eng_subject": "In the right triangle ABC, ∠CAB = 90.0, ∠ABC = 72.0, and crossing point C is the high line CE on the AD side in △ACD, then the degree of ∠ECD is ()",
    "choices": [
        "63°",
        "45°",
        "27°",
        "18°"
    ],
    "label": 2,
    "formal_point": [
        "角平分线",
        "直角三角形"
    ],
    "answer": "解:∵∠CAB=90°,AD是∠CAB的角平分线,∴∠CAD=\\frac{1}{2}×90°=45°,∵CE⊥AD,∴∠ACE=90°-45°=45°,又∵∠CAB=90°,∠ABC=72°,∴∠ACB=90°-72°=18°,∴∠ECD=∠ACE-∠ACB=45°-18°=27°．故选:C．",
    "numbers": [
        90.0,
        72.0
    ]
}