{
    "id": 569,
    "subject": "如图,a∥b,点B在直线a上,且AB⊥BC,∠1=35°,那么∠2=()",
    "eng_subject": "As shown in the figure, a ∥ b, point B is on the straight line a, and AB ⊥ BC, ∠1 = 35.0, then ∠2 = ()",
    "unanswerable_subject": "如图,点B在直线a上,且AB⊥BC,∠1=35°,那么∠2=()",
    "unanswerable_eng_subject": "As shown in the figure, point B is on the straight line a, and AB ⊥ BC, ∠1 = 35.0, then ∠2 = ()",
    "choices": [
        "45°",
        "50°",
        "55°",
        "60°"
    ],
    "label": 2,
    "formal_point": [
        "同位角"
    ],
    "answer": "试题解析:如图∵AB⊥BC,∠1=35°,∴∠3=90^{°}-35^{°}=55^{°}.∵a//b,∴∠2=∠3=55^{°}.故选C.",
    "numbers": [
        35.0
    ]
}