{
    "question": "A girl compared the ages of her cousins. Which cousin is the youngest?",
    "choices": [
        "Rick",
        "Jared",
        "Pamela",
        "Bob"
    ],
    "answer": "Rick",
    "unit": null,
    "table_title": "Ages of cousins",
    "table": "Name | Age (years)\nRick | 12\nJared | 19\nPamela | 18\nBob | 15",
    "table_for_pd": {
        "Name": [
            "Rick",
            "Jared",
            "Pamela",
            "Bob"
        ],
        "Age (years)": [
            "12",
            "19",
            "18",
            "15"
        ]
    },
    "row_num": 5,
    "column_num": 2,
    "solution": "Find the least number in the table. Remember to compare the numbers starting with the highest place value. The least number is 12.\n\nNow find the corresponding name. Rick corresponds to 12.",
    "ques_type": "multi_choice",
    "ans_type": "extractive_text",
    "grade": 2,
    "split": "test"
}