{
    "id": 4749,
    "subject": "如图,已知l_{1}∥l_{2}∥l_{3},如果AB:BC=2:3,DE=4,则EF的长是()",
    "eng_subject": "As shown in the figure, it is known that l_ 1 ∥ l_ 2 ∥ l_ 3, if AB:BC=2.0:3.0,DE=4.0, then the length of EF is ()",
    "unanswerable_subject": "如图,已知l_{1}∥l_{2},如果AB:BC=2:3,DE=4,则EF的长是()",
    "unanswerable_eng_subject": "As shown in the figure, it is known that l_ 1 ∥ l_ 2, if AB:BC=2.0:3.0,DE=4.0, then the length of EF is ()",
    "choices": [
        "\\frac{10}{3}",
        "6",
        "4",
        "25"
    ],
    "label": 1,
    "formal_point": [
        "平行线",
        "平行线分线段成比例"
    ],
    "answer": "解:∵l_{1}∥l_{2}∥l_{3},∴\\frac{AB}{BC}=\\frac{DE}{EF},又AB:BC=2:3,DE=4,∴EF=6．故选:B．",
    "numbers": [
        1.0,
        2.0,
        3.0,
        2.0,
        3.0,
        4.0
    ]
}