{
    "id": 7398,
    "subject": "如图,△ABC中,∠ACB=90°,CD⊥AB于D,CD=4,BC=5,则AC=()",
    "eng_subject": "As shown in the figure, in △ABC, ∠ACB = 90.0, CD ⊥ AB at D, CD = 4.0, BC = 5.0, then AC = ()",
    "unanswerable_subject": "如图,△ABC中,∠ACB=90°,CD⊥AB于D,CD=4,则AC=()",
    "unanswerable_eng_subject": "As shown in the figure, in △ABC, ∠ACB = 90.0, CD ⊥ AB at D, CD = 4.0, then AC = ()",
    "choices": [
        "3",
        "4",
        "\\frac{16}{3}",
        "\\frac{20}{3}"
    ],
    "label": 3,
    "formal_point": [
        "勾股定理",
        "相似三角形"
    ],
    "answer": "解:∠ACB=90°,CD⊥AB于D,CD=4,BC=5,由勾股定理得:BD=√{BC²-CD²}=√{5²-4²}=3,∵∠ACB=90°,CD⊥AB于D,∴∠B=90°-∠BCD=∠ACD,∠BDC=∠ADC,∴△BDC∽△CDA,∴\\frac{BC}{AC}=\\frac{BD}{CD},即\\frac{5}{AC}=\\frac{3}{4},解得:AC=\\frac{20}{3},故选:D．",
    "numbers": [
        90.0,
        4.0,
        5.0
    ]
}