{
    "question": "Xavier has $1,416.00. Does he have enough to buy a Jamaican vacation package and a European vacation package?",
    "choices": [
        "yes",
        "no"
    ],
    "answer": "yes",
    "unit": null,
    "table_title": null,
    "table": "European vacation package | $514.00\nAustralian vacation package | $503.00\nHawaiian vacation package | $569.00\nCaribbean vacation package | $576.00\nJamaican vacation package | $875.00",
    "table_for_pd": {
        "Column 1": [
            "European vacation package",
            "Australian vacation package",
            "Hawaiian vacation package",
            "Caribbean vacation package",
            "Jamaican vacation package"
        ],
        "Column 2": [
            "$514.00",
            "$503.00",
            "$569.00",
            "$576.00",
            "$875.00"
        ]
    },
    "row_num": 5,
    "column_num": 2,
    "solution": "Add the price of a Jamaican vacation package and the price of a European vacation package:\n\n$875.00 + $514.00 = $1,389.00\n\n$1,389.00 is less than $1,416.00. Xavier does have enough money.",
    "ques_type": "multi_choice",
    "ans_type": "boolean_text",
    "grade": 5,
    "split": "test"
}