{
    "question": "Jeffrey has $1.09. Does he have enough to buy a scallop shell and a polished silver top shell?",
    "choices": [
        "yes",
        "no"
    ],
    "answer": "yes",
    "unit": null,
    "table_title": null,
    "table": "spiral snail shell | $0.45\nscallop shell | $0.87\npink conch shell | $0.42\npolished silver top shell | $0.18\nshiny gold shell | $0.65",
    "table_for_pd": {
        "Column 1": [
            "spiral snail shell",
            "scallop shell",
            "pink conch shell",
            "polished silver top shell",
            "shiny gold shell"
        ],
        "Column 2": [
            "$0.45",
            "$0.87",
            "$0.42",
            "$0.18",
            "$0.65"
        ]
    },
    "row_num": 5,
    "column_num": 2,
    "solution": "Add the price of a scallop shell and the price of a polished silver top shell:\n\n$0.87 + $0.18 = $1.05\n\n$1.05 is less than $1.09. Jeffrey does have enough money.",
    "ques_type": "multi_choice",
    "ans_type": "boolean_text",
    "grade": 8,
    "split": "test"
}