{
    "question": "Look at this table. Is this relation a function?",
    "choices": [
        "yes",
        "no"
    ],
    "answer": "no",
    "unit": null,
    "table_title": null,
    "table": "x | y\n20 | 0\n9 | 12\n9 | 17\n20 | 9",
    "table_for_pd": {
        "x": [
            "20",
            "9",
            "9",
            "20"
        ],
        "y": [
            "0",
            "12",
            "17",
            "9"
        ]
    },
    "row_num": 5,
    "column_num": 2,
    "solution": "Look at the x-values in the table.\n\nThe x-values 20 and 9 are paired with multiple y-values, so the relation is not a function.",
    "ques_type": "multi_choice",
    "ans_type": "boolean_text",
    "grade": 8,
    "split": "test"
}