{
    "question": "Look at the table. Then answer the question. At a price of $310, is there a shortage or a surplus?",
    "choices": [
        "shortage",
        "surplus"
    ],
    "answer": "surplus",
    "unit": null,
    "table_title": null,
    "table": "Price | Quantity demanded | Quantity supplied\n$90 | 15,100 | 3,000\n$200 | 11,900 | 6,900\n$310 | 8,700 | 10,800\n$420 | 5,500 | 14,700\n$530 | 2,300 | 18,600",
    "table_for_pd": {
        "Price": [
            "$90",
            "$200",
            "$310",
            "$420",
            "$530"
        ],
        "Quantity demanded": [
            "15,100",
            "11,900",
            "8,700",
            "5,500",
            "2,300"
        ],
        "Quantity supplied": [
            "3,000",
            "6,900",
            "10,800",
            "14,700",
            "18,600"
        ]
    },
    "row_num": 6,
    "column_num": 3,
    "solution": "At the price of $310, the quantity demanded is less than the quantity supplied. There is too much of the good or service for sale at that price. So, there is a surplus.\n",
    "ques_type": "multi_choice",
    "ans_type": "boolean_text",
    "grade": 5,
    "split": "test"
}