{
    "question": "Jordan has two dogs, Sprinkles and Champ. He is concerned because Sprinkles keeps eating Champ's food. Jordan asks their vet how much each dog's weight has changed since their last visit. Which dog's weight has changed the most?",
    "choices": [
        "Sprinkles",
        "Champ"
    ],
    "answer": "Champ",
    "unit": null,
    "table_title": null,
    "table": "Dog | Weight change (oz.)\nSprinkles | 5\nChamp | -6",
    "table_for_pd": {
        "Dog": [
            "Sprinkles",
            "Champ"
        ],
        "Weight change (oz.)": [
            "5",
            "-6"
        ]
    },
    "row_num": 3,
    "column_num": 2,
    "solution": "To find which dog's weight changed the most, use absolute value. Absolute value tells you how much each dog's weight has changed.\nSprinkles: |5| = 5\nChamp: |-6| = 6\nChamp's weight has changed the most. He has lost 6 ounces.",
    "ques_type": "multi_choice",
    "ans_type": "extractive_text",
    "grade": 6,
    "split": "test"
}