{
    "id": 4701,
    "subject": "如图,在△ABC中,点D、E分别在AB、AC边上,DE∥BC．若\\frac{AE}{AC}=\\frac{3}{4},AD=9,则AB等于()",
    "eng_subject": "As shown in the figure, in △ABC, points D and E are on edges AB and AC respectively, DE ∥ BC. If \\frac{AE}{AC}=\\frac{3.0}{4.0},AD=9.0, then AB is equal to ()",
    "unanswerable_subject": "如图,在△ABC中,点D、E分别在AB、AC边上．若\\frac{AE}{AC}=\\frac{3}{4},AD=9,则AB等于()",
    "unanswerable_eng_subject": "As shown in the figure, in △ABC, points D and E are on edges AB and AC respectively. If \\frac{AE}{AC}=\\frac{3.0}{4.0},AD=9.0, then AB is equal to ()",
    "choices": [
        "10",
        "11",
        "12",
        "16"
    ],
    "label": 2,
    "formal_point": [
        "平行线",
        "平行线分线段成比例"
    ],
    "answer": "解:∵DE∥BC,∴\\frac{AD}{AB}=\\frac{AE}{AC}=\\frac{3}{4},又AD=9,∴AB=12,故选:C．",
    "numbers": [
        3.0,
        4.0,
        9.0
    ]
}