{
    "id": 9868,
    "subject": "如图,已知A、B、C三点在⊙O上,AC⊥BO于D,∠B=50°,则∠BOC的度数是()",
    "eng_subject": "As shown in the figure, given that the three points A, B and C are on ⊙O, AC ⊥ BO at D, ∠B = 50.0, then the degree of ∠BOC is ()",
    "unanswerable_subject": "如图,已知A、B、C三点在⊙O上,∠B=50°,则∠BOC的度数是()",
    "unanswerable_eng_subject": "As shown in the figure, given that the three points A, B and C are on ⊙O, ∠B = 50.0, then the degree of ∠BOC is ()",
    "choices": [
        "80°",
        "60°",
        "50°",
        "40°"
    ],
    "label": 0,
    "formal_point": [
        "圆周角",
        "圆心角"
    ],
    "answer": "解:∵AC⊥BO,∴∠ADB=90°,∴∠A=90°-∠B=90°-50°=40°,∴∠BOC=2∠A=80°．故选:A．",
    "numbers": [
        50.0
    ]
}