{
    "id": 9467,
    "subject": "如图,在平行四边形ABCD中,AB=4,∠BAD的平分线与BC的延长线交于点E,与DC交于点F,且点F为边DC的中点,DG⊥AE,垂足为G,若DG=1,则AE的边长为()",
    "eng_subject": "As shown in the figure, in the parallelogram ABCD, AB = 4.0, the bisector of ∠BAD and the extended line of BC intersect at point E, and DC at point F, and point F is the midpoint of DC, DG ⊥ AE, foot of perpendicular is G, if DG = 1.0, then the edge length of AE is ()",
    "unanswerable_subject": "如图,在平行四边形ABCD中,∠BAD的平分线与BC的延长线交于点E,与DC交于点F,且点F为边DC的中点,DG⊥AE,垂足为G,若DG=1,则AE的边长为()",
    "unanswerable_eng_subject": "As shown in the figure, in the parallelogram ABCD, the bisector of ∠BAD and the extended line of BC intersect at point E, and DC at point F, and point F is the midpoint of DC, DG ⊥ AE, foot of perpendicular is G, if DG = 1.0, then the edge length of AE is ()",
    "choices": [
        "2√{3}",
        "4√{3}",
        "4",
        "8"
    ],
    "label": 1,
    "formal_point": [
        "直角三角形",
        "含30度角的直角三角形",
        "勾股定理",
        "平行四边形",
        "等腰三角形"
    ],
    "answer": "解:∵AE为∠DAB的平分线,∴∠DAE=∠BAE,∵DC∥AB,∴∠BAE=∠DFA,∴∠DAE=∠DFA,∴AD=FD,又F为DC的中点,∴DF=CF,∴AD=DF=\\frac{1}{2}DC=\\frac{1}{2}AB=2,在Rt△ADG中,根据勾股定理得:AG=√{3},则AF=2AG=2√{3},∵平行四边形ABCD,∴AD∥BC,∴∠DAF=∠E,∠ADF=∠ECF,在△ADF和△ECF中,≥ft\\{\\begin{matrix}∠DAF=∠E\\\\∠ADF=∠ECF\\\\DF=CF\\\\\\end{matrix}\\right.\\,∴△ADF≌△ECF(AAS),∴AF=EF,则AE=2AF=4√{3}．故选:B．",
    "numbers": [
        4.0,
        1.0
    ]
}