{
    "id": 186,
    "subject": "如图,△ABC是⊙O的内接三角形,∠OAB=35°,则∠ACB的度数为()",
    "eng_subject": "As shown in the figure, △ABC is the inscribed triangle of ⊙O, ∠OAB = 35.0, then the degree of ∠ACB is ()",
    "unanswerable_subject": "如图,∠OAB=35°,则∠ACB的度数为()",
    "unanswerable_eng_subject": "As shown in the figure, ∠OAB = 35.0, then the degree of ∠ACB is ()",
    "choices": [
        "35°",
        "55°",
        "60°",
        "70°"
    ],
    "label": 1,
    "formal_point": [
        "圆周角"
    ],
    "answer": "试题分析:根据OA=OB可得∠OBA=∠OAB=35°,则∠AOB=110°,根据圆的基本性质可得,∠ACB=\\frac{1}{2}∠AOB=55^{°}",
    "numbers": [
        35.0
    ]
}