{
    "id": 5596,
    "subject": "如图,四边形ABCD是⊙O的外切四边形,且AB=10,CD=12,则四边形ABCD的周长为()",
    "eng_subject": "As shown in the figure, the quadrilateral ABCD is the circumscribed quadrilateral of ⊙O, and AB = 10.0, CD = 12.0, then the perimeter of the quadrilateral ABCD is ()",
    "unanswerable_subject": "如图,四边形ABCD是⊙O的外切四边形,且AB=10,则四边形ABCD的周长为()",
    "unanswerable_eng_subject": "As shown in the figure, the quadrilateral ABCD is the circumscribed quadrilateral of ⊙O, and AB = 10.0, then the perimeter of the quadrilateral ABCD is ()",
    "choices": [
        "44",
        "42",
        "46",
        "47"
    ],
    "label": 0,
    "formal_point": [
        "切线"
    ],
    "answer": "解:∵四边形ABCD是⊙O的外切四边形,∴AD+BC=AB+CD=22,∴四边形ABCD的周长=AD+BC+AB+CD=44,故选:A．",
    "numbers": [
        10.0,
        12.0
    ]
}