{
    "question": "In science class, Janelle is measuring the temperature of different chemical mixtures. The temperatures of two mixtures are shown in the table. Which mixture's temperature is closest to zero?",
    "choices": [
        "bromine mixture",
        "acetone mixture"
    ],
    "answer": "bromine mixture",
    "unit": null,
    "table_title": null,
    "table": "Mixture | Temperature (°C)\nBromine mixture | -4\nAcetone mixture | 5",
    "table_for_pd": {
        "Mixture": [
            "Bromine mixture",
            "Acetone mixture"
        ],
        "Temperature (°C)": [
            "-4",
            "5"
        ]
    },
    "row_num": 3,
    "column_num": 2,
    "solution": "A positive number means the temperature is above zero. A negative number means the temperature is below zero.\nTo find the temperature closest to zero, use absolute value. The absolute value of a temperature tells you how far it is from zero.\nBromine mixture: |-4| = 4\nAcetone mixture: |5| = 5\nThe temperature of the bromine mixture is closest to zero. It is only 4 degrees below zero.",
    "ques_type": "multi_choice",
    "ans_type": "extractive_text",
    "grade": 6,
    "split": "test"
}