{
    "id": 3839,
    "subject": "如图,AB切⊙O于点B,AO交⊙O于点C,点D在⊙O上,若∠A=40°,则∠BDC的度数为()",
    "eng_subject": "As shown in the figure, AB cuts ⊙O at point B, AO intersects ⊙O at point C, and point D is at ⊙O. If ∠A = 40.0, then the degree of ∠BDC is ()",
    "unanswerable_subject": "如图,AB切⊙O于点B,AO交⊙O于点C,若∠A=40°,则∠BDC的度数为()",
    "unanswerable_eng_subject": "As shown in the figure, AB cuts ⊙O at point B, AO intersects ⊙O at point C. If ∠A = 40.0, then the degree of ∠BDC is ()",
    "choices": [
        "50°",
        "30°",
        "25°",
        "20°"
    ],
    "label": 2,
    "formal_point": [
        "切线",
        "圆周角"
    ],
    "answer": "解:连接OB,∵AB切⊙O于点B,∴OB⊥AB,∴∠OBA=90°,∵∠A=40°,∴∠BOA=90°-40°=50°,由圆周角定理得,∠BDC=\\frac{1}{2}∠BOA=25°,故选:C．",
    "numbers": [
        40.0
    ]
}