{
    "id": 9059,
    "subject": "如图,正方形ABCD中,AB=8,Q是CD的中点,设∠DAQ=α,在CD上取一点P,使∠BAP=2α,则CP的长是()",
    "eng_subject": "As shown in the figure, in the square ABCD, AB = 8.0, Q is the midpoint of CD, set ∠DAQ = α, take a point P on CD, make ∠BAP = 2.0 α, then the length of CP is ()",
    "unanswerable_subject": "如图,正方形ABCD中,AB=8,设∠DAQ=α,在CD上取一点P,使∠BAP=2α,则CP的长是()",
    "unanswerable_eng_subject": "As shown in the figure, in the square ABCD, AB = 8.0, set ∠DAQ = α, take a point P on CD, make ∠BAP = 2.0 α, then the length of CP is ()",
    "choices": [
        "1",
        "2",
        "3",
        "√{3}"
    ],
    "label": 1,
    "formal_point": [
        "相似三角形",
        "直角三角形",
        "正方形"
    ],
    "answer": "解:取BC的中点E,连接AE,作EF⊥AP,则△ABE≌△ADQ,得EB=EC=4,由≥ft\\{\\begin{matrix}AE=AE\\\\∠EFA=∠EBA\\\\∠BAE=∠FAE\\\\\\end{matrix}\\right.\\得:△ABE≌△AFE,∴∠AEB=∠AEF,得EF=EB=EC,∵PE=PE,∴∠ECP=∠EFP=90°,∴△EPC≌△EPF,∴∠FEP=∠PEC,∴∠AEP=∠AEF+∠FEP=90°,∴∠PEF=∠PEC=∠EAP=∠EAB,∴△CEP∽△BAE,∴\\frac{PC}{EC}=\\frac{BE}{AB}=\\frac{4}{8}=\\frac{1}{2},即PC=2,故选:B．",
    "numbers": [
        8.0,
        2.0
    ]
}