{
    "question": "Some friends compared the sizes of their sticker collections. Who has the most stickers?",
    "choices": [
        "Madelyn",
        "Ivan",
        "Bridget",
        "Gina"
    ],
    "answer": "Ivan",
    "unit": null,
    "table_title": "Sticker collections",
    "table": "Name | Number of stickers\nMadelyn | 764\nIvan | 779\nBridget | 746\nGina | 767",
    "table_for_pd": {
        "Name": [
            "Madelyn",
            "Ivan",
            "Bridget",
            "Gina"
        ],
        "Number of stickers": [
            "764",
            "779",
            "746",
            "767"
        ]
    },
    "row_num": 5,
    "column_num": 2,
    "solution": "Find the greatest number in the table. Remember to compare the numbers starting with the highest place value. The greatest number is 779.\n\nNow find the corresponding name. Ivan corresponds to 779.",
    "ques_type": "multi_choice",
    "ans_type": "extractive_text",
    "grade": 2,
    "split": "test"
}