{
    "id": 9893,
    "subject": "如图,在△ABC中,AB=10,AC=8,BC=6,经过点C且与边AB相切的动圆与CA、CB分别相交于点P、Q,则线段PQ长度的最小值是()",
    "eng_subject": "As shown in the figure, in △ABC, AB = 10.0, AC = 8.0, BC = 6.0, the moving circle passing through point C and tangent to edge AB intersects CA and CB at points P and Q respectively, then the minimum value of the length of the line segment PQ is ()",
    "unanswerable_subject": "如图,在△ABC中,AB=10,AC=8,经过点C且与边AB相切的动圆与CA、CB分别相交于点P、Q,则线段PQ长度的最小值是()",
    "unanswerable_eng_subject": "As shown in the figure, in △ABC, AB = 10.0, AC = 8.0, the moving circle passing through point C and tangent to edge AB intersects CA and CB at points P and Q respectively, then the minimum value of the length of the line segment PQ is ()",
    "choices": [
        "4.75",
        "4.8",
        "5",
        "4√{2}"
    ],
    "label": 1,
    "formal_point": [
        "切线",
        "直角三角形",
        "勾股定理"
    ],
    "answer": "解:如图,设QP的中点为F,圆F与AB的切点为D,连接FD、CF、CD,则FD⊥AB．∵AB=10,AC=8,BC=6,∴∠ACB=90°,FC+FD=PQ,∴FC+FD＞CD,∵当点F在直角三角形ABC的斜边AB的高CD上时,PQ=CD有最小值,∴CD=BC•AC÷AB=4.8．故选:B．",
    "numbers": [
        10.0,
        8.0,
        6.0
    ]
}