{
    "question": "Look at the table. Then answer the question. At a price of $600, is there a shortage or a surplus?",
    "choices": [
        "shortage",
        "surplus"
    ],
    "answer": "shortage",
    "unit": null,
    "table_title": null,
    "table": "Price | Quantity demanded | Quantity supplied\n$600 | 18,000 | 11,900\n$780 | 14,100 | 13,600\n$960 | 10,200 | 15,300\n$1,140 | 6,300 | 17,000\n$1,320 | 2,400 | 18,700",
    "table_for_pd": {
        "Price": [
            "$600",
            "$780",
            "$960",
            "$1,140",
            "$1,320"
        ],
        "Quantity demanded": [
            "18,000",
            "14,100",
            "10,200",
            "6,300",
            "2,400"
        ],
        "Quantity supplied": [
            "11,900",
            "13,600",
            "15,300",
            "17,000",
            "18,700"
        ]
    },
    "row_num": 6,
    "column_num": 3,
    "solution": "At the price of $600, the quantity demanded is greater than the quantity supplied. There is not enough of the good or service for sale at that price. So, there is a shortage.\n",
    "ques_type": "multi_choice",
    "ans_type": "boolean_text",
    "grade": 5,
    "split": "test"
}