{
    "id": 2662,
    "subject": "如图,在Rt△ABC中,已知∠A=90°,AC=3,AB=4,则sinB等于()",
    "eng_subject": "As shown in the figure, in Rt△ABC, it is known that ∠A = 90.0, AC = 3.0, AB = 4.0, then sinB is equal to ()",
    "unanswerable_subject": "如图,在Rt△ABC中,已知∠A=90°,AC=3,则sinB等于()",
    "unanswerable_eng_subject": "As shown in the figure, in Rt△ABC, it is known that ∠A = 90.0, AC = 3.0, then sinB is equal to ()",
    "choices": [
        "\\frac{3}{4}",
        "\\frac{3}{5}",
        "\\frac{4}{5}",
        "\\frac{5}{4}"
    ],
    "label": 1,
    "formal_point": [
        "勾股定理",
        "三角函数"
    ],
    "answer": "解:由勾股定理得,BC=√{AC^{2}+AB^{2}}=√{3^{2}+4^{2}}=5,\n所以,sinB=\\frac{AC}{BC}=\\frac{3}{5}．\n故选:B．",
    "numbers": [
        90.0,
        3.0,
        4.0
    ]
}