{
    "id": 5668,
    "subject": "如图,在直角坐标系xOy中,点A在y轴正半轴上,点B、C在x正半轴上,且∠BAC=∠ACB=30°,AC=4,点D是x轴上的一个动点,点D关于直线AB、AC的对称点为E、F,则线段EF的最小值等于()",
    "eng_subject": "As shown in the figure, in the rectangular coordinate system xOy, point A is on the positive semi-axis of the y-axis, points B and C are on the positive semi-axis of x, and ∠BAC = ∠ACB = 30.0, AC = 4.0, point D is a moving point on the x-axis, the symmetrical points of point D with respect to the straight lines AB and AC are E and F, then the minimum value of the line segment EF is equal to ()",
    "unanswerable_subject": "如图,在直角坐标系xOy中,点A在y轴正半轴上,点B、C在x正半轴上,且∠BAC=30°,AC=4,点D是x轴上的一个动点,点D关于直线AB、AC的对称点为E、F,则线段EF的最小值等于()",
    "unanswerable_eng_subject": "As shown in the figure, in the rectangular coordinate system xOy, point A is on the positive semi-axis of the y-axis, points B and C are on the positive semi-axis of x, and ∠BAC = 30.0, AC = 4.0, point D is a moving point on the x-axis, the symmetrical points of point D with respect to the straight lines AB and AC are E and F, then the minimum value of the line segment EF is equal to ()",
    "choices": [
        "2",
        "3",
        "4",
        "5"
    ],
    "label": 0,
    "formal_point": [
        "等边三角形",
        "垂线",
        "坐标与图形性质",
        "对称"
    ],
    "answer": "解:如图,连接AD,AE．AF．由题意,AD=AE=AF,∠DAB=∠BAE,∠DAC=∠CAF,∵∠BAC=∠ACB=30°,AC=4,∠AOC=90°,∴OA=≥ft.\\begin{array}{l}{x_{1}^{′}\\cdots\\cdots\\cdotsf^{r}}\\\\{\\frac{i}{o}:;}{√[3]{f}AC=2,∠OAC=60°,∠CAE+∠EAB=30°,∴∠EAF=∠CAE+∠CAF=∠CAE+∠CAE+∠DAE=2(∠CAE+∠BAE)=60°,∵AE=AF,∴△AEF是等边三角形,轨迹垂线段最短可知,当点D与O重合时,AD的值最小,∴AE的最小值=OA=2,∴EF的最小值为2,故选:A．",
    "numbers": [
        30.0,
        4.0
    ]
}