{
    "id": 3519,
    "subject": "如图,点A、B、C、D在圆O上,点E在AD的延长线上,若∠ABC=60°,则∠CDE的度数为()",
    "eng_subject": "As shown in the figure, points A, B, C, and D are on circle O, and point E is on the extended line of AD. If ∠ABC = 60.0, then the degree of ∠CDE is ()",
    "unanswerable_subject": "如图,点A、B、C在圆O上,点E在AD的延长线上,若∠ABC=60°,则∠CDE的度数为()",
    "unanswerable_eng_subject": "As shown in the figure, points A, B, and C are on circle O, and point E is on the extended line of AD. If ∠ABC = 60.0, then the degree of ∠CDE is ()",
    "choices": [
        "30°",
        "45°",
        "60°",
        "70°"
    ],
    "label": 2,
    "formal_point": [
        "圆内接四边形"
    ],
    "answer": "解:∵四边形ABCD为圆O的内接四边形,∴∠ABC+∠ADC=180°,∵∠CDE+∠ADC=180°,∠B=60°,∴∠CDE=∠B=60°,\n故选:C．",
    "numbers": [
        60.0
    ]
}