{
    "question": "As part of a project for health class, Seth surveyed local delis about the kinds of sandwiches sold. Which shop sold the fewest roast beef sandwiches?",
    "choices": [
        "Sam's Sandwich Shop",
        "City Cafe",
        "Express Sandwiches",
        "Alexandra's Deli"
    ],
    "answer": "Sam's Sandwich Shop",
    "unit": null,
    "table_title": "Sandwich sales",
    "table": "Shop | Tuna sandwiches | Roast beef sandwiches\nSandwich City | 4 | 12\nExpress Sandwiches | 6 | 7\nAlexandra's Deli | 17 | 4\nCity Cafe | 10 | 9\nSam's Sandwich Shop | 19 | 1",
    "table_for_pd": {
        "Shop": [
            "Sandwich City",
            "Express Sandwiches",
            "Alexandra's Deli",
            "City Cafe",
            "Sam's Sandwich Shop"
        ],
        "Tuna sandwiches": [
            "4",
            "6",
            "17",
            "10",
            "19"
        ],
        "Roast beef sandwiches": [
            "12",
            "7",
            "4",
            "9",
            "1"
        ]
    },
    "row_num": 6,
    "column_num": 3,
    "solution": "Look at the numbers in the Roast beef sandwiches column. Find the least number in this column.\n\nThe least number is 1, which is in the Sam's Sandwich Shop row. Sam's Sandwich Shop sold the fewest roast beef sandwiches.",
    "ques_type": "multi_choice",
    "ans_type": "extractive_text",
    "grade": 4,
    "split": "test"
}