{
    "id": 1248,
    "subject": "如图,AB⊥CD于D,DE⊥DF,若∠BDE=60°,则∠CDF等于()",
    "eng_subject": "As shown in the figure, AB ⊥ CD at D, DE ⊥ DF, if ∠BDE = 60.0, then ∠CDF is equal to ()",
    "unanswerable_subject": "如图,AB⊥CD于D,若∠BDE=60°,则∠CDF等于()",
    "unanswerable_eng_subject": "As shown in the figure, AB ⊥ CD at D, if ∠BDE = 60.0, then ∠CDF is equal to ()",
    "choices": [
        "30°",
        "45°",
        "60°",
        "120°"
    ],
    "label": 2,
    "formal_point": [
        "垂线"
    ],
    "answer": "解:∵AB⊥CD,DE⊥DF,∴∠BDC=∠EDF=90°,∴∠CDF+∠CDE=∠CDE+∠BDE=90°,∴∠CDF=∠BDE=60°,故选:C.",
    "numbers": [
        60.0
    ]
}