{
    "question": "Look at the following schedule. Estelle is at Westminster at 10.45 A.M. How soon can she get to Princeton?",
    "choices": [
        "8:45 P.M.",
        "7:00 P.M.",
        "10:30 P.M.",
        "6:00 P.M."
    ],
    "answer": "10:30 P.M.",
    "unit": null,
    "table_title": "Train schedule",
    "table": "Springtown | 4:15 A.M. | 6:30 A.M. | 6:00 P.M.\nAllenville | 5:15 A.M. | 7:30 A.M. | 7:00 P.M.\nWestminster | 7:00 A.M. | 9:15 A.M. | 8:45 P.M.\nPrinceton | 8:45 A.M. | 11:00 A.M. | 10:30 P.M.",
    "table_for_pd": {
        "Column 1": [
            "Springtown",
            "Allenville",
            "Westminster",
            "Princeton"
        ],
        "Column 2": [
            "4:15 A.M.",
            "5:15 A.M.",
            "7:00 A.M.",
            "8:45 A.M."
        ],
        "Column 3": [
            "6:30 A.M.",
            "7:30 A.M.",
            "9:15 A.M.",
            "11:00 A.M."
        ],
        "Column 4": [
            "6:00 P.M.",
            "7:00 P.M.",
            "8:45 P.M.",
            "10:30 P.M."
        ]
    },
    "row_num": 4,
    "column_num": 4,
    "solution": "Look at the row for Westminster. Find the next train departing from Westminster after 10:45 A. M. This train departs from Westminster at 8:45 P. M.\n\nLook down the column until you find the row for Princeton.\n\nEstelle will get to Princeton at 10:30 P. M.",
    "ques_type": "multi_choice",
    "ans_type": "extractive_text",
    "grade": 4,
    "split": "test"
}