{
    "question": "A stock broker followed the stock prices of a certain set of companies. On Wednesday, which company's stock cost the least?",
    "choices": [
        "Watson and Partners",
        "Thompson Corporation",
        "Computer Data Company",
        "Houston Sporting Goods"
    ],
    "answer": "Houston Sporting Goods",
    "unit": null,
    "table_title": "Stock prices",
    "table": "Company | Wednesday | Thursday\nThompson Corporation | $4 | $20\nComputer Data Company | $8 | $5\nWatson and Partners | $12 | $11\nHouston Sporting Goods | $2 | $19",
    "table_for_pd": {
        "Company": [
            "Thompson Corporation",
            "Computer Data Company",
            "Watson and Partners",
            "Houston Sporting Goods"
        ],
        "Wednesday": [
            "$4",
            "$8",
            "$12",
            "$2"
        ],
        "Thursday": [
            "$20",
            "$5",
            "$11",
            "$19"
        ]
    },
    "row_num": 5,
    "column_num": 3,
    "solution": "Look at the numbers in the Wednesday column. Find the least number in this column.\n\nThe least number is $2.00, which is in the Houston Sporting Goods row. On Wednesday, Houston Sporting Goods's stock cost the least.",
    "ques_type": "multi_choice",
    "ans_type": "extractive_text",
    "grade": 4,
    "split": "test"
}