{
    "id": 5965,
    "subject": "如图,△ABC中,D,E分别是BC,AC的中点,BF平分∠ABC,交DE于点F,若BC=6,则DF的长是()",
    "eng_subject": "As shown in the figure, in △ABC, D and E are the midpoints of BC and AC respectively. BF bisects ∠ABC and intersects DE at point F. If BC = 6.0, then the length of DF is ()",
    "unanswerable_subject": "如图,△ABC中,D是BC的中点,BF平分∠ABC,交DE于点F,若BC=6,则DF的长是()",
    "unanswerable_eng_subject": "As shown in the figure, in △ABC, D is the midpoint of BC. BF bisects ∠ABC and intersects DE at point F. If BC = 6.0, then the length of DF is ()",
    "choices": [
        "3",
        "4",
        "5",
        "6"
    ],
    "label": 0,
    "formal_point": [
        "平行线",
        "三角形中位线"
    ],
    "answer": "解:∵D,E分别是BC,AC的中点,∴DE∥AB,∴∠BFD=∠ABF,∵BF平分∠ABC,∴∠DBF=∠ABF,∴∠BFD=∠DBF,∴DF=DB=\\frac{1}{2}BC=3,故选:A．",
    "numbers": [
        6.0
    ]
}