{
    "id": 5621,
    "subject": "如图,A,B,C是⊙O上的三点,AB,AC的圆心O的两侧,若∠ABO=20°,∠ACO=30°,则∠BOC的度数为()",
    "eng_subject": "As shown in the figure, A, B, C are the three points on ⊙O, AB, AC are on the both sides of the center O, if ∠ABO = 20.0, ∠ACO = 30.0, then the degree of ∠BOC is ()",
    "unanswerable_subject": "如图,A,B,C是⊙O上的三点,AB,AC的圆心O的两侧,若∠ABO=20°,则∠BOC的度数为()",
    "unanswerable_eng_subject": "As shown in the figure, A, B, C are the three points on ⊙O, AB, AC are on the both sides of the center O, if ∠ABO = 20.0, then the degree of ∠BOC is ()",
    "choices": [
        "100°",
        "110°",
        "125°",
        "130°"
    ],
    "label": 0,
    "formal_point": [
        "圆周角",
        "三角形的外角",
        "等腰三角形",
        "圆心角"
    ],
    "answer": "解:过A作⊙O的直径,交⊙O于D．在△OAB中,OA=OB,则∠BOD=∠ABO+∠OAB=2×20°=40°,同理可得:∠COD=∠ACO+∠OAC=2×30°=60°,故∠BOC=∠BOD+∠COD=100°．故选:A．",
    "numbers": [
        20.0,
        30.0
    ]
}