{
    "id": 8712,
    "subject": "如图,在⊙O中,直径AB=5cm,弦AC=4cm,则点O到直线AC的距离为()",
    "eng_subject": "As shown in the figure, in ⊙O, diameter AB = 5.0, chord AC = 4.0, then the distance from point O to line AC is ()",
    "unanswerable_subject": "如图,在⊙O中,直径AB=5cm,则点O到直线AC的距离为()",
    "unanswerable_eng_subject": "As shown in the figure, in ⊙O, diameter AB = 5.0, then the distance from point O to line AC is ()",
    "choices": [
        "1.5cm",
        "2cm",
        "2.5cm",
        "3cm"
    ],
    "label": 0,
    "formal_point": [
        "圆周角",
        "距离",
        "垂径定理",
        "勾股定理",
        "三角形中位线"
    ],
    "answer": "解:如图,过点C作CD⊥AB于点D,连接BC．则AD=CD,即点D是AC的中点．∵AB是⊙O的直径,∴∠ACB=90°．∴BC=√{AB^{2}-AC^{2}}∵AB=5cm,弦AC=4cm,∴BC=3cm．∵点O是AB的中点,∴OD=\\frac{1}{2}BC=1.5cm．故选:A．",
    "numbers": [
        5.0,
        4.0
    ]
}