{
    "question": "For an assignment, Stefan looked at which countries got the most Nobel Prizes in various decades. Which country had more Nobel Prize winners in the 1970s, Russia or Germany?",
    "choices": [
        "Russia",
        "Germany"
    ],
    "answer": "Germany",
    "unit": null,
    "table_title": "Nobel Prize winners",
    "table": "Country | 1970s | 1980s\nGermany | 9 | 11\nCanada | 2 | 3\nRussia | 5 | 1\nFrance | 3 | 5",
    "table_for_pd": {
        "Column 1": [
            "Country",
            "Germany",
            "Canada",
            "Russia",
            "France"
        ],
        "Column 2": [
            "1970s",
            "9",
            "2",
            "5",
            "3"
        ],
        "Column 3": [
            "1980s",
            "11",
            "3",
            "1",
            "5"
        ]
    },
    "row_num": 5,
    "column_num": 3,
    "solution": "Find the 1970 s column. Compare the numbers in this column for Russia and Germany.\n\n9 is more than 5. Germany had more Nobel Prize winners in the 1970 s.",
    "ques_type": "multi_choice",
    "ans_type": "extractive_text",
    "grade": 4,
    "split": "test"
}