{
    "id": 9311,
    "subject": "如图,平行四边形ABCD中,已知∠AOB=90°,AC=8cm,AD=5cm,则BD的长为()",
    "eng_subject": "As shown in the figure, in the parallelogram ABCD, it is known that ∠AOB = 90.0, AC = 8.0, AD = 5.0, then the length of BD is ()",
    "unanswerable_subject": "如图,平行四边形ABCD中,已知∠AOB=90°,AC=8cm,则BD的长为()",
    "unanswerable_eng_subject": "As shown in the figure, in the parallelogram ABCD, it is known that ∠AOB = 90.0, AC = 8.0, then the length of BD is ()",
    "choices": [
        "3cm",
        "4cm",
        "6cm",
        "8cm"
    ],
    "label": 2,
    "formal_point": [
        "勾股定理",
        "平行四边形"
    ],
    "answer": "解:∵四边形ABCD是平行四边形,∴OA=\\frac{1}{2}AC=\\frac{1}{2}×8=4(cm),∵∠AOB=90°,∴∠AOD=180°-∠AOB=90°,∴OD=√{AD²-OA²}=√{5²-4²}=3(cm),∴BD=2OD=6cm．故选:C．",
    "numbers": [
        90.0,
        8.0,
        5.0
    ]
}