{
    "id": 9556,
    "subject": "如图,平行四边形ABCD的对角线AC的垂直平分线与边BC、DA分别交于E、F,连接CF,若平行四边形ABCD的周长等于18cm,则△CDF的周长等于()",
    "eng_subject": "As shown in the figure, the perpendicular bisector of the diagonal AC of the parallelogram ABCD and the edges BC and DA intersect at E and F, respectively, and connect CF. If the perimeter of the parallelogram ABCD is equal to 18.0, then the perimeter of △CDF is equal to ()",
    "unanswerable_subject": "如图,平行四边形ABCD的对角线AC的垂直平分线与边BC、DA分别交于E、F,连接CF,则△CDF的周长等于()",
    "unanswerable_eng_subject": "As shown in the figure, the perpendicular bisector of the diagonal AC of the parallelogram ABCD and the edges BC and DA intersect at E and F, respectively, and connect CF, then the perimeter of △CDF is equal to ()",
    "choices": [
        "6cm",
        "8cm",
        "9cm",
        "10cm"
    ],
    "label": 2,
    "formal_point": [
        "平行四边形",
        "垂直平分线",
        "距离"
    ],
    "answer": "解:∵EF垂直平分AC,∴AF=CF,∴△CDF的周长=AD+DC=9cm,故选:C．",
    "numbers": [
        18.0
    ]
}