{
    "question": "For an economics project, Shane determined the cost of ferry rides for bicycles and cars. Which charges more for a car, the Seattle-Bremerton ferry or the Southport-Fort Fisher ferry?",
    "choices": [
        "Southport-Fort Fisher",
        "Seattle-Bremerton"
    ],
    "answer": "Seattle-Bremerton",
    "unit": null,
    "table_title": "Ferry fares",
    "table": "Ferry | Car | Bicycle\nSouthport-Fort Fisher | $5 | $2\nFauntleroy-Vashon | $15 | $5\nSeattle-Bremerton | $12 | $8",
    "table_for_pd": {
        "Ferry": [
            "Southport-Fort Fisher",
            "Fauntleroy-Vashon",
            "Seattle-Bremerton"
        ],
        "Car": [
            "$5",
            "$15",
            "$12"
        ],
        "Bicycle": [
            "$2",
            "$5",
            "$8"
        ]
    },
    "row_num": 4,
    "column_num": 3,
    "solution": "Find the Car column. Compare the numbers in this column for Seattle-Bremerton and Southport-Fort Fisher.\n\n$12.00 is more than $5.00. The Seattle-Bremerton ferry charges more for a car.",
    "ques_type": "multi_choice",
    "ans_type": "extractive_text",
    "grade": 4,
    "split": "test"
}