{
    "id": 9338,
    "subject": "如图,在▱ABCD中,BM是∠ABC的平分线交CD于点M,且MC=2,▱ABCD的周长是14,则DM等于()",
    "eng_subject": "As shown in the figure, in ▱ABCD, BM is the bisector of ∠ABC and it intersects CD at point M, and MC = 2.0, the perimeter of ▱ABCD is 14.0, then DM is equal to ()",
    "unanswerable_subject": "如图,在▱ABCD中,BM是∠ABC的平分线交CD于点M,▱ABCD的周长是14,则DM等于()",
    "unanswerable_eng_subject": "As shown in the figure, in ▱ABCD, BM is the bisector of ∠ABC and it intersects CD at point M, the perimeter of ▱ABCD is 14.0, then DM is equal to ()",
    "choices": [
        "1",
        "2",
        "3",
        "4"
    ],
    "label": 2,
    "formal_point": [
        "角平分线",
        "平行四边形",
        "等腰三角形"
    ],
    "answer": "解:∵BM是∠ABC的平分线,∴∠ABM=∠CBM,∵AB∥CD,∴∠ABM=∠BMC,∴∠BMC=∠CBM,∴BC=MC=2,∵▱ABCD的周长是14,∴BC+CD=7,∴CD=5,则DM=CD-MC=3,故选:C．",
    "numbers": [
        2.0,
        14.0
    ]
}