{
    "id": 1566,
    "subject": "如图,a∥b,点B在直线b上,且AB⊥BC,∠1=36°,那么∠2=()",
    "eng_subject": "As shown in the figure, a ∥ b, point B is on the straight line b, and AB ⊥ BC, ∠1 = 36.0, then ∠2 = ()",
    "unanswerable_subject": "如图,点B在直线b上,且AB⊥BC,∠1=36°,那么∠2=()",
    "unanswerable_eng_subject": "As shown in the figure, point B is on the straight line b, and AB ⊥ BC, ∠1 = 36.0, then ∠2 = ()",
    "choices": [
        "54°",
        "56°",
        "44°",
        "46°"
    ],
    "label": 0,
    "formal_point": [
        "垂线",
        "平行线"
    ],
    "answer": "由题意可知:如下图所示∵AB⊥BC,∠1=36°,∴∠3=90°-∠1=54°∵a||b∴∠3=∠2=54°故选A",
    "numbers": [
        36.0
    ]
}