{
    "question": "Before deciding which flavors of ice cream to bring to the county fair, the manager at Rose's Ice Cream Parlor asked some children to vote for their favorite flavors. Which flavor is least popular?",
    "choices": [
        "pecan praline",
        "vanilla",
        "strawberry",
        "chocolate"
    ],
    "answer": "chocolate",
    "unit": null,
    "table_title": "Favorite ice cream flavors",
    "table": "Ice cream flavor | Girls | Boys\nPecan praline | 19 | 14\nStrawberry | 7 | 14\nVanilla | 11 | 11\nCookie dough | 2 | 19\nChocolate | 6 | 3",
    "table_for_pd": {
        "Ice cream flavor": [
            "Pecan praline",
            "Strawberry",
            "Vanilla",
            "Cookie dough",
            "Chocolate"
        ],
        "Girls": [
            "19",
            "7",
            "11",
            "2",
            "6"
        ],
        "Boys": [
            "14",
            "14",
            "11",
            "19",
            "3"
        ]
    },
    "row_num": 6,
    "column_num": 3,
    "solution": "Add the numbers in each row.\n\npecan praline: 19 + 14 = 33\nstrawberry: 7 + 14 = 21\nvanilla: 11 + 11 = 22\ncookie dough: 2 + 19 = 21\nchocolate: 6 + 3 = 9\n\nThe least sum is 9, which is the total for the Chocolate row. Chocolate ice cream is the least popular.",
    "ques_type": "multi_choice",
    "ans_type": "extractive_text",
    "grade": 4,
    "split": "test"
}