{
    "id": 936,
    "subject": "如图,在Rt△ABC中,∠B=90°,AB=6,AC=10将△ABC沿ED折叠,使点C与点A重合,则△ABE的周长等于()",
    "eng_subject": "As shown in the figure, in Rt△ABC, ∠B = 90.0, AB = 6.0, AC = 10.0 Fold △ABC along ED to make point C coincide with point A, then the perimeter of △ABE is equal to ()",
    "unanswerable_subject": "如图,在Rt△ABC中,∠B=90°,AB=6,将△ABC沿ED折叠,使点C与点A重合,则△ABE的周长等于()",
    "unanswerable_eng_subject": "As shown in the figure, in Rt△ABC, ∠B = 90.0, AB = 6.0. Fold △ABC along ED to make point C coincide with point A, then the perimeter of △ABE is equal to ()",
    "choices": [
        "14",
        "12",
        "10",
        "15"
    ],
    "label": 0,
    "formal_point": [
        "勾股定理"
    ],
    "answer": "在直角△ABC中,BC=√{AC²-AB²}=√{10²-6²}=8cm∵AE=EC,∴△ABE的周长=AB+BE+AE=AB+BE+EC=AB+BC=6+8=14(cm).故选A.",
    "numbers": [
        90.0,
        6.0,
        10.0
    ]
}