{
    "question": "Jeffrey has $137.00. Does he have enough to buy a tarantula and a bearded dragon?",
    "choices": [
        "yes",
        "no"
    ],
    "answer": "yes",
    "unit": null,
    "table_title": null,
    "table": "chinchilla | $57.27\nhedgehog | $95.34\ncockatoo | $11.44\ntarantula | $42.77\nbearded dragon | $89.45\npot-bellied pig | $70.74",
    "table_for_pd": {
        "Column 1": [
            "chinchilla",
            "hedgehog",
            "cockatoo",
            "tarantula",
            "bearded dragon",
            "pot-bellied pig"
        ],
        "Column 2": [
            "$57.27",
            "$95.34",
            "$11.44",
            "$42.77",
            "$89.45",
            "$70.74"
        ]
    },
    "row_num": 6,
    "column_num": 2,
    "solution": "Add the price of a tarantula and the price of a bearded dragon:\n\n$42.77 + $89.45 = $132.22\n\n$132.22 is less than $137.00. Jeffrey does have enough money.",
    "ques_type": "multi_choice",
    "ans_type": "boolean_text",
    "grade": 5,
    "split": "test"
}