{
    "question": "Some friends played a trivia game and recorded their scores. Who had the highest score?",
    "choices": [
        "Tamir",
        "Dillon",
        "Luna",
        "Wayne"
    ],
    "answer": "Luna",
    "unit": null,
    "table_title": "Trivia game scores",
    "table": "Name | Score\nTamir | 81\nDillon | 82\nLuna | 87\nWayne | 86",
    "table_for_pd": {
        "Name": [
            "Tamir",
            "Dillon",
            "Luna",
            "Wayne"
        ],
        "Score": [
            "81",
            "82",
            "87",
            "86"
        ]
    },
    "row_num": 5,
    "column_num": 2,
    "solution": "Find the greatest number in the table. Remember to compare the numbers starting with the highest place value. The greatest number is 87.\n\nNow find the corresponding name. Luna corresponds to 87.",
    "ques_type": "multi_choice",
    "ans_type": "extractive_text",
    "grade": 2,
    "split": "test"
}