{
    "question": "Ben went on a camping trip and logged the number of miles he hiked each day. On which day did Ben hike the most miles?",
    "choices": [
        "Thursday",
        "Friday",
        "Saturday",
        "Sunday"
    ],
    "answer": "Sunday",
    "unit": null,
    "table_title": "Miles hiked",
    "table": "Day | Number of miles\nThursday | 12\nFriday | 14\nSaturday | 17\nSunday | 19",
    "table_for_pd": {
        "Day": [
            "Thursday",
            "Friday",
            "Saturday",
            "Sunday"
        ],
        "Number of miles": [
            "12",
            "14",
            "17",
            "19"
        ]
    },
    "row_num": 5,
    "column_num": 2,
    "solution": "Find the greatest number in the table. Remember to compare the numbers starting with the highest place value. The greatest number is 19.\n\nNow find the corresponding day. Sunday corresponds to 19.",
    "ques_type": "multi_choice",
    "ans_type": "extractive_text",
    "grade": 2,
    "split": "test"
}