{
    "id": 4539,
    "subject": "如图,在△ABC中,M是AC的中点,E是AB上一点,AE=\\frac{1}{4}AB,连接EM并延长,交BC的延长线于D,则\\frac{BC}{CD}=()",
    "eng_subject": "As shown in the figure, in △ABC, M is the midpoint of AC, E is a point on AB, AE=\\frac{1.0}{4.0}AB, connect EM and extend, and it intersects the extended line of BC at D, then \\frac {BC}{CD} = ()",
    "unanswerable_subject": "如图,在△ABC中,E是AB上一点,AE=\\frac{1}{4}AB,连接EM并延长,交BC的延长线于D,则\\frac{BC}{CD}=()",
    "unanswerable_eng_subject": "As shown in the figure, in △ABC, E is a point on AB, AE=\\frac{1.0}{4.0}AB, connect EM and extend, and it intersects the extended line of BC at D, then \\frac {BC}{CD} = ()",
    "choices": [
        "\\frac{1}{2}",
        "2",
        "\\frac{2}{3}",
        "\\frac{3}{2}"
    ],
    "label": 1,
    "formal_point": [
        "相似三角形"
    ],
    "answer": "解:如图,过C点作CP∥AB,交DE于P,∵PC∥AE,∴△AEM∽△CPM,∴\\frac{PC}{AE}=\\frac{CM}{AM},∵M是AC的中点,∴AM=CM,∴PC=AE,∵AE=\\frac{1}{4}AB,∴CP=\\frac{1}{4}AB,∴CP=\\frac{1}{3}BE,∵CP∥BE,∴△DCP∽△DBE,∴\\frac{CP}{BE}=\\frac{CD}{BD}=\\frac{1}{3},∴BD=3CD,∴BC=2CD,即\\frac{BC}{CD}=2．故选:B．",
    "numbers": [
        1.0,
        4.0
    ]
}