{
    "question": "Elizabeth has $6.00. Does she have enough to buy a yellow pepper and a watermelon?",
    "choices": [
        "yes",
        "no"
    ],
    "answer": "yes",
    "unit": null,
    "table_title": null,
    "table": "red pepper | $1.01\nwatermelon | $4.28\ncucumber | $1.24\nyellow pepper | $1.35",
    "table_for_pd": {
        "Column 1": [
            "red pepper",
            "watermelon",
            "cucumber",
            "yellow pepper"
        ],
        "Column 2": [
            "$1.01",
            "$4.28",
            "$1.24",
            "$1.35"
        ]
    },
    "row_num": 4,
    "column_num": 2,
    "solution": "Add the price of a yellow pepper and the price of a watermelon:\n\n$1.35 + $4.28 = $5.63\n\n$5.63 is less than $6.00. Elizabeth does have enough money.",
    "ques_type": "multi_choice",
    "ans_type": "boolean_text",
    "grade": 8,
    "split": "test"
}