{
    "id": 2545,
    "subject": "如图,在Rt△ABC中,∠C=90°,AC=4,BC=3,则sinB的值等于()",
    "eng_subject": "As shown in the figure, in Rt△ABC, ∠C = 90.0, AC = 4.0, BC = 3.0, then the value of sinB is equal to ()",
    "unanswerable_subject": "如图,在Rt△ABC中,∠C=90°,AC=4,则sinB的值等于()",
    "unanswerable_eng_subject": "As shown in the figure, in Rt△ABC, ∠C = 90.0, AC = 4.0, then the value of sinB is equal to ()",
    "choices": [
        "\\frac{4}{3}",
        "\\frac{3}{4}",
        "\\frac{4}{5}",
        "\\frac{3}{5}"
    ],
    "label": 2,
    "formal_point": [
        "三角函数",
        "直角三角形"
    ],
    "answer": "解:在Rt△ABC中,由勾股定理,得\nAB=√{AC^{2}+BC^{2}}=5．\nsinB=\\frac{AC}{AB}=\\frac{4}{5},\n故选:C．",
    "numbers": [
        90.0,
        4.0,
        3.0
    ]
}