{
    "question": "Tara has $110. Does she have enough to buy a cockatoo and a pot-bellied pig?",
    "choices": [
        "yes",
        "no"
    ],
    "answer": "no",
    "unit": null,
    "table_title": null,
    "table": "bearded dragon | $36\nhedgehog | $79\ncockatoo | $89\npot-bellied pig | $25",
    "table_for_pd": {
        "Column 1": [
            "bearded dragon",
            "hedgehog",
            "cockatoo",
            "pot-bellied pig"
        ],
        "Column 2": [
            "$36",
            "$79",
            "$89",
            "$25"
        ]
    },
    "row_num": 4,
    "column_num": 2,
    "solution": "Add the price of a cockatoo and the price of a pot-bellied pig:\n\n$89 + $25 = $114\n\n$114 is more than $110. Tara does not have enough money.",
    "ques_type": "multi_choice",
    "ans_type": "boolean_text",
    "grade": 3,
    "split": "test"
}