{
    "question": "Look at the table. Then answer the question. At a price of $835, is there a shortage or a surplus?",
    "choices": [
        "shortage",
        "surplus"
    ],
    "answer": "shortage",
    "unit": null,
    "table_title": null,
    "table": "Price | Quantity demanded | Quantity supplied\n$765 | 23,900 | 4,400\n$835 | 23,600 | 8,100\n$905 | 23,300 | 11,800\n$975 | 23,000 | 15,500\n$1,045 | 22,700 | 19,200",
    "table_for_pd": {
        "Price": [
            "$765",
            "$835",
            "$905",
            "$975",
            "$1,045"
        ],
        "Quantity demanded": [
            "23,900",
            "23,600",
            "23,300",
            "23,000",
            "22,700"
        ],
        "Quantity supplied": [
            "4,400",
            "8,100",
            "11,800",
            "15,500",
            "19,200"
        ]
    },
    "row_num": 6,
    "column_num": 3,
    "solution": "At the price of $835, the quantity demanded is greater than the quantity supplied. There is not enough of the good or service for sale at that price. So, there is a shortage.\n",
    "ques_type": "multi_choice",
    "ans_type": "boolean_text",
    "grade": 5,
    "split": "test"
}