{
    "id": 3324,
    "subject": "如图,点A,B,C,P在⊙O上,CD⊥OA,CE⊥OB,垂足分别为D,E,∠DCE=36°,则∠P的度数为()",
    "eng_subject": "As shown in the figure, the points A, B, C, and P are on ⊙O, CD ⊥ OA, CE ⊥ OB, and the feet of perpendicular are D, E, ∠DCE = 36.0, then the degree of ∠P is ()",
    "unanswerable_subject": "如图,点A,B,P在⊙O上,CD⊥OA,CE⊥OB,垂足分别为D,E,∠DCE=36°,则∠P的度数为()",
    "unanswerable_eng_subject": "As shown in the figure, the points A, B, and P are on ⊙O, CD ⊥ OA, CE ⊥ OB, and the feet of perpendicular are D, E, ∠DCE = 36.0, then the degree of ∠P is ()",
    "choices": [
        "144°",
        "72°",
        "60°",
        "36°"
    ],
    "label": 1,
    "formal_point": [
        "圆周角",
        "垂径定理",
        "圆心角"
    ],
    "answer": "解:∵CD⊥OA,CE⊥OB,垂足分别为D,E,∠DCE=36°,∴∠DOE=180°-36°=144°,∴∠P=\\frac{1}{2}∠DOE=72°．\n故选:B．",
    "numbers": [
        36.0
    ]
}