{
    "id": 26,
    "subject": "如图,在平地上种植树木时,要求株距(相邻两树间的水平距离)为4m．如果在坡度为0.75的山坡上种树,也要求株距为4m,那么相邻两树间的坡面距离为()",
    "eng_subject": "As shown in the figure, when planting trees on flat ground, the plant spacing (the horizontal distance between two adjacent trees) is required to be 4.0. If trees are planted on a hillside with a slope of 0.75, and the plant spacing is also required to be 4.0, then the slope distance between two adjacent trees is ()",
    "unanswerable_subject": "如图,在平地上种植树木时,要求株距(相邻两树间的水平距离)为4m．如果在山坡上种树,也要求株距为4m,那么相邻两树间的坡面距离为()",
    "unanswerable_eng_subject": "As shown in the figure, when planting trees on flat ground, the plant spacing (the horizontal distance between two adjacent trees) is required to be 4.0. If trees are planted on a hillside, and the plant spacing is also required to be 4.0, then the slope distance between two adjacent trees is ()",
    "choices": [
        "5m",
        "6m",
        "7m",
        "8m"
    ],
    "label": 0,
    "formal_point": [
        "直角三角形",
        "距离"
    ],
    "answer": "tan\\alpha=0.5=\\frac{铅直高度}{水平距离}=\\frac{AC}{AB}∵AB=4m,∴AC=0.75×4=3m由勾股定理知:面相邻两株数间的坡面距离BC=√{AB²+AC²}=√{4²+3²}=5m故选A.",
    "numbers": [
        4.0,
        0.75,
        4.0
    ]
}