{
    "question": "For an economics project, Celine determined the cost of ferry rides for bicycles and cars. Which charges more for a bicycle, the Seattle-Bremerton ferry or the Southport-Fort Fisher ferry?",
    "choices": [
        "Southport-Fort Fisher",
        "Seattle-Bremerton"
    ],
    "answer": "Seattle-Bremerton",
    "unit": null,
    "table_title": "Ferry fares",
    "table": "Ferry | Car | Bicycle\nMukilteu-Clinton | $7 | $5\nFauntleroy-Vashon | $15 | $5\nSeattle-Bremerton | $12 | $8\nSouthport-Fort Fisher | $5 | $2",
    "table_for_pd": {
        "Ferry": [
            "Mukilteu-Clinton",
            "Fauntleroy-Vashon",
            "Seattle-Bremerton",
            "Southport-Fort Fisher"
        ],
        "Car": [
            "$7",
            "$15",
            "$12",
            "$5"
        ],
        "Bicycle": [
            "$5",
            "$5",
            "$8",
            "$2"
        ]
    },
    "row_num": 5,
    "column_num": 3,
    "solution": "Find the Bicycle column. Compare the numbers in this column for Seattle-Bremerton and Southport-Fort Fisher.\n\n$8.00 is more than $2.00. The Seattle-Bremerton ferry charges more for a bicycle.",
    "ques_type": "multi_choice",
    "ans_type": "extractive_text",
    "grade": 4,
    "split": "test"
}