{
    "id": 1128,
    "subject": "如图,O是直线AB上一点,∠1=40°,OD平分∠BOC,则∠2的度数是()",
    "eng_subject": "As shown in the figure, O is a point on the straight line AB, ∠1 = 40.0, OD bisects ∠BOC, then the degree of ∠2 is ()",
    "unanswerable_subject": "如图,O是直线AB上一点,∠1=40°,则∠2的度数是()",
    "unanswerable_eng_subject": "As shown in the figure, O is a point on the straight line AB, ∠1 = 40.0, then the degree of ∠2 is ()",
    "choices": [
        "20°",
        "30°",
        "50°",
        "70°"
    ],
    "label": 3,
    "formal_point": [
        "角平分线"
    ],
    "answer": "∵∠1=40°,∴∠COB=180°-40°=140°.OD平分∠BOC,∴∠2=\\frac{1}{2}∠BOC=\\frac{1}{2}×140^{°}=70^{°}故选:D.",
    "numbers": [
        40.0
    ]
}