{
    "id": 2420,
    "subject": "如图,要在一块△ABC的纸片上截取正方形DEFG模型．其中,G、F在BC边上,D、E分别在AB、AC边上,AH⊥BC交DE于M,若BC=12cm,AH=8cm,则正方形DEFG的边长是()",
    "eng_subject": "As shown in the figure, a square DEFG model should be cut on a piece of △ABC paper. Among them, G and F are on BC, D and E are on AB and AC respectively, AH ⊥ BC and it intersects DE at M, if BC = 12.0, AH = 8.0, then the edge length of the square DEFG is ()",
    "unanswerable_subject": "如图,要在一块△ABC的纸片上截取正方形DEFG模型．其中,G、F在BC边上,D、E分别在AB、AC边上,AH⊥BC交DE于M,若BC=12cm则正方形DEFG的边长是()",
    "unanswerable_eng_subject": "As shown in the figure, a square DEFG model should be cut on a piece of △ABC paper. Among them, G and F are on BC, D and E are on AB and AC respectively, AH ⊥ BC and it intersects DE at M, if BC = 12.0, then the edge length of the square DEFG is ()",
    "choices": [
        "\\frac{24}{5}cm",
        "4cm",
        "\\frac{24}{7}cm",
        "5cm"
    ],
    "label": 0,
    "formal_point": [
        "相似三角形",
        "正方形"
    ],
    "answer": "解:假设正方形边长为x厘米,\n在△ABC中可得:\\frac{DE}{BC}=\\frac{AM}{AH},∵BC=12cm,BC边上的高为8cm,∴AH=8cm,DE=xcm,AM=(8-x)cm代入上式得:\\frac{x}{12}=\\frac{8-x}{8},\n解得:x=4.8cm．∴正方形的边长是4.8cm．\n故选:A．",
    "numbers": [
        12.0,
        8.0
    ]
}