{
    "id": 996,
    "subject": "如图,在Rt△ABC中,∠BAC=90°,将△ABC绕点A顺时针旋转90°后得到△AB′C′(点B的对应点是点B′,点C的对应点是点C′),连接CC′,若∠CC′B′=33°,则∠B的大小是()",
    "eng_subject": "As shown in the figure, in Rt△ABC, ∠BAC = 90.0, rotate △ABC clockwise around point A by 90.0 to obtain △AB′C′ (the corresponding point of point B is point B′, and the corresponding point of point C is point C ′), connect CC′, if ∠CC′B′ = 33.0, then the size of ∠B is ()",
    "unanswerable_subject": "如图,在Rt△ABC中,∠BAC=90°,将△ABC绕点A顺时针旋转90°后得到△AB′C′(点B的对应点是点B′,点C的对应点是点C′),连接CC′,则∠B的大小是()",
    "unanswerable_eng_subject": "As shown in the figure, in Rt△ABC, ∠BAC = 90.0, rotate △ABC clockwise around point A by 90.0 to obtain △AB′C′ (the corresponding point of point B is point B′, and the corresponding point of point C is point C ′), connect CC′, then the size of ∠B is ()",
    "choices": [
        "33°",
        "45°",
        "57°",
        "78°"
    ],
    "label": 3,
    "formal_point": [
        "旋转",
        "等腰三角形"
    ],
    "answer": "∵将△ABC绕点A顺时针旋转90°后得到△AB'C'∴AC=AC',∠CAC'=90°,∠AB'C'=∠B∴∠ACC'=45°∵∠AB'C'=∠ACC'+∠CC'B'∴∠AB'C=45°+33°=78°∴∠B=78°故选D.",
    "numbers": [
        90.0,
        90.0,
        33.0
    ]
}