{
    "id": 869,
    "subject": "已知如图,在⊙O中,OA⊥OB,∠A=35°,则弧CD的度数为()",
    "eng_subject": "As shown in the figure, in ⊙O, OA ⊥ OB, ∠A = 35.0, then the degree of arc CD is ()",
    "unanswerable_subject": "已知如图,在⊙O中,∠A=35°,则弧CD的度数为()",
    "unanswerable_eng_subject": "As shown in the figure, in ⊙O, ∠A = 35.0, then the degree of arc CD is ()",
    "choices": [
        "20°",
        "25°",
        "30°",
        "35°"
    ],
    "label": 0,
    "formal_point": [
        "三角形内角和",
        "等腰三角形",
        "圆心角"
    ],
    "answer": "解:连接OC,∵OA⊥OB,∴∠AOB=90°,∵∠A=35°,∴∠OBC=∠OCB=55°,∴OB=OC,∴∠OBC=∠OCB=55°,∴∠COB=70°,∴弧CD的度数为20°,故选:A.",
    "numbers": [
        35.0
    ]
}