{
    "question": "Jackson has $9,489.00. Does he have enough to buy a European vacation package and a Jamaican vacation package?",
    "choices": [
        "yes",
        "no"
    ],
    "answer": "yes",
    "unit": null,
    "table_title": null,
    "table": "Hawaiian vacation package | $4,866.00\nJamaican vacation package | $2,625.00\nAustralian vacation package | $3,635.00\nCaribbean vacation package | $1,398.00\nAfrican safari vacation package | $4,371.00\nEuropean vacation package | $6,510.00",
    "table_for_pd": {
        "Column 1": [
            "Hawaiian vacation package",
            "Jamaican vacation package",
            "Australian vacation package",
            "Caribbean vacation package",
            "African safari vacation package",
            "European vacation package"
        ],
        "Column 2": [
            "$4,866.00",
            "$2,625.00",
            "$3,635.00",
            "$1,398.00",
            "$4,371.00",
            "$6,510.00"
        ]
    },
    "row_num": 6,
    "column_num": 2,
    "solution": "Add the price of a European vacation package and the price of a Jamaican vacation package:\n\n$6,510.00 + $2,625.00 = $9,135.00\n\n$9,135.00 is less than $9,489.00. Jackson does have enough money.",
    "ques_type": "multi_choice",
    "ans_type": "boolean_text",
    "grade": 8,
    "split": "test"
}