{
    "id": 4369,
    "subject": "如图,P是⊙O的直径AB延长线上一点,PC切⊙O于C,∠P=50°,∠A为()",
    "eng_subject": "As shown in the figure, P is a point on the AB extended line of the diameter of ⊙O, PC is tangent to ⊙O at C, ∠P = 50.0, ∠A is ()",
    "unanswerable_subject": "如图,P是⊙O的直径AB延长线上一点,PC切⊙O于C,∠A为()",
    "unanswerable_eng_subject": "As shown in the figure, P is a point on the AB extended line of the diameter of ⊙O, PC is tangent to ⊙O at C, ∠A is ()",
    "choices": [
        "40°",
        "35°",
        "25°",
        "20°"
    ],
    "label": 3,
    "formal_point": [
        "切线",
        "等腰三角形"
    ],
    "answer": "解:连接OP,∵CP为圆O的切线,∴OC⊥CP,在Rt△OPC中,∠P=50°,∴∠POC=40°,∵OA=OC,∴∠A=∠OCA,∵∠POC为△AOC的外角,∴∠A=\\frac{1}{2}∠POC=20°．故选:D．",
    "numbers": [
        50.0
    ]
}