{
    "question": "Look at the following schedule. When does Mr. Dyer's class begin?",
    "choices": [
        "2:50 P.M.",
        "11:25 A.M.",
        "3:45 P.M.",
        "1:55 P.M."
    ],
    "answer": "1:55 P.M.",
    "unit": null,
    "table_title": "Library schedule",
    "table": "Class | Begin | End\nMs. Clark's class | 7:55 A.M. | 8:30 A.M.\nMr. Watson's class | 8:35 A.M. | 9:40 A.M.\nMs. Cooper's class | 10:00 A.M. | 10:25 A.M.\nMr. Dotson's class | 10:35 A.M. | 11:25 A.M.\nMr. O'Connor's class | 11:45 A.M. | 12:35 P.M.\nMs. Pena's class | 12:55 P.M. | 1:50 P.M.\nMr. Dyer's class | 1:55 P.M. | 2:50 P.M.\nMr. Arnold's class | 3:05 P.M. | 3:40 P.M.\nMrs. Powell's class | 3:45 P.M. | 4:10 P.M.",
    "table_for_pd": {
        "Class": [
            "Ms. Clark's class",
            "Mr. Watson's class",
            "Ms. Cooper's class",
            "Mr. Dotson's class",
            "Mr. O'Connor's class",
            "Ms. Pena's class",
            "Mr. Dyer's class",
            "Mr. Arnold's class",
            "Mrs. Powell's class"
        ],
        "Begin": [
            "7:55 A.M.",
            "8:35 A.M.",
            "10:00 A.M.",
            "10:35 A.M.",
            "11:45 A.M.",
            "12:55 P.M.",
            "1:55 P.M.",
            "3:05 P.M.",
            "3:45 P.M."
        ],
        "End": [
            "8:30 A.M.",
            "9:40 A.M.",
            "10:25 A.M.",
            "11:25 A.M.",
            "12:35 P.M.",
            "1:50 P.M.",
            "2:50 P.M.",
            "3:40 P.M.",
            "4:10 P.M."
        ]
    },
    "row_num": 10,
    "column_num": 3,
    "solution": "Find Mr. Dyer's class on the schedule. Find the beginning time for Mr. Dyer's class.\n\nMr. Dyer's class: 1:55 P. M.",
    "ques_type": "multi_choice",
    "ans_type": "extractive_text",
    "grade": 3,
    "split": "test"
}