{
    "id": 359,
    "subject": "如图:AB∥DE,∠B=30°,∠C=110°,∠D的度数为()",
    "eng_subject": "As shown in the figure: AB ∥ DE, ∠B = 30.0, ∠C = 110.0, the degree of ∠D is ()",
    "unanswerable_subject": "如图:AB∥DE,∠C=110°,∠D的度数为()",
    "unanswerable_eng_subject": "As shown in the figure: AB ∥ DE, ∠C = 110.0, the degree of ∠D is ()",
    "choices": [
        "115°",
        "120°",
        "100°",
        "80°"
    ],
    "label": 2,
    "formal_point": [
        "平行线"
    ],
    "answer": "试题解析:过点C作CF//AB,∵AB//DE,∴AB//DE//CF,∵∠B=30°,∴∠1=30°,∵∠C=110°,∴∠2=80°,∴∠D=180°∠2=180°-80°=100°.故选C.",
    "numbers": [
        30.0,
        110.0
    ]
}