{
    "id": 5609,
    "subject": "已知水平放置的圆柱形排水管道,管道截面半径是1m,若水面高0.2m．则排水管道截面的水面宽度为()",
    "eng_subject": "It is known that for a horizontally placed cylindrical drainage pipe, the radius of the pipe section is 1.0, if the water surface is high 0.2. Then the width of the water surface of the drainage pipe section is ()",
    "unanswerable_subject": "已知水平放置的圆柱形排水管道,管道截面半径是1m．则排水管道截面的水面宽度为()",
    "unanswerable_eng_subject": "It is known that for a horizontally placed cylindrical drainage pipe, the radius of the pipe section is 1.0. Then the width of the water surface of the drainage pipe section is ()",
    "choices": [
        "0.6m",
        "0.8m",
        "1.2m",
        "1.6m"
    ],
    "label": 2,
    "formal_point": [
        "勾股定理",
        "垂径定理"
    ],
    "answer": "解:作OC⊥AB于C,交⊙O于D,连接OB,如图所示:则AB=2BC,∠OCB=90°,OB=OD=1m,CD=0.2m,∴OC=OD-CD=0.8m,∴BC=√{0B^{2}-0c^{2}}=√{1^{2}-0.8^{2}}=0.6(m),∴AB=2AC=1.2m,∴排水管道截面的水面宽度为1.2m,故选:C．",
    "numbers": [
        1.0,
        0.2
    ]
}