{
    "id": 1191,
    "subject": "已知直线a∥b,∠1和∠2互余,∠3=121°,那么∠4等于()",
    "eng_subject": "Given that the straight line a ∥ b, ∠1 and ∠2 are mutually complementary, ∠3 = 121.0, then ∠4 is equal to ()",
    "unanswerable_subject": "已知直线a∥b,∠3=121°,那么∠4等于()",
    "unanswerable_eng_subject": "Given that the straight line a ∥ b, ∠3 = 121.0, then ∠4 is equal to ()",
    "choices": [
        "159°",
        "149°",
        "139°",
        "21°"
    ],
    "label": 1,
    "formal_point": [
        "直角三角形",
        "平行线",
        "邻补角",
        "对顶角"
    ],
    "answer": "如图:∵a∥b,∴∠2+∠5=180°,∵∠3=∠5=121°,∴∠2=59°,∵∠2和∠1互余,∴∠1=90°59°=31°,∵a∥b,∴∠1+∠4=180°,∴∠4=149°,故选B",
    "numbers": [
        121.0
    ]
}