{
    "id": 4920,
    "subject": "如图,BC=\\frac{1}{2}AB,D为AC的中点,若DC=3,则AB的长是()",
    "eng_subject": "As shown in the figure, BC=\\frac{1.0}{2.0}AB, D is the midpoint of AC, if DC = 3.0, then the length of AB is ()",
    "unanswerable_subject": "如图,BC=\\frac{1}{2}AB,若DC=3,则AB的长是()",
    "unanswerable_eng_subject": "As shown in the figure, BC=\\frac{1.0}{2.0}AB, if DC = 3.0, then the length of AB is ()",
    "choices": [
        "3",
        "4",
        "5",
        "6"
    ],
    "label": 1,
    "formal_point": [
        "距离"
    ],
    "answer": "【解答】解:∵D为AC的中点,DC=3,∴AC=2DC=2×3=6,∵BC=\\frac{1}{2}AB,∴AB=\\frac{2}{3}AC=\\frac{2}{3}×6=4,",
    "numbers": [
        1.0,
        2.0,
        3.0
    ]
}