{
    "question": "A food industry researcher compiled the revenues of several pizzerias. Which restaurant made the most from pepperoni pizza sales?",
    "choices": [
        "Taste of New York",
        "Pizzas Only",
        "The Big Cheese"
    ],
    "answer": "The Big Cheese",
    "unit": null,
    "table_title": "Pizza sales",
    "table": "Restaurant | Pepperoni pizzas | Supreme pizzas\nThe Big Cheese | $16 | $17\nTaste of New York | $7 | $18\nPizzas Only | $7 | $10",
    "table_for_pd": {
        "Restaurant": [
            "The Big Cheese",
            "Taste of New York",
            "Pizzas Only"
        ],
        "Pepperoni pizzas": [
            "$16",
            "$7",
            "$7"
        ],
        "Supreme pizzas": [
            "$17",
            "$18",
            "$10"
        ]
    },
    "row_num": 4,
    "column_num": 3,
    "solution": "Look at the numbers in the Pepperoni pizzas column. Find the greatest number in this column.\n\nThe greatest number is $16.00, which is in the The Big Cheese row. The Big Cheese made the most from pepperoni pizza sales.",
    "ques_type": "multi_choice",
    "ans_type": "extractive_text",
    "grade": 5,
    "split": "test"
}