{
    "id": 9798,
    "subject": "如图,AB是⊙O的直径,CD是⊙O的一条弦,且CD⊥AB于E,分别连接AD、BC,已知∠D=65°,则∠OCD=()",
    "eng_subject": "As shown in the figure, AB is the diameter of ⊙O, CD is a chord of ⊙O, and CD ⊥ AB at E, respectively connect AD and BC, it is known that ∠D = 65.0, then ∠OCD = ()",
    "unanswerable_subject": "如图,AB是⊙O的直径,CD是⊙O的一条弦,分别连接AD、BC,已知∠D=65°,则∠OCD=()",
    "unanswerable_eng_subject": "As shown in the figure, AB is the diameter of ⊙O, CD is a chord of ⊙O, respectively connect AD and BC, it is known that ∠D = 65.0, then ∠OCD = ()",
    "choices": [
        "30°",
        "35°",
        "40°",
        "45°"
    ],
    "label": 2,
    "formal_point": [
        "圆周角",
        "直角三角形",
        "等腰三角形",
        "垂径定理"
    ],
    "answer": "解:∵∠B=∠D=65°,CD⊥AB,∴∠BCE=90°-65°=25°,∵OB=OC,∴∠OCB=∠B=65°,∴∠OCD=65°-25°=40°．故选:C．",
    "numbers": [
        65.0
    ]
}