{
    "id": 4687,
    "subject": "如图,在△ABC中,D,E分别是AB和AC上的点,满足AD=3,AE=2,EC=1,DE∥BC,则AB=()",
    "eng_subject": "As shown in the figure, in △ABC, D and E are points on AB and AC respectively, which satisfy AD = 3.0, AE = 2.0, EC = 1.0, DE ∥ BC, then AB = ()",
    "unanswerable_subject": "如图,在△ABC中,D,E分别是AB和AC上的点,满足AD=3,AE=2,DE∥BC,则AB=()",
    "unanswerable_eng_subject": "As shown in the figure, in △ABC, D and E are points on AB and AC respectively, which satisfy AD = 3.0, AE = 2.0, DE ∥ BC, then AB = ()",
    "choices": [
        "6",
        "4.5",
        "2",
        "1.5"
    ],
    "label": 1,
    "formal_point": [
        "平行线",
        "平行线分线段成比例"
    ],
    "answer": "解:∵DE∥BC,∴\\frac{AD}{DB}=\\frac{AE}{EC},∵AD=3,AE=2,EC=1,∴\\frac{3}{DB}=\\frac{2}{1},∴DB=\\frac{3}{2}=1.5,∴AB=AD+DB=3+1.5=4.5,故选:B．",
    "numbers": [
        3.0,
        2.0,
        1.0
    ]
}