{
    "question": "Look at this table. Is this relation a function?",
    "choices": [
        "yes",
        "no"
    ],
    "answer": "no",
    "unit": null,
    "table_title": null,
    "table": "x | y\n0 | 3\n0 | 5\n14 | 9",
    "table_for_pd": {
        "x": [
            "0",
            "0",
            "14"
        ],
        "y": [
            "3",
            "5",
            "9"
        ]
    },
    "row_num": 4,
    "column_num": 2,
    "solution": "Look at the x-values in the table.\n\nThe x-value 0 is paired with multiple y-values, so the relation is not a function.",
    "ques_type": "multi_choice",
    "ans_type": "boolean_text",
    "grade": 8,
    "split": "test"
}