{
    "id": 7926,
    "subject": "如图,在△ABC中,D、E分别是AB、AC上的点,且DE∥BC,若AD=5,DB=3,DE=4,则BC等于()",
    "eng_subject": "As shown in the figure, in △ABC, D and E are points on AB and AC respectively, and DE ∥ BC, if AD = 5.0, DB = 3.0, DE = 4.0, then BC is equal to ()",
    "unanswerable_subject": "如图,在△ABC中,D、E分别是AB、AC上的点,若AD=5,DB=3,DE=4,则BC等于()",
    "unanswerable_eng_subject": "As shown in the figure, in △ABC, D and E are points on AB and AC respectively, if AD = 5.0, DB = 3.0, DE = 4.0, then BC is equal to ()",
    "choices": [
        "\\frac{12}{5}",
        "\\frac{15}{4}",
        "\\frac{20}{3}",
        "\\frac{32}{5}"
    ],
    "label": 3,
    "formal_point": [
        "相似三角形"
    ],
    "answer": "解:∵DE∥BC,∴△ADE∽△ABC,∴\\frac{AD}{AB}=\\frac{DE}{BC},∵AD=5,DB=3,DE=4,∴AB=AD+DB=8,∴BC=\\frac{AB\\cdotDE}{AD}=\\frac{32}{5}．故选:D．",
    "numbers": [
        5.0,
        3.0,
        4.0
    ]
}